Year,Team,Name,Salary,nameFirst,nameLast,cleanFirst,cleanLast,playerID
2011,ARI,Kelly Johnson,5850000,Kelly,Johnson,kelly,johnson,johnske01
2011,ARI,Joe Saunders,5500000,Joe,Saunders,joe,saunders,saundjo01
2011,ARI,Chris Young,5200000,Chris,Young,chris,young,youngch01
2011,ARI,Stephen Drew,4650000,Stephen,Drew,stephen,drew,drewst01
2011,ARI,Justin Upton,4458333,Justin,Upton,justin,upton,uptonju01
2011,ARI,J. J. Putz,4000000,J. J.,Putz,jj,putz,putzjj01
2011,ARI,Zach Duke,3500000,Zach,Duke,zach,duke,dukeza01
2011,ARI,Miguel Montero,3200000,Miguel,Montero,miguel,montero,montemi01
2011,ARI,Melvin Mora,2350000,Melvin,Mora,melvin,mora,morame01
2011,ARI,Armando Galarraga,2300000,Armando,Galarraga,armando,galarraga,galarar01
2011,ARI,Aaron Heilman,2000000,Aaron,Heilman,aaron,heilman,heilmaa01
2011,ARI,Xavier Nady,1750000,Xavier,Nady,xavier,nady,nadya01
2011,ARI,Geoff Blum,1350000,Geoff,Blum,geoff,blum,blumge01
2011,ARI,Henry Blanco,1000000,Henry,Blanco,henry,blanco,blanche01
2011,ARI,Russell Branyan,1000000,Russell,Branyan,russell,branyan,branyru01
2011,ARI,Willie Bloomquist,900000,Willie,Bloomquist,willie,bloomquist,bloomwi01
2011,ARI,J. C. Gutierrez,430500,J. C.,Gutierrez,jc,gutierrez,gutiejc01
2011,ARI,Gerardo Parra,426000,Gerardo,Parra,gerardo,parra,parrage01
2011,ARI,David Hernandez,423500,David,Hernandez,david,hernandez,hernada01
2011,ARI,Ryan Roberts,423500,Ryan,Roberts,ryan,roberts,roberry01
2011,ARI,Ian Kennedy,423000,Ian,Kennedy,ian,kennedy,kenneia01
2011,ARI,Juan Miranda,420000,Juan,Miranda,juan,miranda,miranju01
2011,ARI,Daniel Hudson,419000,Daniel,Hudson,daniel,hudson,hudsoda01
2011,ARI,Barry Enright,418000,Barry,Enright,barry,enright,enrigba01
2011,ARI,Sam Demel,417000,Sam,Demel,sam,demel,demelsa01
2011,ARI,Kam Mickolio,417000,Kam,Mickolio,kam,mickolio,mickoka01
2011,ARI,Joe Paterson,414000,Joe,Paterson,joe,paterson,paterjo01
2012,ARI,Stephen Drew,7750000,Stephen,Drew,stephen,drew,drewst01
2012,ARI,Jason Kubel,7500000,Jason,Kubel,jason,kubel,kubelja01
2012,ARI,Chris Young,7200000,Chris,Young,chris,young,youngch01
2012,ARI,Justin Upton,6958333,Justin,Upton,justin,upton,uptonju01
2012,ARI,Joe Saunders,6000000,Joe,Saunders,joe,saunders,saundjo01
2012,ARI,Miguel Montero,5900000,Miguel,Montero,miguel,montero,montemi01
2012,ARI,Aaron Hill,5500000,Aaron,Hill,aaron,hill,hillaa01
2012,ARI,J. J. Putz,4500000,J. J.,Putz,jj,putz,putzjj01
2012,ARI,Trevor Cahill,3700000,Trevor,Cahill,trevor,cahill,cahiltr01
2012,ARI,Ryan Roberts,2012500,Ryan,Roberts,ryan,roberts,roberry01
2012,ARI,Willie Bloomquist,1900000,Willie,Bloomquist,willie,bloomquist,bloomwi01
2012,ARI,Craig Breslow,1795000,Craig,Breslow,craig,breslow,breslcr01
2012,ARI,Brad Ziegler,1795000,Brad,Ziegler,brad,ziegler,zieglbr01
2012,ARI,Takashi Saito,1750000,Takashi,Saito,takashi,saito,saitota01
2012,ARI,John McDonald,1500000,John,McDonald,john,mcdonald,mcdonjo01
2012,ARI,Geoff Blum,1350000,Geoff,Blum,geoff,blum,blumge01
2012,ARI,Henry Blanco,1250000,Henry,Blanco,henry,blanco,blanche01
2012,ARI,Lyle Overbay,1000000,Lyle,Overbay,lyle,overbay,overbly01
2012,ARI,Ian Kennedy,519500,Ian,Kennedy,ian,kennedy,kenneia01
2012,ARI,Daniel Hudson,504000,Daniel,Hudson,daniel,hudson,hudsoda01
2012,ARI,Gerardo Parra,502000,Gerardo,Parra,gerardo,parra,parrage01
2012,ARI,David Hernandez,499000,David,Hernandez,david,hernandez,hernada01
2012,ARI,Joe Paterson,487500,Joe,Paterson,joe,paterson,paterjo01
2012,ARI,Josh Collmenter,486000,Josh,Collmenter,josh,collmenter,collmjo01
2012,ARI,Bryan Shaw,483000,Bryan,Shaw,bryan,shaw,shawbr01
2012,ARI,Paul Goldschmidt,482000,Paul,Goldschmidt,paul,goldschmidt,goldspa01
2012,ARI,Wade Miley,481000,Wade,Miley,wade,miley,mileywa01
2013,ARI,Heath Bell,10000000,Heath,Bell,heath,bell,bellhe01
2013,ARI,Miguel Montero,10000000,Miguel,Montero,miguel,montero,montemi01
2013,ARI,Jason Kubel,7500000,Jason,Kubel,jason,kubel,kubelja01
2013,ARI,Martin Prado,7000000,Martin,Prado,martin,prado,pradoma01
2013,ARI,J. J. Putz,6500000,J. J.,Putz,jj,putz,putzjj01
2013,ARI,Cody Ross,6000000,Cody,Ross,cody,ross,rossco01
2013,ARI,Trevor Cahill,5700000,Trevor,Cahill,trevor,cahill,cahiltr01
2013,ARI,Aaron Hill,5500000,Aaron,Hill,aaron,hill,hillaa01
2013,ARI,Brandon McCarthy,5250000,Brandon,McCarthy,brandon,mccarthy,mccarbr01
2013,ARI,Ian Kennedy,4265000,Ian,Kennedy,ian,kennedy,kenneia01
2013,ARI,Brad Ziegler,3150000,Brad,Ziegler,brad,ziegler,zieglbr01
2013,ARI,Eric Chavez,3000000,Eric,Chavez,eric,chavez,chaveer01
2013,ARI,Gerardo Parra,2350000,Gerardo,Parra,gerardo,parra,parrage01
2013,ARI,Willie Bloomquist,1900000,Willie,Bloomquist,willie,bloomquist,bloomwi01
2013,ARI,Cliff Pennington,1750000,Cliff,Pennington,cliff,pennington,pennicl01
2013,ARI,David Hernandez,1375000,David,Hernandez,david,hernandez,hernada01
2013,ARI,Eric Hinske,1350000,Eric,Hinske,eric,hinske,hinsker01
2013,ARI,Tony Sipp,1275000,Tony,Sipp,tony,sipp,sippto01
2013,ARI,Wil Nieves,800000,Wil,Nieves,wil,nieves,nievewi01
2013,ARI,Matt Reynolds,505500,Matt,Reynolds,matt,reynolds,reynoma01
2013,ARI,Josh Collmenter,504000,Josh,Collmenter,josh,collmenter,collmjo01
2013,ARI,Wade Miley,500500,Wade,Miley,wade,miley,mileywa01
2013,ARI,Paul Goldschmidt,500000,Paul,Goldschmidt,paul,goldschmidt,goldspa01
2013,ARI,Tony Campana,497500,Tony,Campana,tony,campana,campato01
2013,ARI,Joe Paterson,497500,Joe,Paterson,joe,paterson,paterjo01
2013,ARI,Randall Delgado,495000,Randall,Delgado,randall,delgado,delgara01
2013,ARI,Patrick Corbin,494000,Patrick,Corbin,patrick,corbin,corbipa01
2013,ARI,Adam Eaton,491000,Adam,Eaton,adam,eaton,eatonad01
2013,ARI,Didi Gregorius,491000,Didi,Gregorius,didi,gregorius,gregodi01
2013,ARI,AJ Pollock,491000,AJ,Pollock,aj,pollock,polloaj01
2014,ARI,Aaron Hill,11000000,Aaron,Hill,aaron,hill,hillaa01
2014,ARI,Martin Prado,11000000,Martin,Prado,martin,prado,pradoma01
2014,ARI,Miguel Montero,10000000,Miguel,Montero,miguel,montero,montemi01
2014,ARI,Bronson Arroyo,9500000,Bronson,Arroyo,bronson,arroyo,arroybr01
2014,ARI,Cody Ross,9500000,Cody,Ross,cody,ross,rossco01
2014,ARI,Trevor Cahill,7700000,Trevor,Cahill,trevor,cahill,cahiltr01
2014,ARI,J. J. Putz,7000000,J. J.,Putz,jj,putz,putzjj01
2014,ARI,Gerardo Parra,4850000,Gerardo,Parra,gerardo,parra,parrage01
2014,ARI,Mark Trumbo,4800000,Mark,Trumbo,mark,trumbo,trumbma01
2014,ARI,Brad Ziegler,4500000,Brad,Ziegler,brad,ziegler,zieglbr01
2014,ARI,Eric Chavez,3500000,Eric,Chavez,eric,chavez,chaveer01
2014,ARI,Cliff Pennington,3250000,Cliff,Pennington,cliff,pennington,pennicl01
2014,ARI,Joe Thatcher,2375000,Joe,Thatcher,joe,thatcher,thatcjo01
2014,ARI,Oliver Perez,1750000,Oliver,Perez,oliver,perez,perezol01
2014,ARI,Paul Goldschmidt,1100000,Paul,Goldschmidt,paul,goldschmidt,goldspa01
2014,ARI,Josh Collmenter,925000,Josh,Collmenter,josh,collmenter,collmjo01
2014,ARI,Addison Reed,538500,Addison,Reed,addison,reed,reedad01
2014,ARI,Wade Miley,523500,Wade,Miley,wade,miley,mileywa01
2014,ARI,Randall Delgado,510000,Randall,Delgado,randall,delgado,delgara01
2014,ARI,Will Harris,510000,Will,Harris,will,harris,harriwi01
2014,ARI,Tony Campana,509500,Tony,Campana,tony,campana,campato01
2014,ARI,AJ Pollock,507000,AJ,Pollock,aj,pollock,polloaj01
2014,ARI,Didi Gregorius,506500,Didi,Gregorius,didi,gregorius,gregodi01
2014,ARI,Vidal Nuno,504500,Vidal,Nuno,vidal,nuno,nunovi01
2014,ARI,Tuffy Gosewisch,502000,Tuffy,Gosewisch,tuffy,gosewisch,gosewtu01
2014,ARI,Chris Owings,500000,Chris,Owings,chris,owings,owingch01
2015,ARI,Aaron Hill,12000000,Aaron,Hill,aaron,hill,hillaa01
2015,ARI,Mark Trumbo,6900000,Mark,Trumbo,mark,trumbo,trumbma01
2015,ARI,Yasmany Tomas,5500000,Yasmany,Tomas,yasmany,tomas,tomasya01
2015,ARI,Brad Ziegler,5000000,Brad,Ziegler,brad,ziegler,zieglbr01
2015,ARI,Addison Reed,4875000,Addison,Reed,addison,reed,reedad01
2015,ARI,Jeremy Hellickson,4275000,Jeremy,Hellickson,jeremy,hellickson,hellije01
2015,ARI,Cliff Pennington,3275000,Cliff,Pennington,cliff,pennington,pennicl01
2015,ARI,Paul Goldschmidt,3100000,Paul,Goldschmidt,paul,goldschmidt,goldspa01
2015,ARI,Oliver Perez,2500000,Oliver,Perez,oliver,perez,perezol01
2015,ARI,David Hernandez,2000000,David,Hernandez,david,hernandez,hernada01
2015,ARI,Josh Collmenter,1400000,Josh,Collmenter,josh,collmenter,collmjo01
2015,ARI,David Peralta,1024000,David,Peralta,david,peralta,peralda01
2015,ARI,Gerald Laird,1000000,Gerald,Laird,gerald,laird,lairdge01
2015,ARI,Jordan Pacheco,900000,Jordan,Pacheco,jordan,pacheco,pachejo01
2015,ARI,Daniel Hudson,800000,Daniel,Hudson,daniel,hudson,hudsoda01
2015,ARI,Matt Reynolds,600000,Matt,Reynolds,matt,reynolds,reynoma01
2015,ARI,Randall Delgado,526000,Randall,Delgado,randall,delgado,delgara01
2015,ARI,Patrick Corbin,524000,Patrick,Corbin,patrick,corbin,corbipa01
2015,ARI,AJ Pollock,519500,AJ,Pollock,aj,pollock,polloaj01
2015,ARI,Rubby De La Rosa,516000,Rubby De La,Rosa,rubbydela,rosa,rosaru01
2015,ARI,Tuffy Gosewisch,514500,Tuffy,Gosewisch,tuffy,gosewisch,gosewtu01
2015,ARI,Ender Inciarte,513000,Ender,Inciarte,ender,inciarte,inciaen01
2015,ARI,Chase Anderson,512500,Chase,Anderson,chase,anderson,anderch01
2015,ARI,Chris Owings,512500,Chris,Owings,chris,owings,owingch01
2015,ARI,Evan Marshall,512000,Evan,Marshall,evan,marshall,marshev01
2015,ARI,Matt Stites,510500,Matt,Stites,matt,stites,stitema01
2015,ARI,Nick Ahmed,508500,Nick,Ahmed,nick,ahmed,ahmedni01
2015,ARI,Jake Lamb,508500,Jake,Lamb,jake,lamb,lambja01
2015,ARI,Andrew Chafin,507500,Andrew,Chafin,andrew,chafin,chafian01
2016,ARI,Zack Greinke,31799030,Zack,Greinke,zack,greinke,greinza01
2016,ARI,Yasmany Tomas,7500000,Yasmany,Tomas,yasmany,tomas,tomasya01
2016,ARI,Tyler Clippard,6100000,Tyler,Clippard,tyler,clippard,clippty01
2016,ARI,Paul Goldschmidt,5833333,Paul,Goldschmidt,paul,goldschmidt,goldspa01
2016,ARI,Brad Ziegler,5500000,Brad,Ziegler,brad,ziegler,zieglbr01
2016,ARI,Shelby Miller,4350000,Shelby,Miller,shelby,miller,millesh01
2016,ARI,Welington Castillo,3700000,Welington,Castillo,welington,castillo,castiwe01
2016,ARI,AJ Pollock,3500000,AJ,Pollock,aj,pollock,polloaj01
2016,ARI,Daniel Hudson,2700000,Daniel,Hudson,daniel,hudson,hudsoda01
2016,ARI,Jean Segura,2600000,Jean,Segura,jean,segura,segurje01
2016,ARI,Patrick Corbin,2525000,Patrick,Corbin,patrick,corbin,corbipa01
2016,ARI,Rubby De La Rosa,2350000,Rubby De La,Rosa,rubbydela,rosa,rosaru01
2016,ARI,Rickie Weeks,1500000,Rickie,Weeks,rickie,weeks,weeksri01
2016,ARI,Randall Delgado,1275000,Randall,Delgado,randall,delgado,delgara01
2016,ARI,Chris Owings,530500,Chris,Owings,chris,owings,owingch01
2016,ARI,David Peralta,529600,David,Peralta,david,peralta,peralda01
2016,ARI,Nick Ahmed,521600,Nick,Ahmed,nick,ahmed,ahmedni01
2016,ARI,Robbie Ray,521000,Robbie,Ray,robbie,ray,rayro01
2016,ARI,Jake Lamb,520300,Jake,Lamb,jake,lamb,lambja01
2016,ARI,Andrew Chafin,519700,Andrew,Chafin,andrew,chafin,chafian01
2016,ARI,Chris Herrmann,515900,Chris,Herrmann,chris,herrmann,herrmch01
2016,ARI,Philip Gosselin,513900,Philip,Gosselin,philip,gosselin,gosseph01
2016,ARI,Silvino Bracho,509300,Silvino,Bracho,silvino,bracho,brachsi01
2016,ARI,Brandon Drury,508900,Brandon,Drury,brandon,drury,drurybr01
2016,ARI,Socrates Brito,508500,Socrates,Brito,socrates,brito,britoso01
2016,ARI,Jake Barrett,507500,Jake,Barrett,jake,barrett,barreja01
2011,ATL,Derek Lowe,15000000,Derek,Lowe,derek,lowe,lowede01
2011,ATL,Chipper Jones,14000000,Chipper,Jones,chipper,jones,jonesch01
2011,ATL,Dan Uggla,9146942,Dan,Uggla,dan,uggla,ugglada01
2011,ATL,Tim Hudson,9000000,Tim,Hudson,tim,hudson,hudsoti01
2011,ATL,Nate McLouth,7000000,Nate,McLouth,nate,mclouth,mclouna01
2011,ATL,Brian McCann,6700000,Brian,McCann,brian,mccann,mccanbr01
2011,ATL,Scott Linebrink,5500000,Scott,Linebrink,scott,linebrink,linebsc01
2011,ATL,Jair Jurrjens,3250000,Jair,Jurrjens,jair,jurrjens,jurrjja01
2011,ATL,Martin Prado,3100000,Martin,Prado,martin,prado,pradoma01
2011,ATL,Alex Gonzalez,2500000,Alex,Gonzalez,alex,gonzalez,gonzaal01
2011,ATL,Peter Moylan,2000000,Peter,Moylan,peter,moylan,moylape01
2011,ATL,David Ross,1625000,David,Ross,david,ross,rossda01
2011,ATL,Eric Hinske,1350000,Eric,Hinske,eric,hinske,hinsker01
2011,ATL,George Sherrill,1200000,George,Sherrill,george,sherrill,sherrge01
2011,ATL,Eric O'Flaherty,895000,Eric,O'Flaherty,eric,oflaherty,oflaher01
2011,ATL,Jason Heyward,496500,Jason,Heyward,jason,heyward,heywaja01
2011,ATL,Tommy Hanson,456500,Tommy,Hanson,tommy,hanson,hansoto01
2011,ATL,Kris Medlen,429500,Kris,Medlen,kris,medlen,medlekr01
2011,ATL,Jonny Venters,429500,Jonny,Venters,jonny,venters,ventejo01
2011,ATL,Brooks Conrad,427250,Brooks,Conrad,brooks,conrad,conrabr01
2011,ATL,Craig Kimbrel,419000,Craig,Kimbrel,craig,kimbrel,kimbrcr01
2011,ATL,Cristhian Martinez,419000,Cristhian,Martinez,cristhian,martinez,marticr01
2011,ATL,Brandon Beachy,416500,Brandon,Beachy,brandon,beachy,beachbr01
2011,ATL,Freddie Freeman,414000,Freddie,Freeman,freddie,freeman,freemfr01
2011,ATL,Brandon Hicks,414000,Brandon,Hicks,brandon,hicks,hicksbr01
2011,ATL,Matt Young,414000,Matt,Young,matt,young,youngma01
2012,ATL,Chipper Jones,14000000,Chipper,Jones,chipper,jones,jonesch01
2012,ATL,Dan Uggla,13146942,Dan,Uggla,dan,uggla,ugglada01
2012,ATL,Brian McCann,11500000,Brian,McCann,brian,mccann,mccanbr01
2012,ATL,Tim Hudson,9000000,Tim,Hudson,tim,hudson,hudsoti01
2012,ATL,Michael Bourn,6845000,Michael,Bourn,michael,bourn,bournmi01
2012,ATL,Jair Jurrjens,5500000,Jair,Jurrjens,jair,jurrjens,jurrjja01
2012,ATL,Martin Prado,4750000,Martin,Prado,martin,prado,pradoma01
2012,ATL,Eric O'Flaherty,2490000,Eric,O'Flaherty,eric,oflaherty,oflaher01
2012,ATL,Matt Diaz,2125000,Matt,Diaz,matt,diaz,diazma01
2012,ATL,David Ross,1625000,David,Ross,david,ross,rossda01
2012,ATL,Eric Hinske,1600000,Eric,Hinske,eric,hinske,hinsker01
2012,ATL,Jack Wilson,1000000,Jack,Wilson,jack,wilson,wilsoja04
2012,ATL,Chad Durbin,900000,Chad,Durbin,chad,durbin,durbich01
2012,ATL,Livan Hernandez,750000,Livan,Hernandez,livan,hernandez,hernali01
2012,ATL,Craig Kimbrel,590000,Craig,Kimbrel,craig,kimbrel,kimbrcr01
2012,ATL,Jason Heyward,565000,Jason,Heyward,jason,heyward,heywaja01
2012,ATL,Freddie Freeman,535000,Freddie,Freeman,freddie,freeman,freemfr01
2012,ATL,Tommy Hanson,535000,Tommy,Hanson,tommy,hanson,hansoto01
2012,ATL,Jonny Venters,533000,Jonny,Venters,jonny,venters,ventejo01
2012,ATL,Brandon Beachy,495000,Brandon,Beachy,brandon,beachy,beachbr01
2012,ATL,Cristhian Martinez,491250,Cristhian,Martinez,cristhian,martinez,marticr01
2012,ATL,Kris Medlen,490000,Kris,Medlen,kris,medlen,medlekr01
2012,ATL,Mike Minor,482500,Mike,Minor,mike,minor,minormi01
2012,ATL,Anthony Varvaro,481250,Anthony,Varvaro,anthony,varvaro,varvaan01
2012,ATL,Jose Constanza,480000,Jose,Constanza,jose,constanza,constjo01
2012,ATL,Randall Delgado,480000,Randall,Delgado,randall,delgado,delgara01
2012,ATL,Juan Francisco,480000,Juan,Francisco,juan,francisco,francju01
2012,ATL,Tyler Pastornicky,480000,Tyler,Pastornicky,tyler,pastornicky,pastoty01
2012,ATL,Arodys Vizcaino,480000,Arodys,Vizcaino,arodys,vizcaino,vizcaar01
2013,ATL,Dan Uggla,13146942,Dan,Uggla,dan,uggla,ugglada01
2013,ATL,B. J. Upton,13050000,B. J.,Upton,bj,upton,uptonbj01
2013,ATL,Brian McCann,12000000,Brian,McCann,brian,mccann,mccanbr01
2013,ATL,Justin Upton,9958333,Justin,Upton,justin,upton,uptonju01
2013,ATL,Tim Hudson,9000000,Tim,Hudson,tim,hudson,hudsoti01
2013,ATL,Paul Maholm,6500000,Paul,Maholm,paul,maholm,maholpa01
2013,ATL,Eric O'Flaherty,4320000,Eric,O'Flaherty,eric,oflaherty,oflaher01
2013,ATL,Jason Heyward,3650000,Jason,Heyward,jason,heyward,heywaja01
2013,ATL,Kris Medlen,2600000,Kris,Medlen,kris,medlen,medlekr01
2013,ATL,Chris Johnson,2287500,Chris,Johnson,chris,johnson,johnsch01
2013,ATL,Reed Johnson,1600000,Reed,Johnson,reed,johnson,johnsre01
2013,ATL,Gerald Laird,1500000,Gerald,Laird,gerald,laird,lairdge01
2013,ATL,Cristhian Martinez,749750,Cristhian,Martinez,cristhian,martinez,marticr01
2013,ATL,Paul Janish,725000,Paul,Janish,paul,janish,janispa01
2013,ATL,Craig Kimbrel,655000,Craig,Kimbrel,craig,kimbrel,kimbrcr01
2013,ATL,Freddie Freeman,560000,Freddie,Freeman,freddie,freeman,freemfr01
2013,ATL,Ramiro Pena,550000,Ramiro,Pena,ramiro,pena,penara01
2013,ATL,Jordan Walden,541500,Jordan,Walden,jordan,walden,waldejo01
2013,ATL,Jordan Schafer,512500,Jordan,Schafer,jordan,schafer,schafjo01
2013,ATL,Brandon Beachy,510000,Brandon,Beachy,brandon,beachy,beachbr01
2013,ATL,Mike Minor,505000,Mike,Minor,mike,minor,minormi01
2013,ATL,Juan Francisco,496250,Juan,Francisco,juan,francisco,francju01
2013,ATL,Luis Avilan,491250,Luis,Avilan,luis,avilan,avilalu01
2013,ATL,Cory Gearrin,491250,Cory,Gearrin,cory,gearrin,gearrco01
2013,ATL,Andrelton Simmons,491250,Andrelton,Simmons,andrelton,simmons,simmoan01
2013,ATL,Julio Teheran,490000,Julio,Teheran,julio,teheran,teherju01
2013,ATL,Anthony Varvaro,490000,Anthony,Varvaro,anthony,varvaro,varvaan01
2014,ATL,Justin Upton,14250000,Justin,Upton,justin,upton,uptonju01
2014,ATL,Ervin Santana,14100000,Ervin,Santana,ervin,santana,santaer01
2014,ATL,B. J. Upton,13450000,B. J.,Upton,bj,upton,uptonbj01
2014,ATL,Dan Uggla,13000000,Dan,Uggla,dan,uggla,ugglada01
2014,ATL,Craig Kimbrel,7000000,Craig,Kimbrel,craig,kimbrel,kimbrcr01
2014,ATL,Freddie Freeman,5125000,Freddie,Freeman,freddie,freeman,freemfr01
2014,ATL,Chris Johnson,4750000,Chris,Johnson,chris,johnson,johnsch01
2014,ATL,Jason Heyward,4500000,Jason,Heyward,jason,heyward,heywaja01
2014,ATL,Gavin Floyd,4000000,Gavin,Floyd,gavin,floyd,floydga01
2014,ATL,Mike Minor,3850000,Mike,Minor,mike,minor,minormi01
2014,ATL,Ryan Doumit,3500000,Ryan,Doumit,ryan,doumit,doumiry01
2014,ATL,Gerald Laird,1500000,Gerald,Laird,gerald,laird,lairdge01
2014,ATL,Jordan Walden,1490000,Jordan,Walden,jordan,walden,waldejo01
2014,ATL,Aaron Harang,1000000,Aaron,Harang,aaron,harang,haranaa01
2014,ATL,Andrelton Simmons,1000000,Andrelton,Simmons,andrelton,simmons,simmoan01
2014,ATL,Julio Teheran,800000,Julio,Teheran,julio,teheran,teherju01
2014,ATL,Ramiro Pena,700000,Ramiro,Pena,ramiro,pena,penara01
2014,ATL,David Carpenter,532500,David,Carpenter,david,carpenter,carpeda01
2014,ATL,Evan Gattis,520250,Evan,Gattis,evan,gattis,gattiev01
2014,ATL,Luis Avilan,517500,Luis,Avilan,luis,avilan,avilalu01
2014,ATL,Anthony Varvaro,515000,Anthony,Varvaro,anthony,varvaro,varvaan01
2014,ATL,Alex Wood,506250,Alex,Wood,alex,wood,woodal01
2014,ATL,David Hale,502500,David,Hale,david,hale,haleda01
2014,ATL,Tyler Pastornicky,500000,Tyler,Pastornicky,tyler,pastornicky,pastoty01
2015,ATL,Trevor Cahill,12000000,Trevor,Cahill,trevor,cahill,cahiltr01
2015,ATL,Nick Markakis,11000000,Nick,Markakis,nick,markakis,markani01
2015,ATL,Freddie Freeman,8500000,Freddie,Freeman,freddie,freeman,freemfr01
2015,ATL,Cameron Maybin,7000000,Cameron,Maybin,cameron,maybin,maybica01
2015,ATL,Chris Johnson,6000000,Chris,Johnson,chris,johnson,johnsch01
2015,ATL,Jason Grilli,4250000,Jason,Grilli,jason,grilli,grillja01
2015,ATL,Jonny Gomes,4000000,Jonny,Gomes,jonny,gomes,gomesjo01
2015,ATL,Alberto Callaspo,3000000,Alberto,Callaspo,alberto,callaspo,callaal01
2015,ATL,Andrelton Simmons,3000000,Andrelton,Simmons,andrelton,simmons,simmoan01
2015,ATL,A. J. Pierzynski,2000000,A. J.,Pierzynski,aj,pierzynski,pierzaj01
2015,ATL,Jim Johnson,1600000,Jim,Johnson,jim,johnson,johnsji01
2015,ATL,Kelly Johnson,1500000,Kelly,Johnson,kelly,johnson,johnske01
2015,ATL,David Carpenter,1300000,David,Carpenter,david,carpenter,carpeda01
2015,ATL,Julio Teheran,1000000,Julio,Teheran,julio,teheran,teherju01
2015,ATL,Eric Young,1000000,Eric,Young,eric,young,younger01
2015,ATL,Shelby Miller,535000,Shelby,Miller,shelby,miller,millesh01
2015,ATL,Luis Avilan,530000,Luis,Avilan,luis,avilan,avilalu01
2015,ATL,Alex Wood,520000,Alex,Wood,alex,wood,woodal01
2015,ATL,Mike Foltynewicz,508750,Mike,Foltynewicz,mike,foltynewicz,foltymi01
2015,ATL,Christian Bethancourt,507500,Christian,Bethancourt,christian,bethancourt,bethach01
2015,ATL,Todd Cunningham,507500,Todd,Cunningham,todd,cunningham,cunnito01
2015,ATL,Philip Gosselin,507500,Philip,Gosselin,philip,gosselin,gosseph01
2015,ATL,Jace Peterson,507500,Jace,Peterson,jace,peterson,peterja01
2015,ATL,Joey Terdoslavich,507500,Joey,Terdoslavich,joey,terdoslavich,terdojo01
2016,ATL,Freddie Freeman,12359375,Freddie,Freeman,freddie,freeman,freemfr01
2016,ATL,Nick Markakis,11000000,Nick,Markakis,nick,markakis,markani01
2016,ATL,Erick Aybar,8500000,Erick,Aybar,erick,aybar,aybarer01
2016,ATL,Hector Olivera,4000000,Hector,Olivera,hector,olivera,olivehe01
2016,ATL,Jason Grilli,3625000,Jason,Grilli,jason,grilli,grillja01
2016,ATL,Julio Teheran,3466666,Julio,Teheran,julio,teheran,teherju01
2016,ATL,A. J. Pierzynski,3000000,A. J.,Pierzynski,aj,pierzynski,pierzaj01
2016,ATL,Jim Johnson,2500000,Jim,Johnson,jim,johnson,johnsji01
2016,ATL,Bud Norris,2500000,Bud,Norris,bud,norris,norribu01
2016,ATL,Tyler Flowers,2000000,Tyler,Flowers,tyler,flowers,flowety01
2016,ATL,Kelly Johnson,2000000,Kelly,Johnson,kelly,johnson,johnske01
2016,ATL,Alexi Ogando,2000000,Alexi,Ogando,alexi,ogando,ogandal01
2016,ATL,Eric O'Flaherty,1750000,Eric,O'Flaherty,eric,oflaherty,oflaher01
2016,ATL,Gordon Beckham,1250000,Gordon,Beckham,gordon,beckham,beckhgo01
2016,ATL,Jeff Francoeur,1000000,Jeff,Francoeur,jeff,francoeur,francje01
2016,ATL,Arodys Vizcaino,897500,Arodys,Vizcaino,arodys,vizcaino,vizcaar01
2016,ATL,Ender Inciarte,523000,Ender,Inciarte,ender,inciarte,inciaen01
2016,ATL,Jace Peterson,520500,Jace,Peterson,jace,peterson,peterja01
2016,ATL,Paco Rodriguez,520500,Paco,Rodriguez,paco,rodriguez,rodripa01
2016,ATL,Andrew McKirahan,511750,Andrew,McKirahan,andrew,mckirahan,mckiran01
2016,ATL,Williams Perez,511250,Williams,Perez,williams,perez,perezwi01
2016,ATL,Adonis Garcia,508750,Adonis,Garcia,adonis,garcia,garciad02
2016,ATL,Dan Winkler,508500,Dan,Winkler,dan,winkler,winklda01
2016,ATL,Shae Simmons,508000,Shae,Simmons,shae,simmons,simmosh01
2016,ATL,Manny Banuelos,507500,Manny,Banuelos,manny,banuelos,banuema01
2016,ATL,John Gant,507500,John,Gant,john,gant,gantjo01
2016,ATL,Jose Ramirez,507500,Jose,Ramirez,jose,ramirez,ramirjo01
2016,ATL,Drew Stubbs,507500,Drew,Stubbs,drew,stubbs,stubbdr01
2016,ATL,Matt Wisler,507500,Matt,Wisler,matt,wisler,wislema01
2011,BAL,Nick Markakis,10600000,Nick,Markakis,nick,markakis,markani01
2011,BAL,Brian Roberts,10000000,Brian,Roberts,brian,roberts,roberbr01
2011,BAL,Vladimir Guerrero,7611455,Vladimir,Guerrero,vladimir,guerrero,guerrvl02
2011,BAL,Derrek Lee,7250000,Derrek,Lee,derrek,lee,leede01
2011,BAL,Luke Scott,6400000,Luke,Scott,luke,scott,scottlu01
2011,BAL,Mike Gonzalez,6000000,Mike,Gonzalez,mike,gonzalez,gonzami01
2011,BAL,J. J. Hardy,5850000,J. J.,Hardy,jj,hardy,hardyjj01
2011,BAL,Jeremy Guthrie,5750000,Jeremy,Guthrie,jeremy,guthrie,guthrje01
2011,BAL,Mark Reynolds,5333333,Mark,Reynolds,mark,reynolds,reynoma01
2011,BAL,Kevin Gregg,4200000,Kevin,Gregg,kevin,gregg,greggke01
2011,BAL,Adam Jones,3250000,Adam,Jones,adam,jones,jonesad01
2011,BAL,Koji Uehara,3000000,Koji,Uehara,koji,uehara,ueharko01
2011,BAL,Cesar Izturis,1500000,Cesar,Izturis,cesar,izturis,izturce01
2011,BAL,Brian Matusz,1350000,Brian,Matusz,brian,matusz,matusbr01
2011,BAL,Jeremy Accardo,1080000,Jeremy,Accardo,jeremy,accardo,accarje01
2011,BAL,Felix Pie,985000,Felix,Pie,felix,pie,piefe01
2011,BAL,Jim Johnson,975000,Jim,Johnson,jim,johnson,johnsji01
2011,BAL,Justin Duchscherer,700000,Justin,Duchscherer,justin,duchscherer,duchsju01
2011,BAL,Josh Rupe,475000,Josh,Rupe,josh,rupe,rupejo01
2011,BAL,Matt Wieters,452250,Matt,Wieters,matt,wieters,wietema01
2011,BAL,Brad Bergesen,434000,Brad,Bergesen,brad,bergesen,bergebr01
2011,BAL,Jason Berken,426500,Jason,Berken,jason,berken,berkeja01
2011,BAL,Jake Fox,424000,Jake,Fox,jake,fox,foja01
2011,BAL,Robert Andino,421500,Robert,Andino,robert,andino,andinro01
2011,BAL,Jake Arrieta,419000,Jake,Arrieta,jake,arrieta,arrieja01
2011,BAL,Chris Tillman,417000,Chris,Tillman,chris,tillman,tillmch01
2012,BAL,Nick Markakis,12350000,Nick,Markakis,nick,markakis,markani01
2012,BAL,Brian Roberts,10000000,Brian,Roberts,brian,roberts,roberbr01
2012,BAL,Mark Reynolds,7833333,Mark,Reynolds,mark,reynolds,reynoma01
2012,BAL,J. J. Hardy,7416666,J. J.,Hardy,jj,hardy,hardyjj01
2012,BAL,Adam Jones,6150000,Adam,Jones,adam,jones,jonesad01
2012,BAL,Kevin Gregg,5200000,Kevin,Gregg,kevin,gregg,greggke01
2012,BAL,Jason Hammel,4750000,Jason,Hammel,jason,hammel,hammeja01
2012,BAL,Matt Lindstrom,3600000,Matt,Lindstrom,matt,lindstrom,lindsma01
2012,BAL,Wei-Yin Chen,3072000,Wei-Yin,Chen,weiyin,chen,chenwe01
2012,BAL,Jim Johnson,2625000,Jim,Johnson,jim,johnson,johnsji01
2012,BAL,Endy Chavez,1500000,Endy,Chavez,endy,chavez,chaveen01
2012,BAL,Brian Matusz,1450000,Brian,Matusz,brian,matusz,matusbr01
2012,BAL,Darren O'Day,1350000,Darren,O'Day,darren,oday,odayda01
2012,BAL,Robert Andino,1300000,Robert,Andino,robert,andino,andinro01
2012,BAL,Wilson Betemit,1250000,Wilson,Betemit,wilson,betemit,betemwi01
2012,BAL,Ronny Paulino,1000000,Ronny,Paulino,ronny,paulino,pauliro01
2012,BAL,Luis Ayala,825000,Luis,Ayala,luis,ayala,ayalalu01
2012,BAL,Nick Johnson,800000,Nick,Johnson,nick,johnson,johnsni01
2012,BAL,Matt Wieters,500000,Matt,Wieters,matt,wieters,wietema01
2012,BAL,Tommy Hunter,493500,Tommy,Hunter,tommy,hunter,hunteto01
2012,BAL,Nolan Reimold,490500,Nolan,Reimold,nolan,reimold,reimono01
2012,BAL,Taylor Teagarden,489500,Taylor,Teagarden,taylor,teagarden,teagata01
2012,BAL,Jake Arrieta,488500,Jake,Arrieta,jake,arrieta,arrieja01
2012,BAL,Chris Davis,488000,Chris,Davis,chris,davis,davisch01
2012,BAL,Zack Britton,486000,Zack,Britton,zack,britton,brittza01
2012,BAL,Troy Patton,483500,Troy,Patton,troy,patton,pattotr01
2012,BAL,Pedro Strop,482500,Pedro,Strop,pedro,strop,stroppe01
2012,BAL,Ryan Flaherty,480000,Ryan,Flaherty,ryan,flaherty,flahery01
2013,BAL,Nick Markakis,15350000,Nick,Markakis,nick,markakis,markani01
2013,BAL,Brian Roberts,10000000,Brian,Roberts,brian,roberts,roberbr01
2013,BAL,Adam Jones,8833333,Adam,Jones,adam,jones,jonesad01
2013,BAL,J. J. Hardy,7416667,J. J.,Hardy,jj,hardy,hardyjj01
2013,BAL,Jason Hammel,6750000,Jason,Hammel,jason,hammel,hammeja01
2013,BAL,Jim Johnson,6500000,Jim,Johnson,jim,johnson,johnsji01
2013,BAL,Matt Wieters,5500000,Matt,Wieters,matt,wieters,wietema01
2013,BAL,Wei-Yin Chen,3655333,Wei-Yin,Chen,weiyin,chen,chenwe01
2013,BAL,Chris Davis,3300000,Chris,Davis,chris,davis,davisch01
2013,BAL,Darren O'Day,2200000,Darren,O'Day,darren,oday,odayda01
2013,BAL,Wilson Betemit,2000000,Wilson,Betemit,wilson,betemit,betemwi01
2013,BAL,Nate McLouth,2000000,Nate,McLouth,nate,mclouth,mclouna01
2013,BAL,Tommy Hunter,1820000,Tommy,Hunter,tommy,hunter,hunteto01
2013,BAL,Brian Matusz,1600000,Brian,Matusz,brian,matusz,matusbr01
2013,BAL,Luis Ayala,1000000,Luis,Ayala,luis,ayala,ayalalu01
2013,BAL,Nolan Reimold,1000000,Nolan,Reimold,nolan,reimold,reimono01
2013,BAL,Troy Patton,815000,Troy,Patton,troy,patton,pattotr01
2013,BAL,Taylor Teagarden,650000,Taylor,Teagarden,taylor,teagarden,teagata01
2013,BAL,Jake Arrieta,516500,Jake,Arrieta,jake,arrieta,arrieja01
2013,BAL,Chris Tillman,508500,Chris,Tillman,chris,tillman,tillmch01
2013,BAL,Pedro Strop,502500,Pedro,Strop,pedro,strop,stroppe01
2013,BAL,Miguel Gonzalez,502000,Miguel,Gonzalez,miguel,gonzalez,gonzami01
2013,BAL,Steve Johnson,495000,Steve,Johnson,steve,johnson,johnsst01
2013,BAL,Manny Machado,495000,Manny,Machado,manny,machado,machama01
2013,BAL,Ryan Flaherty,493500,Ryan,Flaherty,ryan,flaherty,flahery01
2013,BAL,T. J. McFarland,490000,T. J.,McFarland,tj,mcfarland,mcfartj01
2014,BAL,Nick Markakis,15000000,Nick,Markakis,nick,markakis,markani01
2014,BAL,Adam Jones,13000000,Adam,Jones,adam,jones,jonesad01
2014,BAL,Ubaldo Jimenez,11250000,Ubaldo,Jimenez,ubaldo,jimenez,jimenub01
2014,BAL,Chris Davis,10350000,Chris,Davis,chris,davis,davisch01
2014,BAL,Nelson Cruz,8000000,Nelson,Cruz,nelson,cruz,cruzne01
2014,BAL,Matt Wieters,7700000,Matt,Wieters,matt,wieters,wietema01
2014,BAL,J. J. Hardy,7000000,J. J.,Hardy,jj,hardy,hardyjj01
2014,BAL,Bud Norris,5300000,Bud,Norris,bud,norris,norribu01
2014,BAL,Wei-Yin Chen,4072000,Wei-Yin,Chen,weiyin,chen,chenwe01
2014,BAL,Nick Hundley,4000000,Nick,Hundley,nick,hundley,hundlni01
2014,BAL,Darren O'Day,3200000,Darren,O'Day,darren,oday,odayda01
2014,BAL,Tommy Hunter,3000000,Tommy,Hunter,tommy,hunter,hunteto01
2014,BAL,Brian Matusz,2400000,Brian,Matusz,brian,matusz,matusbr01
2014,BAL,Ryan Webb,1750000,Ryan,Webb,ryan,webb,webbry01
2014,BAL,Steve Pearce,700000,Steve,Pearce,steve,pearce,pearcst01
2014,BAL,Chris Tillman,546000,Chris,Tillman,chris,tillman,tillmch01
2014,BAL,Miguel Gonzalez,529000,Miguel,Gonzalez,miguel,gonzalez,gonzami01
2014,BAL,Zack Britton,521500,Zack,Britton,zack,britton,brittza01
2014,BAL,Manny Machado,519000,Manny,Machado,manny,machado,machama01
2014,BAL,Steve Lombardozzi,517500,Steve,Lombardozzi,steve,lombardozzi,lombast01
2014,BAL,Jemile Weeks,515000,Jemile,Weeks,jemile,weeks,weeksje01
2014,BAL,Ryan Flaherty,512500,Ryan,Flaherty,ryan,flaherty,flahery01
2014,BAL,David Lough,510500,David,Lough,david,lough,loughda01
2014,BAL,Brad Brach,509500,Brad,Brach,brad,brach,brachbr01
2014,BAL,T. J. McFarland,505500,T. J.,McFarland,tj,mcfarland,mcfartj01
2014,BAL,Steve Clevenger,505000,Steve,Clevenger,steve,clevenger,clevest01
2014,BAL,Kevin Gausman,502500,Kevin,Gausman,kevin,gausman,gausmke01
2014,BAL,Jonathan Schoop,500500,Jonathan,Schoop,jonathan,schoop,schoojo01
2015,BAL,Adam Jones,13333333,Adam,Jones,adam,jones,jonesad01
2015,BAL,Ubaldo Jimenez,12250000,Ubaldo,Jimenez,ubaldo,jimenez,jimenub01
2015,BAL,Chris Davis,12000000,Chris,Davis,chris,davis,davisch01
2015,BAL,J. J. Hardy,11500000,J. J.,Hardy,jj,hardy,hardyjj01
2015,BAL,Bud Norris,8800000,Bud,Norris,bud,norris,norribu01
2015,BAL,Matt Wieters,8300000,Matt,Wieters,matt,wieters,wietema01
2015,BAL,Alejandro De Aza,5000000,Alejandro De,Aza,alejandrode,aza,azaal01
2015,BAL,Wei-Yin Chen,4750000,Wei-Yin,Chen,weiyin,chen,chenwe01
2015,BAL,Tommy Hunter,4650000,Tommy,Hunter,tommy,hunter,hunteto01
2015,BAL,Chris Tillman,4315000,Chris,Tillman,chris,tillman,tillmch01
2015,BAL,Darren O'Day,4250000,Darren,O'Day,darren,oday,odayda01
2015,BAL,Steve Pearce,3700000,Steve,Pearce,steve,pearce,pearcst01
2015,BAL,Miguel Gonzalez,3275000,Miguel,Gonzalez,miguel,gonzalez,gonzami01
2015,BAL,Zack Britton,3200000,Zack,Britton,zack,britton,brittza01
2015,BAL,Brian Matusz,3200000,Brian,Matusz,brian,matusz,matusbr01
2015,BAL,Everth Cabrera,2400000,Everth,Cabrera,everth,cabrera,cabreev01
2015,BAL,Delmon Young,2250000,Delmon,Young,delmon,young,youngde01
2015,BAL,Travis Snider,2100000,Travis,Snider,travis,snider,snidetr01
2015,BAL,Ryan Flaherty,1075000,Ryan,Flaherty,ryan,flaherty,flahery01
2015,BAL,Manny Machado,548000,Manny,Machado,manny,machado,machama01
2015,BAL,David Lough,525500,David,Lough,david,lough,loughda01
2015,BAL,Brad Brach,523000,Brad,Brach,brad,brach,brachbr01
2015,BAL,Kevin Gausman,522000,Kevin,Gausman,kevin,gausman,gausmke01
2015,BAL,T. J. McFarland,519000,T. J.,McFarland,tj,mcfarland,mcfartj01
2015,BAL,Caleb Joseph,515000,Caleb,Joseph,caleb,joseph,josepca01
2015,BAL,Jimmy Paredes,515000,Jimmy,Paredes,jimmy,paredes,paredji01
2015,BAL,Jonathan Schoop,515000,Jonathan,Schoop,jonathan,schoop,schoojo01
2015,BAL,Steve Clevenger,514000,Steve,Clevenger,steve,clevenger,clevest01
2016,BAL,Chris Davis,21268890,Chris,Davis,chris,davis,davisch01
2016,BAL,Adam Jones,16329674,Adam,Jones,adam,jones,jonesad01
2016,BAL,Wade Miley,16329674,Wade,Miley,wade,miley,mileywa01
2016,BAL,Matt Wieters,15800000,Matt,Wieters,matt,wieters,wietema01
2016,BAL,Ubaldo Jimenez,12673102,Ubaldo,Jimenez,ubaldo,jimenez,jimenub01
2016,BAL,J. J. Hardy,12209424,J. J.,Hardy,jj,hardy,hardyjj01
2016,BAL,Mark Trumbo,9150000,Mark,Trumbo,mark,trumbo,trumbma01
2016,BAL,Yovani Gallardo,8728776,Yovani,Gallardo,yovani,gallardo,gallayo01
2016,BAL,Zack Britton,6750000,Zack,Britton,zack,britton,brittza01
2016,BAL,Chris Tillman,6225000,Chris,Tillman,chris,tillman,tillmch01
2016,BAL,Darren O'Day,5854712,Darren,O'Day,darren,oday,odayda01
2016,BAL,Pedro Alvarez,5731704,Pedro,Alvarez,pedro,alvarez,alvarpe01
2016,BAL,Manny Machado,5000000,Manny,Machado,manny,machado,machama01
2016,BAL,Brian Matusz,3900000,Brian,Matusz,brian,matusz,matusbr01
2016,BAL,Hyun Soo Kim,2800000,Hyun Soo,Kim,hyunsoo,kim,kimhy01
2016,BAL,Vance Worley,2600000,Vance,Worley,vance,worley,worleva01
2016,BAL,Dylan Bundy,1800000,Dylan,Bundy,dylan,bundy,bundydy01
2016,BAL,Ryan Flaherty,1500000,Ryan,Flaherty,ryan,flaherty,flahery01
2016,BAL,Nolan Reimold,1300000,Nolan,Reimold,nolan,reimold,reimono01
2016,BAL,Brad Brach,1250000,Brad,Brach,brad,brach,brachbr01
2016,BAL,Kevin Gausman,532000,Kevin,Gausman,kevin,gausman,gausmke01
2016,BAL,Caleb Joseph,523500,Caleb,Joseph,caleb,joseph,josepca01
2016,BAL,T. J. McFarland,523500,T. J.,McFarland,tj,mcfarland,mcfartj01
2016,BAL,Jonathan Schoop,522500,Jonathan,Schoop,jonathan,schoop,schoojo01
2016,BAL,Jimmy Paredes,520000,Jimmy,Paredes,jimmy,paredes,paredji01
2016,BAL,Mychal Givens,511500,Mychal,Givens,mychal,givens,givenmy01
2016,BAL,Tyler Wilson,511500,Tyler,Wilson,tyler,wilson,wilsoty01
2016,BAL,Mike Wright,510500,Mike,Wright,mike,wright,wrighmi01
2016,BAL,Joey Rickard,507500,Joey,Rickard,joey,rickard,rickajo01
2011,BOS,Josh Beckett,17000000,Josh,Beckett,josh,beckett,beckejo01
2011,BOS,John Lackey,15950000,John,Lackey,john,lackey,lackejo01
2011,BOS,Carl Crawford,14857142,Carl,Crawford,carl,crawford,crawfca01
2011,BOS,J. D. Drew,14000000,J. D.,Drew,jd,drew,drewjd01
2011,BOS,David Ortiz,12500000,David,Ortiz,david,ortiz,ortizda01
2011,BOS,Kevin Youkilis,12250000,Kevin,Youkilis,kevin,youkilis,youkike01
2011,BOS,Jonathan Papelbon,12000000,Jonathan,Papelbon,jonathan,papelbon,papeljo01
2011,BOS,Daisuke Matsuzaka,10333333,Daisuke,Matsuzaka,daisuke,matsuzaka,matsuda01
2011,BOS,Mike Cameron,7750000,Mike,Cameron,mike,cameron,camermi01
2011,BOS,Adrian Gonzalez,6300000,Adrian,Gonzalez,adrian,gonzalez,gonzaad01
2011,BOS,Bobby Jenks,6000000,Bobby,Jenks,bobby,jenks,jenksbo01
2011,BOS,Jon Lester,5750000,Jon,Lester,jon,lester,lestejo01
2011,BOS,Dustin Pedroia,5750000,Dustin,Pedroia,dustin,pedroia,pedrodu01
2011,BOS,Marco Scutaro,5500000,Marco,Scutaro,marco,scutaro,scutama01
2011,BOS,Dan Wheeler,3000000,Dan,Wheeler,dan,wheeler,wheelda01
2011,BOS,Jacoby Ellsbury,2400000,Jacoby,Ellsbury,jacoby,ellsbury,ellsbja01
2011,BOS,Jason Varitek,2000000,Jason,Varitek,jason,varitek,varitja01
2011,BOS,Tim Wakefield,2000000,Tim,Wakefield,tim,wakefield,wakefti01
2011,BOS,Junichi Tazawa,1500000,Junichi,Tazawa,junichi,tazawa,tazawju01
2011,BOS,Dennys Reyes,900000,Dennys,Reyes,dennys,reyes,reyesde01
2011,BOS,Matt Albers,875000,Matt,Albers,matt,albers,alberma01
2011,BOS,Jarrod Saltalamacchia,750000,Jarrod,Saltalamacchia,jarrod,saltalamacchia,saltaja01
2011,BOS,Clay Buchholz,555000,Clay,Buchholz,clay,buchholz,buchhcl01
2011,BOS,Daniel Bard,505000,Daniel,Bard,daniel,bard,bardda01
2011,BOS,Darnell McDonald,470000,Darnell,McDonald,darnell,mcdonald,mcdonda01
2011,BOS,Jed Lowrie,450000,Jed,Lowrie,jed,lowrie,lowrije01
2011,BOS,Felix Doubront,417000,Felix,Doubront,felix,doubront,doubrfe01
2012,BOS,Adrian Gonzalez,21857142,Adrian,Gonzalez,adrian,gonzalez,gonzaad01
2012,BOS,Carl Crawford,20357142,Carl,Crawford,carl,crawford,crawfca01
2012,BOS,Josh Beckett,17000000,Josh,Beckett,josh,beckett,beckejo01
2012,BOS,John Lackey,15950000,John,Lackey,john,lackey,lackejo01
2012,BOS,David Ortiz,14575000,David,Ortiz,david,ortiz,ortizda01
2012,BOS,Kevin Youkilis,12250000,Kevin,Youkilis,kevin,youkilis,youkike01
2012,BOS,Daisuke Matsuzaka,10333333,Daisuke,Matsuzaka,daisuke,matsuzaka,matsuda01
2012,BOS,Dustin Pedroia,8250000,Dustin,Pedroia,dustin,pedroia,pedrodu01
2012,BOS,Jacoby Ellsbury,8050000,Jacoby,Ellsbury,jacoby,ellsbury,ellsbja01
2012,BOS,Jon Lester,7625000,Jon,Lester,jon,lester,lestejo01
2012,BOS,Bobby Jenks,6000000,Bobby,Jenks,bobby,jenks,jenksbo01
2012,BOS,Andrew Bailey,3900000,Andrew,Bailey,andrew,bailey,bailean01
2012,BOS,Clay Buchholz,3750000,Clay,Buchholz,clay,buchholz,buchhcl01
2012,BOS,Cody Ross,3000000,Cody,Ross,cody,ross,rossco01
2012,BOS,Jarrod Saltalamacchia,2500000,Jarrod,Saltalamacchia,jarrod,saltalamacchia,saltaja01
2012,BOS,Ryan Sweeney,1750000,Ryan,Sweeney,ryan,sweeney,sweenry01
2012,BOS,Daniel Bard,1612500,Daniel,Bard,daniel,bard,bardda01
2012,BOS,Vicente Padilla,1500000,Vicente,Padilla,vicente,padilla,padilvi01
2012,BOS,Nick Punto,1500000,Nick,Punto,nick,punto,puntoni01
2012,BOS,Kelly Shoppach,1350000,Kelly,Shoppach,kelly,shoppach,shoppke01
2012,BOS,Alfredo Aceves,1200000,Alfredo,Aceves,alfredo,aceves,aceveal01
2012,BOS,Mike Aviles,1200000,Mike,Aviles,mike,aviles,avilemi01
2012,BOS,Matt Albers,1075000,Matt,Albers,matt,albers,alberma01
2012,BOS,Andrew Miller,1040000,Andrew,Miller,andrew,miller,millean01
2012,BOS,Franklin Morales,850000,Franklin,Morales,franklin,morales,moralfr01
2012,BOS,Rich Hill,725000,Rich,Hill,rich,hill,hillri01
2012,BOS,Mark Melancon,521000,Mark,Melancon,mark,melancon,melanma01
2012,BOS,Justin Thomas,516000,Justin,Thomas,justin,thomas,thomaju01
2012,BOS,Scott Atchison,510000,Scott,Atchison,scott,atchison,atchisc01
2012,BOS,Darnell McDonald,506500,Darnell,McDonald,darnell,mcdonald,mcdonda01
2012,BOS,Michael Bowden,484000,Michael,Bowden,michael,bowden,bowdemi01
2012,BOS,Felix Doubront,484000,Felix,Doubront,felix,doubront,doubrfe01
2012,BOS,Ryan Kalish,483000,Ryan,Kalish,ryan,kalish,kalisry01
2012,BOS,Chris Carpenter,482000,Chris,Carpenter,chris,carpenter,carpech01
2013,BOS,John Lackey,15950000,John,Lackey,john,lackey,lackejo01
2013,BOS,David Ortiz,14500000,David,Ortiz,david,ortiz,ortizda01
2013,BOS,Ryan Dempster,13250000,Ryan,Dempster,ryan,dempster,dempsry01
2013,BOS,Shane Victorino,13000000,Shane,Victorino,shane,victorino,victosh01
2013,BOS,Jon Lester,11625000,Jon,Lester,jon,lester,lestejo01
2013,BOS,Dustin Pedroia,10250000,Dustin,Pedroia,dustin,pedroia,pedrodu01
2013,BOS,Stephen Drew,9500000,Stephen,Drew,stephen,drew,drewst01
2013,BOS,Jacoby Ellsbury,9000000,Jacoby,Ellsbury,jacoby,ellsbury,ellsbja01
2013,BOS,Joel Hanrahan,7040000,Joel,Hanrahan,joel,hanrahan,hanrajo01
2013,BOS,Clay Buchholz,5750000,Clay,Buchholz,clay,buchholz,buchhcl01
2013,BOS,Jonny Gomes,5000000,Jonny,Gomes,jonny,gomes,gomesjo01
2013,BOS,Mike Napoli,5000000,Mike,Napoli,mike,napoli,napolmi01
2013,BOS,Jarrod Saltalamacchia,4500000,Jarrod,Saltalamacchia,jarrod,saltalamacchia,saltaja01
2013,BOS,Koji Uehara,4250000,Koji,Uehara,koji,uehara,ueharko01
2013,BOS,Andrew Bailey,4100000,Andrew,Bailey,andrew,bailey,bailean01
2013,BOS,David Ross,3100000,David,Ross,david,ross,rossda01
2013,BOS,Alfredo Aceves,2650000,Alfredo,Aceves,alfredo,aceves,aceveal01
2013,BOS,Craig Breslow,2325000,Craig,Breslow,craig,breslow,breslcr01
2013,BOS,Jose Iglesias,2062500,Jose,Iglesias,jose,iglesias,iglesjo01
2013,BOS,Daniel Bard,1862500,Daniel,Bard,daniel,bard,bardda01
2013,BOS,Franklin Morales,1487500,Franklin,Morales,franklin,morales,moralfr01
2013,BOS,Andrew Miller,1475000,Andrew,Miller,andrew,miller,millean01
2013,BOS,Junichi Tazawa,815000,Junichi,Tazawa,junichi,tazawa,tazawju01
2013,BOS,Felix Doubront,518500,Felix,Doubront,felix,doubront,doubrfe01
2013,BOS,Mike Carp,508500,Mike,Carp,mike,carp,carpmi01
2013,BOS,Daniel Nava,505500,Daniel,Nava,daniel,nava,navada01
2013,BOS,Clayton Mortensen,504500,Clayton,Mortensen,clayton,mortensen,mortecl01
2013,BOS,Pedro Ciriaco,502500,Pedro,Ciriaco,pedro,ciriaco,ciriape01
2013,BOS,Will Middlebrooks,498000,Will,Middlebrooks,will,middlebrooks,middlwi01
2014,BOS,Mike Napoli,16000000,Mike,Napoli,mike,napoli,napolmi01
2014,BOS,David Ortiz,15000000,David,Ortiz,david,ortiz,ortizda01
2014,BOS,Jon Lester,13000000,Jon,Lester,jon,lester,lestejo01
2014,BOS,Shane Victorino,13000000,Shane,Victorino,shane,victorino,victosh01
2014,BOS,Dustin Pedroia,12500000,Dustin,Pedroia,dustin,pedroia,pedrodu01
2014,BOS,Stephen Drew,10100000,Stephen,Drew,stephen,drew,drewst01
2014,BOS,A. J. Pierzynski,8250000,A. J.,Pierzynski,aj,pierzynski,pierzaj01
2014,BOS,Clay Buchholz,7700000,Clay,Buchholz,clay,buchholz,buchhcl01
2014,BOS,Jonny Gomes,5000000,Jonny,Gomes,jonny,gomes,gomesjo01
2014,BOS,Koji Uehara,5000000,Koji,Uehara,koji,uehara,ueharko01
2014,BOS,Edward Mujica,4750000,Edward,Mujica,edward,mujica,mujiced01
2014,BOS,Craig Breslow,3825000,Craig,Breslow,craig,breslow,breslcr01
2014,BOS,David Ross,3100000,David,Ross,david,ross,rossda01
2014,BOS,Kelly Johnson,3000000,Kelly,Johnson,kelly,johnson,johnske01
2014,BOS,Allen Craig,2750000,Allen,Craig,allen,craig,craigal01
2014,BOS,Chris Capuano,2250000,Chris,Capuano,chris,capuano,capuach01
2014,BOS,Burke Badenhop,2150000,Burke,Badenhop,burke,badenhop,badenbu01
2014,BOS,Andrew Miller,1900000,Andrew,Miller,andrew,miller,millean01
2014,BOS,Mike Carp,1400000,Mike,Carp,mike,carp,carpmi01
2014,BOS,Jonathan Herrera,1300000,Jonathan,Herrera,jonathan,herrera,herrejo01
2014,BOS,Junichi Tazawa,1275000,Junichi,Tazawa,junichi,tazawa,tazawju01
2014,BOS,Rusney Castillo,871429,Rusney,Castillo,rusney,castillo,castiru01
2014,BOS,Grady Sizemore,750000,Grady,Sizemore,grady,sizemore,sizemgr01
2014,BOS,Daniel Nava,556500,Daniel,Nava,daniel,nava,navada01
2014,BOS,Will Middlebrooks,540000,Will,Middlebrooks,will,middlebrooks,middlwi01
2014,BOS,Brandon Workman,518000,Brandon,Workman,brandon,workman,workmbr01
2014,BOS,Xander Bogaerts,517000,Xander,Bogaerts,xander,bogaerts,bogaea01
2014,BOS,Ryan Lavarnway,510000,Ryan,Lavarnway,ryan,lavarnway,lavarry01
2014,BOS,Drake Britton,503000,Drake,Britton,drake,britton,brittdr01
2014,BOS,Jackie Bradley,502000,Jackie,Bradley,jackie,bradley,bradlja01
2014,BOS,Steven Wright,502000,Steven,Wright,steven,wright,wrighst01
2015,BOS,Hanley Ramirez,19750000,Hanley,Ramirez,hanley,ramirez,ramirha02
2015,BOS,Pablo Sandoval,17600000,Pablo,Sandoval,pablo,sandoval,sandopa01
2015,BOS,Mike Napoli,16000000,Mike,Napoli,mike,napoli,napolmi01
2015,BOS,David Ortiz,16000000,David,Ortiz,david,ortiz,ortizda01
2015,BOS,Shane Victorino,13000000,Shane,Victorino,shane,victorino,victosh01
2015,BOS,Dustin Pedroia,12500000,Dustin,Pedroia,dustin,pedroia,pedrodu01
2015,BOS,Rick Porcello,12500000,Rick,Porcello,rick,porcello,porceri01
2015,BOS,Clay Buchholz,12000000,Clay,Buchholz,clay,buchholz,buchhcl01
2015,BOS,Rusney Castillo,11271000,Rusney,Castillo,rusney,castillo,castiru01
2015,BOS,Justin Masterson,9500000,Justin,Masterson,justin,masterson,masteju01
2015,BOS,Koji Uehara,9000000,Koji,Uehara,koji,uehara,ueharko01
2015,BOS,Allen Craig,5500000,Allen,Craig,allen,craig,craigal01
2015,BOS,Edward Mujica,4750000,Edward,Mujica,edward,mujica,mujiced01
2015,BOS,Wade Miley,3666000,Wade,Miley,wade,miley,mileywa01
2015,BOS,Ryan Hanigan,3500000,Ryan,Hanigan,ryan,hanigan,hanigry01
2015,BOS,Junichi Tazawa,2250000,Junichi,Tazawa,junichi,tazawa,tazawju01
2015,BOS,Craig Breslow,2000000,Craig,Breslow,craig,breslow,breslcr01
2015,BOS,Daniel Nava,1850000,Daniel,Nava,daniel,nava,navada01
2015,BOS,Alexi Ogando,1500000,Alexi,Ogando,alexi,ogando,ogandal01
2015,BOS,Joe Kelly,603000,Joe,Kelly,joe,kelly,kellyjo01
2015,BOS,Anthony Varvaro,576500,Anthony,Varvaro,anthony,varvaro,varvaan01
2015,BOS,Robbie Ross,566500,Robbie,Ross,robbie,ross,rossro01
2015,BOS,Tommy Layne,557000,Tommy,Layne,tommy,layne,layneto01
2015,BOS,Xander Bogaerts,543000,Xander,Bogaerts,xander,bogaerts,bogaea01
2015,BOS,Brock Holt,530500,Brock,Holt,brock,holt,holtbr01
2015,BOS,Jackie Bradley,528000,Jackie,Bradley,jackie,bradley,bradlja01
2015,BOS,Mookie Betts,514500,Mookie,Betts,mookie,betts,bettsmo01
2015,BOS,Steven Wright,510500,Steven,Wright,steven,wright,wrighst01
2015,BOS,Sandy Leon,510400,Sandy,Leon,sandy,leon,leonsa01
2015,BOS,Heath Hembree,509500,Heath,Hembree,heath,hembree,hembrhe01
2015,BOS,Matt Barnes,508500,Matt,Barnes,matt,barnes,barnema01
2015,BOS,Garin Cecchini,508500,Garin,Cecchini,garin,cecchini,cecchga01
2016,BOS,David Price,30000000,David,Price,david,price,priceda01
2016,BOS,Hanley Ramirez,22750000,Hanley,Ramirez,hanley,ramirez,ramirha02
2016,BOS,Rick Porcello,20125000,Rick,Porcello,rick,porcello,porceri01
2016,BOS,Pablo Sandoval,17600000,Pablo,Sandoval,pablo,sandoval,sandopa01
2016,BOS,David Ortiz,16000000,David,Ortiz,david,ortiz,ortizda01
2016,BOS,Clay Buchholz,13000000,Clay,Buchholz,clay,buchholz,buchhcl01
2016,BOS,Dustin Pedroia,12642511,Dustin,Pedroia,dustin,pedroia,pedrodu01
2016,BOS,Rusney Castillo,11400000,Rusney,Castillo,rusney,castillo,castiru01
2016,BOS,Craig Kimbrel,11000000,Craig,Kimbrel,craig,kimbrel,kimbrcr01
2016,BOS,Koji Uehara,9000000,Koji,Uehara,koji,uehara,ueharko01
2016,BOS,Chris Young,6500000,Chris,Young,chris,young,youngch01
2016,BOS,Ryan Hanigan,3700000,Ryan,Hanigan,ryan,hanigan,hanigry01
2016,BOS,Junichi Tazawa,3375000,Junichi,Tazawa,junichi,tazawa,tazawju01
2016,BOS,Joe Kelly,2600000,Joe,Kelly,joe,kelly,kellyjo01
2016,BOS,Robbie Ross,1250000,Robbie,Ross,robbie,ross,rossro01
2016,BOS,Xander Bogaerts,650000,Xander,Bogaerts,xander,bogaerts,bogaea01
2016,BOS,Brock Holt,606000,Brock,Holt,brock,holt,holtbr01
2016,BOS,Mookie Betts,566000,Mookie,Betts,mookie,betts,bettsmo01
2016,BOS,Tommy Layne,563750,Tommy,Layne,tommy,layne,layneto01
2016,BOS,Jackie Bradley,546500,Jackie,Bradley,jackie,bradley,bradlja01
2016,BOS,Brandon Workman,539500,Brandon,Workman,brandon,workman,workmbr01
2016,BOS,Carson Smith,529000,Carson,Smith,carson,smith,smithca07
2016,BOS,Eduardo Rodriguez,521000,Eduardo,Rodriguez,eduardo,rodriguez,rodried01
2016,BOS,Blake Swihart,518500,Blake,Swihart,blake,swihart,swihabl01
2016,BOS,Travis Shaw,515000,Travis,Shaw,travis,shaw,shawtr01
2016,BOS,Steven Wright,514500,Steven,Wright,steven,wright,wrighst01
2016,BOS,Christian Vazquez,513000,Christian,Vazquez,christian,vazquez,vazquch01
2016,BOS,Matt Barnes,511000,Matt,Barnes,matt,barnes,barnema01
2016,BOS,Noe Ramirez,509500,Noe,Ramirez,noe,ramirez,ramirno01
2011,CHW,Jake Peavy,16000000,Jake,Peavy,jake,peavy,peavyja01
2011,CHW,Mark Buehrle,14000000,Mark,Buehrle,mark,buehrle,buehrma01
2011,CHW,Alex Rios,12500000,Alex,Rios,alex,rios,riosal01
2011,CHW,Adam Dunn,12000000,Adam,Dunn,adam,dunn,dunnad01
2011,CHW,Paul Konerko,12000000,Paul,Konerko,paul,konerko,konerpa01
2011,CHW,Edwin Jackson,8750000,Edwin,Jackson,edwin,jackson,jacksed01
2011,CHW,Juan Pierre,8500000,Juan,Pierre,juan,pierre,pierrju01
2011,CHW,John Danks,6000000,John,Danks,john,danks,danksjo01
2011,CHW,Carlos Quentin,5050000,Carlos,Quentin,carlos,quentin,quentca01
2011,CHW,Gavin Floyd,5000000,Gavin,Floyd,gavin,floyd,floydga01
2011,CHW,Mark Teahen,4750000,Mark,Teahen,mark,teahen,teahema01
2011,CHW,Jesse Crain,4000000,Jesse,Crain,jesse,crain,crainje01
2011,CHW,Matt Thornton,3000000,Matt,Thornton,matt,thornton,thornma01
2011,CHW,Alexei Ramirez,2750000,Alexei,Ramirez,alexei,ramirez,ramiral01
2011,CHW,Dayan Viciedo,2250000,Dayan,Viciedo,dayan,viciedo,vicieda01
2011,CHW,A. J. Pierzynski,2000000,A. J.,Pierzynski,aj,pierzynski,pierzaj01
2011,CHW,Omar Vizquel,1750000,Omar,Vizquel,omar,vizquel,vizquom01
2011,CHW,Tony Pena,1600000,Tony,Pena,tony,pena,penato01
2011,CHW,Will Ohman,1500000,Will,Ohman,will,ohman,ohmanwi01
2011,CHW,Ramon Castro,1200000,Ramon,Castro,ramon,castro,castrra01
2011,CHW,Philip Humber,500000,Philip,Humber,philip,humber,humbeph01
2011,CHW,Lastings Milledge,500000,Lastings,Milledge,lastings,milledge,millela01
2011,CHW,Gordon Beckham,485000,Gordon,Beckham,gordon,beckham,beckhgo01
2011,CHW,Sergio Santos,435000,Sergio,Santos,sergio,santos,santose01
2011,CHW,Brent Lillibridge,430000,Brent,Lillibridge,brent,lillibridge,lillibr01
2011,CHW,Chris Sale,425000,Chris,Sale,chris,sale,salech01
2011,CHW,Brent Morel,414000,Brent,Morel,brent,morel,morelbr01
2012,CHW,Jake Peavy,17000000,Jake,Peavy,jake,peavy,peavyja01
2012,CHW,Adam Dunn,14000000,Adam,Dunn,adam,dunn,dunnad01
2012,CHW,Alex Rios,12500000,Alex,Rios,alex,rios,riosal01
2012,CHW,Paul Konerko,12000000,Paul,Konerko,paul,konerko,konerpa01
2012,CHW,Gavin Floyd,7000000,Gavin,Floyd,gavin,floyd,floydga01
2012,CHW,A. J. Pierzynski,6000000,A. J.,Pierzynski,aj,pierzynski,pierzaj01
2012,CHW,Matt Thornton,5500000,Matt,Thornton,matt,thornton,thornma01
2012,CHW,Alexei Ramirez,5000000,Alexei,Ramirez,alexei,ramirez,ramiral01
2012,CHW,Jesse Crain,4500000,Jesse,Crain,jesse,crain,crainje01
2012,CHW,Will Ohman,2500000,Will,Ohman,will,ohman,ohmanwi01
2012,CHW,Dayan Viciedo,2500000,Dayan,Viciedo,dayan,viciedo,vicieda01
2012,CHW,John Danks,2000000,John,Danks,john,danks,danksjo01
2012,CHW,Philip Humber,530000,Philip,Humber,philip,humber,humbeph01
2012,CHW,Gordon Beckham,520000,Gordon,Beckham,gordon,beckham,beckhgo01
2012,CHW,Kosuke Fukudome,500000,Kosuke,Fukudome,kosuke,fukudome,fukudko01
2012,CHW,Brent Lillibridge,500000,Brent,Lillibridge,brent,lillibridge,lillibr01
2012,CHW,Chris Sale,500000,Chris,Sale,chris,sale,salech01
2012,CHW,Alejandro De Aza,495000,Alejandro De,Aza,alejandrode,aza,azaal01
2012,CHW,Brent Morel,490000,Brent,Morel,brent,morel,morelbr01
2012,CHW,Tyler Flowers,483000,Tyler,Flowers,tyler,flowers,flowety01
2012,CHW,Zach Stewart,481500,Zach,Stewart,zach,stewart,stewaza01
2012,CHW,Eduardo Escobar,480000,Eduardo,Escobar,eduardo,escobar,escobed01
2012,CHW,Nate Jones,480000,Nate,Jones,nate,jones,jonesna01
2012,CHW,Addison Reed,480000,Addison,Reed,addison,reed,reedad01
2012,CHW,Hector Santiago,480000,Hector,Santiago,hector,santiago,santihe01
2013,CHW,Jake Peavy,16157271,Jake,Peavy,jake,peavy,peavyja01
2013,CHW,John Danks,15750000,John,Danks,john,danks,danksjo01
2013,CHW,Adam Dunn,15000000,Adam,Dunn,adam,dunn,dunnad01
2013,CHW,Alex Rios,13000000,Alex,Rios,alex,rios,riosal01
2013,CHW,Paul Konerko,12501506,Paul,Konerko,paul,konerko,konerpa01
2013,CHW,Gavin Floyd,9500000,Gavin,Floyd,gavin,floyd,floydga01
2013,CHW,Alexei Ramirez,7000000,Alexei,Ramirez,alexei,ramirez,ramiral01
2013,CHW,Matt Thornton,5500000,Matt,Thornton,matt,thornton,thornma01
2013,CHW,Jesse Crain,4500000,Jesse,Crain,jesse,crain,crainje01
2013,CHW,Jeff Keppinger,3500000,Jeff,Keppinger,jeff,keppinger,keppije01
2013,CHW,Gordon Beckham,2925000,Gordon,Beckham,gordon,beckham,beckhgo01
2013,CHW,Dayan Viciedo,2800000,Dayan,Viciedo,dayan,viciedo,vicieda01
2013,CHW,Matt Lindstrom,2300000,Matt,Lindstrom,matt,lindstrom,lindsma01
2013,CHW,Alejandro De Aza,2075000,Alejandro De,Aza,alejandrode,aza,azaal01
2013,CHW,Chris Sale,850000,Chris,Sale,chris,sale,salech01
2013,CHW,Dewayne Wise,700000,Dewayne,Wise,dewayne,wise,wisede01
2013,CHW,Addison Reed,520000,Addison,Reed,addison,reed,reedad01
2013,CHW,Tyler Flowers,510000,Tyler,Flowers,tyler,flowers,flowety01
2013,CHW,Nate Jones,507500,Nate,Jones,nate,jones,jonesna01
2013,CHW,Angel Sanchez,505000,Angel,Sanchez,angel,sanchez,sanchan01
2013,CHW,Hector Santiago,505000,Hector,Santiago,hector,santiago,santihe01
2013,CHW,Jose Quintana,500000,Jose,Quintana,jose,quintana,quintjo01
2013,CHW,Donnie Veal,497500,Donnie,Veal,donnie,veal,vealdo01
2013,CHW,Dylan Axelrod,493000,Dylan,Axelrod,dylan,axelrod,aelrdy01
2013,CHW,Hector Gimenez,493000,Hector,Gimenez,hector,gimenez,gimenhe01
2013,CHW,Marcus Semien,493000,Marcus,Semien,marcus,semien,semiema01
2013,CHW,Brian Omogrosso,492000,Brian,Omogrosso,brian,omogrosso,omogrbr01
2013,CHW,Conor Gillaspie,490500,Conor,Gillaspie,conor,gillaspie,gillaco01
2014,CHW,Adam Dunn,15000000,Adam,Dunn,adam,dunn,dunnad01
2014,CHW,John Danks,14250000,John,Danks,john,danks,danksjo01
2014,CHW,Alexei Ramirez,9500000,Alexei,Ramirez,alexei,ramirez,ramiral01
2014,CHW,Jose Abreu,7000000,Jose,Abreu,jose,abreu,abreujo01
2014,CHW,Alejandro De Aza,4250000,Alejandro De,Aza,alejandrode,aza,azaal01
2014,CHW,Gordon Beckham,4175000,Gordon,Beckham,gordon,beckham,beckhgo01
2014,CHW,Matt Lindstrom,4000000,Matt,Lindstrom,matt,lindstrom,lindsma01
2014,CHW,Scott Downs,3750000,Scott,Downs,scott,downs,downssc01
2014,CHW,Chris Sale,3500000,Chris,Sale,chris,sale,salech01
2014,CHW,Ronald Belisario,3000000,Ronald,Belisario,ronald,belisario,belisro01
2014,CHW,Dayan Viciedo,2800000,Dayan,Viciedo,dayan,viciedo,vicieda01
2014,CHW,Paul Konerko,2500000,Paul,Konerko,paul,konerko,konerpa01
2014,CHW,Felipe Paulino,1750000,Felipe,Paulino,felipe,paulino,paulife01
2014,CHW,Tyler Flowers,950000,Tyler,Flowers,tyler,flowers,flowety01
2014,CHW,Jose Quintana,850000,Jose,Quintana,jose,quintana,quintjo01
2014,CHW,Donnie Veal,516000,Donnie,Veal,donnie,veal,vealdo01
2014,CHW,Conor Gillaspie,512000,Conor,Gillaspie,conor,gillaspie,gillaco01
2014,CHW,Adam Eaton,511000,Adam,Eaton,adam,eaton,eatonad01
2014,CHW,Avisail Garcia,510000,Avisail,Garcia,avisail,garcia,garciav01
2014,CHW,Leury Garcia,505500,Leury,Garcia,leury,garcia,garcile01
2014,CHW,Maikel Cleto,501000,Maikel,Cleto,maikel,cleto,cletoma01
2014,CHW,Erik Johnson,500000,Erik,Johnson,erik,johnson,johnser01
2014,CHW,Marcus Semien,500000,Marcus,Semien,marcus,semien,semiema01
2014,CHW,Daniel Webb,500000,Daniel,Webb,daniel,webb,webbda01
2015,CHW,John Danks,15750000,John,Danks,john,danks,danksjo01
2015,CHW,Melky Cabrera,13000000,Melky,Cabrera,melky,cabrera,cabreme01
2015,CHW,Adam LaRoche,12000000,Adam,LaRoche,adam,laroche,larocad01
2015,CHW,Alexei Ramirez,10000000,Alexei,Ramirez,alexei,ramirez,ramiral01
2015,CHW,David Robertson,10000000,David,Robertson,david,robertson,roberda01
2015,CHW,Jeff Samardzija,9800000,Jeff,Samardzija,jeff,samardzija,samarje01
2015,CHW,Jose Abreu,8666000,Jose,Abreu,jose,abreu,abreujo01
2015,CHW,Chris Sale,6000000,Chris,Sale,chris,sale,salech01
2015,CHW,Zach Duke,4500000,Zach,Duke,zach,duke,dukeza01
2015,CHW,Jose Quintana,3400000,Jose,Quintana,jose,quintana,quintjo01
2015,CHW,Emilio Bonifacio,3000000,Emilio,Bonifacio,emilio,bonifacio,bonifem01
2015,CHW,Tyler Flowers,2675000,Tyler,Flowers,tyler,flowers,flowety01
2015,CHW,Gordon Beckham,2000000,Gordon,Beckham,gordon,beckham,beckhgo01
2015,CHW,Hector Noesi,1950000,Hector,Noesi,hector,noesi,noesihe01
2015,CHW,Matt Albers,1500000,Matt,Albers,matt,albers,alberma01
2015,CHW,Geovany Soto,1500000,Geovany,Soto,geovany,soto,sotoge01
2015,CHW,Javy Guerra,937500,Javy,Guerra,javy,guerra,guerrja01
2015,CHW,Adam Eaton,850000,Adam,Eaton,adam,eaton,eatonad01
2015,CHW,Nate Jones,660000,Nate,Jones,nate,jones,jonesna01
2015,CHW,Conor Gillaspie,550000,Conor,Gillaspie,conor,gillaspie,gillaco01
2015,CHW,Zach Putnam,525000,Zach,Putnam,zach,putnam,putnaza01
2015,CHW,Avisail Garcia,523000,Avisail,Garcia,avisail,garcia,garciav01
2015,CHW,Dan Jennings,523000,Dan,Jennings,dan,jennings,jennida01
2015,CHW,Jake Petricka,520000,Jake,Petricka,jake,petricka,petrija01
2015,CHW,Kyle Drabek,518200,Kyle,Drabek,kyle,drabek,drabeky01
2015,CHW,JB Shuck,516000,JB,Shuck,jb,shuck,shuckjb01
2015,CHW,Carlos Sanchez,510000,Carlos,Sanchez,carlos,sanchez,sanchca01
2016,CHW,John Danks,15750000,John,Danks,john,danks,danksjo01
2016,CHW,Melky Cabrera,14000000,Melky,Cabrera,melky,cabrera,cabreme01
2016,CHW,Jose Abreu,11666667,Jose,Abreu,jose,abreu,abreujo01
2016,CHW,David Robertson,11000000,David,Robertson,david,robertson,roberda01
2016,CHW,Chris Sale,9150000,Chris,Sale,chris,sale,salech01
2016,CHW,Todd Frazier,8250000,Todd,Frazier,todd,frazier,frazito01
2016,CHW,Jose Quintana,5400000,Jose,Quintana,jose,quintana,quintjo01
2016,CHW,Zach Duke,5000000,Zach,Duke,zach,duke,dukeza01
2016,CHW,Austin Jackson,5000000,Austin,Jackson,austin,jackson,jacksau01
2016,CHW,Brett Lawrie,4125000,Brett,Lawrie,brett,lawrie,lawribr01
2016,CHW,Dioner Navarro,4000000,Dioner,Navarro,dioner,navarro,navardi01
2016,CHW,Andrew Lambo,3000000,Andrew,Lambo,andrew,lambo,lamboan01
2016,CHW,Adam Eaton,2750000,Adam,Eaton,adam,eaton,eatonad01
2016,CHW,Alex Avila,2500000,Alex,Avila,alex,avila,avilaal01
2016,CHW,Avisail Garcia,2100000,Avisail,Garcia,avisail,garcia,garciav01
2016,CHW,Matt Albers,2000000,Matt,Albers,matt,albers,alberma01
2016,CHW,Jimmy Rollins,2000000,Jimmy,Rollins,jimmy,rollins,rolliji01
2016,CHW,Zach Putnam,975000,Zach,Putnam,zach,putnam,putnaza01
2016,CHW,Nate Jones,900000,Nate,Jones,nate,jones,jonesna01
2016,CHW,Dan Jennings,810000,Dan,Jennings,dan,jennings,jennida01
2016,CHW,Jake Petricka,535000,Jake,Petricka,jake,petricka,petrija01
2016,CHW,Jerry Sands,535000,Jerry,Sands,jerry,sands,sandsje01
2016,CHW,JB Shuck,521000,JB,Shuck,jb,shuck,shuckjb01
2016,CHW,Carlos Rodon,518000,Carlos,Rodon,carlos,rodon,rodonca01
2016,CHW,Tyler Saladino,513000,Tyler,Saladino,tyler,saladino,saladty01
2011,CHC,Alfonso Soriano,19000000,Alfonso,Soriano,alfonso,soriano,soriaal01
2011,CHC,Carlos Zambrano,18875000,Carlos,Zambrano,carlos,zambrano,zambrca01
2011,CHC,Aramis Ramirez,14600000,Aramis,Ramirez,aramis,ramirez,ramirar01
2011,CHC,Kosuke Fukudome,14500000,Kosuke,Fukudome,kosuke,fukudome,fukudko01
2011,CHC,Ryan Dempster,13500000,Ryan,Dempster,ryan,dempster,dempsry01
2011,CHC,Carlos Pena,9959996,Carlos,Pena,carlos,pena,penaca01
2011,CHC,Matt Garza,5950000,Matt,Garza,matt,garza,garzama01
2011,CHC,Marlon Byrd,5500000,Marlon,Byrd,marlon,byrd,byrdma01
2011,CHC,John Grabow,4800000,John,Grabow,john,grabow,grabojo01
2011,CHC,Jeff Samardzija,3300000,Jeff,Samardzija,jeff,samardzija,samarje01
2011,CHC,Geovany Soto,3000000,Geovany,Soto,geovany,soto,sotoge01
2011,CHC,Carlos Marmol,2533333,Carlos,Marmol,carlos,marmol,marmoca01
2011,CHC,Sean Marshall,1600000,Sean,Marshall,sean,marshall,marshse01
2011,CHC,Kerry Wood,1500000,Kerry,Wood,kerry,wood,woodke01
2011,CHC,Jeff Baker,1175000,Jeff,Baker,jeff,baker,bakerje01
2011,CHC,Reed Johnson,900000,Reed,Johnson,reed,johnson,johnsre01
2011,CHC,Koyie Hill,850000,Koyie,Hill,koyie,hill,hillko01
2011,CHC,Randy Wells,475000,Randy,Wells,randy,wells,wellsra01
2011,CHC,Blake DeWitt,460000,Blake,DeWitt,blake,dewitt,dewitbl01
2011,CHC,Starlin Castro,440000,Starlin,Castro,starlin,castro,castrst01
2011,CHC,Tyler Colvin,440000,Tyler,Colvin,tyler,colvin,colvity01
2011,CHC,Andrew Cashner,427500,Andrew,Cashner,andrew,cashner,cashnan01
2011,CHC,James Russell,427500,James,Russell,james,russell,russeja01
2011,CHC,Darwin Barney,417000,Darwin,Barney,darwin,barney,barneda01
2011,CHC,Marcos Mateo,417000,Marcos,Mateo,marcos,mateo,mateoma01
2012,CHC,Alfonso Soriano,19000000,Alfonso,Soriano,alfonso,soriano,soriaal01
2012,CHC,Ryan Dempster,14000000,Ryan,Dempster,ryan,dempster,dempsry01
2012,CHC,Matt Garza,9500000,Matt,Garza,matt,garza,garzama01
2012,CHC,Carlos Marmol,7333333,Carlos,Marmol,carlos,marmol,marmoca01
2012,CHC,Marlon Byrd,6500000,Marlon,Byrd,marlon,byrd,byrdma01
2012,CHC,Geovany Soto,4300000,Geovany,Soto,geovany,soto,sotoge01
2012,CHC,David DeJesus,4250000,David,DeJesus,david,dejesus,dejesda01
2012,CHC,Paul Maholm,4250000,Paul,Maholm,paul,maholm,maholpa01
2012,CHC,Kerry Wood,3000000,Kerry,Wood,kerry,wood,woodke01
2012,CHC,Chris Volstad,2655000,Chris,Volstad,chris,volstad,volstch01
2012,CHC,Jeff Samardzija,2640000,Jeff,Samardzija,jeff,samardzija,samarje01
2012,CHC,Ian Stewart,2237500,Ian,Stewart,ian,stewart,stewaia01
2012,CHC,Jeff Baker,1375000,Jeff,Baker,jeff,baker,bakerje01
2012,CHC,Reed Johnson,1150000,Reed,Johnson,reed,johnson,johnsre01
2012,CHC,Starlin Castro,567000,Starlin,Castro,starlin,castro,castrst01
2012,CHC,Shawn Camp,550000,Shawn,Camp,shawn,camp,campsh01
2012,CHC,James Russell,512500,James,Russell,james,russell,russeja01
2012,CHC,Darwin Barney,500000,Darwin,Barney,darwin,barney,barneda01
2012,CHC,Luis Valbuena,495200,Luis,Valbuena,luis,valbuena,valbulu01
2012,CHC,Joe Mather,490000,Joe,Mather,joe,mather,mathejo01
2012,CHC,Marcos Mateo,485000,Marcos,Mateo,marcos,mateo,mateoma01
2012,CHC,Tony Campana,483000,Tony,Campana,tony,campana,campato01
2012,CHC,Bryan LaHair,482500,Bryan,LaHair,bryan,lahair,lahaibr01
2012,CHC,Steve Clevenger,480500,Steve,Clevenger,steve,clevenger,clevest01
2012,CHC,Rafael Dolis,480500,Rafael,Dolis,rafael,dolis,dolisra01
2012,CHC,Lendy Castillo,480000,Lendy,Castillo,lendy,castillo,castile01
2013,CHC,Alfonso Soriano,19000000,Alfonso,Soriano,alfonso,soriano,soriaal01
2013,CHC,Edwin Jackson,13000000,Edwin,Jackson,edwin,jackson,jacksed01
2013,CHC,Matt Garza,10250000,Matt,Garza,matt,garza,garzama01
2013,CHC,Carlos Marmol,10133333,Carlos,Marmol,carlos,marmol,marmoca01
2013,CHC,Scott Feldman,6000000,Scott,Feldman,scott,feldman,feldmsc01
2013,CHC,Starlin Castro,5857143,Starlin,Castro,starlin,castro,castrst01
2013,CHC,Scott Baker,5500000,Scott,Baker,scott,baker,bakersc01
2013,CHC,Carlos Villanueva,5000000,Carlos,Villanueva,carlos,villanueva,villaca01
2013,CHC,Kyuji Fujikawa,4500000,Kyuji,Fujikawa,kyuji,fujikawa,fujikky01
2013,CHC,David DeJesus,4250000,David,DeJesus,david,dejesus,dejesda01
2013,CHC,Jeff Samardzija,2640000,Jeff,Samardzija,jeff,samardzija,samarje01
2013,CHC,Scott Hairston,2500000,Scott,Hairston,scott,hairston,hairssc01
2013,CHC,Nate Schierholtz,2250000,Nate,Schierholtz,nate,schierholtz,schiena01
2013,CHC,Dioner Navarro,1750000,Dioner,Navarro,dioner,navarro,navardi01
2013,CHC,Shawn Camp,1350000,Shawn,Camp,shawn,camp,campsh01
2013,CHC,James Russell,1075000,James,Russell,james,russell,russeja01
2013,CHC,Luis Valbuena,930000,Luis,Valbuena,luis,valbuena,valbulu01
2013,CHC,Darwin Barney,562000,Darwin,Barney,darwin,barney,barneda01
2013,CHC,Travis Wood,527500,Travis,Wood,travis,wood,woodtr01
2013,CHC,Michael Bowden,509500,Michael,Bowden,michael,bowden,bowdemi01
2013,CHC,Guillermo Moscoso,504250,Guillermo,Moscoso,guillermo,moscoso,moscogu01
2013,CHC,Welington Castillo,503000,Welington,Castillo,welington,castillo,castiwe01
2013,CHC,Anthony Rizzo,498000,Anthony,Rizzo,anthony,rizzo,rizzoan01
2013,CHC,Steve Clevenger,496000,Steve,Clevenger,steve,clevenger,clevest01
2013,CHC,Dave Sappelt,492000,Dave,Sappelt,dave,sappelt,sappeda01
2013,CHC,Hector Rondon,490000,Hector,Rondon,hector,rondon,rondohe01
2014,CHC,Edwin Jackson,11000000,Edwin,Jackson,edwin,jackson,jacksed01
2014,CHC,Jason Hammel,6000000,Jason,Hammel,jason,hammel,hammeja01
2014,CHC,Starlin Castro,5000000,Starlin,Castro,starlin,castro,castrst01
2014,CHC,Nate Schierholtz,5000000,Nate,Schierholtz,nate,schierholtz,schiena01
2014,CHC,Carlos Villanueva,5000000,Carlos,Villanueva,carlos,villanueva,villaca01
2014,CHC,Kyuji Fujikawa,4500000,Kyuji,Fujikawa,kyuji,fujikawa,fujikky01
2014,CHC,Travis Wood,3900000,Travis,Wood,travis,wood,woodtr01
2014,CHC,Jose Veras,3850000,Jose,Veras,jose,veras,verasjo01
2014,CHC,Emilio Bonifacio,2500000,Emilio,Bonifacio,emilio,bonifacio,bonifem01
2014,CHC,Darwin Barney,2300000,Darwin,Barney,darwin,barney,barneda01
2014,CHC,Justin Ruggiano,2000000,Justin,Ruggiano,justin,ruggiano,ruggiju01
2014,CHC,James Russell,1775000,James,Russell,james,russell,russeja01
2014,CHC,Luis Valbuena,1710000,Luis,Valbuena,luis,valbuena,valbulu01
2014,CHC,Ryan Sweeney,1500000,Ryan,Sweeney,ryan,sweeney,sweenry01
2014,CHC,Wesley Wright,1425000,Wesley,Wright,wesley,wright,wrighwe01
2014,CHC,Pedro Strop,1325000,Pedro,Strop,pedro,strop,stroppe01
2014,CHC,Anthony Rizzo,1250000,Anthony,Rizzo,anthony,rizzo,rizzoan01
2014,CHC,John Baker,875000,John,Baker,john,baker,bakerjo01
2014,CHC,Ryan Kalish,550000,Ryan,Kalish,ryan,kalish,kalisry01
2014,CHC,Welington Castillo,530000,Welington,Castillo,welington,castillo,castiwe01
2014,CHC,Hector Rondon,514000,Hector,Rondon,hector,rondon,rondohe01
2014,CHC,Justin Grimm,505500,Justin,Grimm,justin,grimm,grimmju01
2014,CHC,Dan Straily,505000,Dan,Straily,dan,straily,straida01
2014,CHC,Chris Rusin,503500,Chris,Rusin,chris,rusin,rusinch01
2014,CHC,Junior Lake,502500,Junior,Lake,junior,lake,lakeju01
2014,CHC,Mike Olt,502000,Mike,Olt,mike,olt,oltmi01
2014,CHC,Jake Arrieta,500000,Jake,Arrieta,jake,arrieta,arrieja01
2015,CHC,Jon Lester,20000000,Jon,Lester,jon,lester,lestejo01
2015,CHC,Edwin Jackson,13000000,Edwin,Jackson,edwin,jackson,jacksed01
2015,CHC,Miguel Montero,12000000,Miguel,Montero,miguel,montero,montemi01
2015,CHC,Dexter Fowler,9500000,Dexter,Fowler,dexter,fowler,fowlede01
2015,CHC,Jason Hammel,9000000,Jason,Hammel,jason,hammel,hammeja01
2015,CHC,Starlin Castro,6857143,Starlin,Castro,starlin,castro,castrst01
2015,CHC,Travis Wood,5686000,Travis,Wood,travis,wood,woodtr01
2015,CHC,Anthony Rizzo,5000000,Anthony,Rizzo,anthony,rizzo,rizzoan01
2015,CHC,Jason Motte,4500000,Jason,Motte,jason,motte,motteja01
2015,CHC,Tsuyoshi Wada,4000000,Tsuyoshi,Wada,tsuyoshi,wada,wadats01
2015,CHC,Jake Arrieta,3630000,Jake,Arrieta,jake,arrieta,arrieja01
2015,CHC,Jorge Soler,2666667,Jorge,Soler,jorge,soler,solerjo01
2015,CHC,Chris Denorfia,2600000,Chris,Denorfia,chris,denorfia,denorch01
2015,CHC,Pedro Strop,2525000,Pedro,Strop,pedro,strop,stroppe01
2015,CHC,Chris Coghlan,2505000,Chris,Coghlan,chris,coghlan,coghlch01
2015,CHC,David Ross,2500000,David,Ross,david,ross,rossda01
2015,CHC,Phil Coke,2250000,Phil,Coke,phil,coke,cokeph01
2015,CHC,Welington Castillo,2100000,Welington,Castillo,welington,castillo,castiwe01
2015,CHC,Jonathan Herrera,900000,Jonathan,Herrera,jonathan,herrera,herrejo01
2015,CHC,Hector Rondon,544000,Hector,Rondon,hector,rondon,rondohe01
2015,CHC,Justin Grimm,531500,Justin,Grimm,justin,grimm,grimmju01
2015,CHC,Mike Olt,520000,Mike,Olt,mike,olt,oltmi01
2015,CHC,Neil Ramirez,514500,Neil,Ramirez,neil,ramirez,ramirne01
2015,CHC,Tommy La Stella,513000,Tommy La,Stella,tommyla,stella,stellto01
2015,CHC,Arismendy Alcantara,510000,Arismendy,Alcantara,arismendy,alcantara,alcanar01
2015,CHC,Kyle Hendricks,510000,Kyle,Hendricks,kyle,hendricks,hendrky01
2015,CHC,Matt Szczur,508500,Matt,Szczur,matt,szczur,szczuma01
2015,CHC,Dallas Beeler,508000,Dallas,Beeler,dallas,beeler,beeleda01
2016,CHC,Jon Lester,25000000,Jon,Lester,jon,lester,lestejo01
2016,CHC,Jason Heyward,19555288,Jason,Heyward,jason,heyward,heywaja01
2016,CHC,John Lackey,16000000,John,Lackey,john,lackey,lackejo01
2016,CHC,Miguel Montero,14000000,Miguel,Montero,miguel,montero,montemi01
2016,CHC,Jake Arrieta,10700000,Jake,Arrieta,jake,arrieta,arrieja01
2016,CHC,Ben Zobrist,10500000,Ben,Zobrist,ben,zobrist,zobribe01
2016,CHC,Jason Hammel,9000000,Jason,Hammel,jason,hammel,hammeja01
2016,CHC,Dexter Fowler,8000000,Dexter,Fowler,dexter,fowler,fowlede01
2016,CHC,Travis Wood,6170000,Travis,Wood,travis,wood,woodtr01
2016,CHC,Anthony Rizzo,5285714,Anthony,Rizzo,anthony,rizzo,rizzoan01
2016,CHC,Pedro Strop,4400000,Pedro,Strop,pedro,strop,stroppe01
2016,CHC,Trevor Cahill,4250000,Trevor,Cahill,trevor,cahill,cahiltr01
2016,CHC,Hector Rondon,4200000,Hector,Rondon,hector,rondon,rondohe01
2016,CHC,Jorge Soler,3666666,Jorge,Soler,jorge,soler,solerjo01
2016,CHC,David Ross,2500000,David,Ross,david,ross,rossda01
2016,CHC,Clayton Richard,2000000,Clayton,Richard,clayton,richard,richacl01
2016,CHC,Adam Warren,1700000,Adam,Warren,adam,warren,warread01
2016,CHC,Justin Grimm,1275000,Justin,Grimm,justin,grimm,grimmju01
2016,CHC,Kris Bryant,652000,Kris,Bryant,kris,bryant,bryankr01
2016,CHC,Kyle Hendricks,541000,Kyle,Hendricks,kyle,hendricks,hendrky01
2016,CHC,Tommy La Stella,532000,Tommy La,Stella,tommyla,stella,stellto01
2016,CHC,Addison Russell,527000,Addison,Russell,addison,russell,russead01
2016,CHC,Neil Ramirez,524500,Neil,Ramirez,neil,ramirez,ramirne01
2016,CHC,Zac Rosscup,524500,Zac,Rosscup,zac,rosscup,rosscza01
2016,CHC,Kyle Schwarber,522000,Kyle,Schwarber,kyle,schwarber,schwaky01
2016,CHC,Javier Baez,512000,Javier,Baez,javier,baez,baezja01
2016,CHC,Matt Szczur,511500,Matt,Szczur,matt,szczur,szczuma01
2016,CHC,Aaron Brooks,510000,Aaron,Brooks,aaron,brooks,brookaa01
2016,CHC,Dallas Beeler,508500,Dallas,Beeler,dallas,beeler,beeleda01
2011,CIN,Francisco Cordero,12125000,Francisco,Cordero,francisco,cordero,cordefr01
2011,CIN,Brandon Phillips,11437500,Brandon,Phillips,brandon,phillips,phillbr01
2011,CIN,Scott Rolen,8166666,Scott,Rolen,scott,rolen,rolensc01
2011,CIN,Bronson Arroyo,7666666,Bronson,Arroyo,bronson,arroyo,arroybr01
2011,CIN,Joey Votto,7410655,Joey,Votto,joey,votto,vottojo01
2011,CIN,Aroldis Chapman,3835772,Aroldis,Chapman,aroldis,chapman,chapmar01
2011,CIN,Johnny Cueto,3400000,Johnny,Cueto,johnny,cueto,cuetojo01
2011,CIN,Ramon Hernandez,2947318,Ramon,Hernandez,ramon,hernandez,hernara01
2011,CIN,Jay Bruce,2791666,Jay,Bruce,jay,bruce,bruceja01
2011,CIN,Edgar Renteria,2068391,Edgar,Renteria,edgar,renteria,renteed01
2011,CIN,Jonny Gomes,1750000,Jonny,Gomes,jonny,gomes,gomesjo01
2011,CIN,Nick Masset,1725000,Nick,Masset,nick,masset,masseni01
2011,CIN,Edinson Volquez,1625000,Edinson,Volquez,edinson,volquez,volqued01
2011,CIN,Miguel Cairo,1000000,Miguel,Cairo,miguel,cairo,cairomi01
2011,CIN,Fred Lewis,900000,Fred,Lewis,fred,lewis,lewisfr01
2011,CIN,Jared Burton,750000,Jared,Burton,jared,burton,burtoja01
2011,CIN,Bill Bray,645000,Bill,Bray,bill,bray,braybi01
2011,CIN,Ryan Hanigan,550000,Ryan,Hanigan,ryan,hanigan,hanigry01
2011,CIN,Jose Arredondo,480000,Jose,Arredondo,jose,arredondo,arredjo01
2011,CIN,Drew Stubbs,450000,Drew,Stubbs,drew,stubbs,stubbdr01
2011,CIN,Homer Bailey,441000,Homer,Bailey,homer,bailey,baileho01
2011,CIN,Paul Janish,437500,Paul,Janish,paul,janish,janispa01
2011,CIN,Mike Leake,425000,Mike,Leake,mike,leake,leakemi01
2011,CIN,Travis Wood,422500,Travis,Wood,travis,wood,woodtr01
2011,CIN,Chris Heisey,419000,Chris,Heisey,chris,heisey,heisech01
2011,CIN,Logan Ondrusek,418000,Logan,Ondrusek,logan,ondrusek,ondrulo01
2011,CIN,Jordan Smith,416500,Jordan,Smith,jordan,smith,smithjo09
2011,CIN,Matt Maloney,415000,Matt,Maloney,matt,maloney,malonma01
2011,CIN,Juan Francisco,414000,Juan,Francisco,juan,francisco,francju01
2011,CIN,Sam LeCure,414000,Sam,LeCure,sam,lecure,lecursa01
2012,CIN,Brandon Phillips,12500000,Brandon,Phillips,brandon,phillips,phillbr01
2012,CIN,Joey Votto,11410655,Joey,Votto,joey,votto,vottojo01
2012,CIN,Bronson Arroyo,8166666,Bronson,Arroyo,bronson,arroyo,arroybr01
2012,CIN,Scott Rolen,8166666,Scott,Rolen,scott,rolen,rolensc01
2012,CIN,Ryan Madson,5897691,Ryan,Madson,ryan,madson,madsory01
2012,CIN,Johnny Cueto,5400000,Johnny,Cueto,johnny,cueto,cuetojo01
2012,CIN,Jay Bruce,5041666,Jay,Bruce,jay,bruce,bruceja01
2012,CIN,Aroldis Chapman,4835772,Aroldis,Chapman,aroldis,chapman,chapmar01
2012,CIN,Sean Marshall,2725000,Sean,Marshall,sean,marshall,marshse01
2012,CIN,Homer Bailey,2425000,Homer,Bailey,homer,bailey,baileho01
2012,CIN,Nick Masset,2400000,Nick,Masset,nick,masset,masseni01
2012,CIN,Ryan Ludwick,2000000,Ryan,Ludwick,ryan,ludwick,ludwiry01
2012,CIN,Bill Bray,1417500,Bill,Bray,bill,bray,braybi01
2012,CIN,Ryan Hanigan,1300000,Ryan,Hanigan,ryan,hanigan,hanigry01
2012,CIN,Miguel Cairo,1000000,Miguel,Cairo,miguel,cairo,cairomi01
2012,CIN,Wilson Valdez,930000,Wilson,Valdez,wilson,valdez,valdewi01
2012,CIN,Jose Arredondo,800000,Jose,Arredondo,jose,arredondo,arredjo01
2012,CIN,Willie Harris,800000,Willie,Harris,willie,harris,harriwi01
2012,CIN,Mat Latos,550000,Mat,Latos,mat,latos,latosma01
2012,CIN,Drew Stubbs,527500,Drew,Stubbs,drew,stubbs,stubbdr01
2012,CIN,Mike Leake,507500,Mike,Leake,mike,leake,leakemi01
2012,CIN,Chris Heisey,495000,Chris,Heisey,chris,heisey,heisech01
2012,CIN,Logan Ondrusek,492500,Logan,Ondrusek,logan,ondrusek,ondrulo01
2012,CIN,Sam LeCure,487500,Sam,LeCure,sam,lecure,lecursa01
2012,CIN,Alfredo Simon,487000,Alfredo,Simon,alfredo,simon,simonal01
2012,CIN,Zack Cozart,480000,Zack,Cozart,zack,cozart,cozarza01
2012,CIN,Devin Mesoraco,480000,Devin,Mesoraco,devin,mesoraco,mesorde01
2012,CIN,Jordan Smith,480000,Jordan,Smith,jordan,smith,smithjo09
2013,CIN,Joey Votto,18910655,Joey,Votto,joey,votto,vottojo01
2013,CIN,Bronson Arroyo,16445535,Bronson,Arroyo,bronson,arroyo,arroybr01
2013,CIN,Brandon Phillips,10083333,Brandon,Phillips,brandon,phillips,phillbr01
2013,CIN,Jay Bruce,7541667,Jay,Bruce,jay,bruce,bruceja01
2013,CIN,Johnny Cueto,7400000,Johnny,Cueto,johnny,cueto,cuetojo01
2013,CIN,Shin-Soo Choo,7375000,Shin-Soo,Choo,shinsoo,choo,choosh01
2013,CIN,Homer Bailey,5350000,Homer,Bailey,homer,bailey,baileho01
2013,CIN,Aroldis Chapman,4835772,Aroldis,Chapman,aroldis,chapman,chapmar01
2013,CIN,Sean Marshall,4625000,Sean,Marshall,sean,marshall,marshse01
2013,CIN,Mat Latos,4250000,Mat,Latos,mat,latos,latosma01
2013,CIN,Jonathan Broxton,4000000,Jonathan,Broxton,jonathan,broxton,brotjo01
2013,CIN,Mike Leake,3060000,Mike,Leake,mike,leake,leakemi01
2013,CIN,Ryan Hanigan,2350000,Ryan,Hanigan,ryan,hanigan,hanigry01
2013,CIN,Ryan Ludwick,2000000,Ryan,Ludwick,ryan,ludwick,ludwiry01
2013,CIN,Chris Heisey,1325000,Chris,Heisey,chris,heisey,heisech01
2013,CIN,Jack Hannahan,1000000,Jack,Hannahan,jack,hannahan,hannaja01
2013,CIN,Manny Parra,1000000,Manny,Parra,manny,parra,parrama01
2013,CIN,Logan Ondrusek,950000,Logan,Ondrusek,logan,ondrusek,ondrulo01
2013,CIN,Alfredo Simon,890000,Alfredo,Simon,alfredo,simon,simonal01
2013,CIN,Todd Frazier,527500,Todd,Frazier,todd,frazier,frazito01
2013,CIN,Sam LeCure,510000,Sam,LeCure,sam,lecure,lecursa01
2013,CIN,Xavier Paul,505000,Xavier,Paul,xavier,paul,paula01
2013,CIN,Zack Cozart,497500,Zack,Cozart,zack,cozart,cozarza01
2013,CIN,J. J. Hoover,492500,J. J.,Hoover,jj,hoover,hoovejj01
2013,CIN,Devin Mesoraco,480000,Devin,Mesoraco,devin,mesoraco,mesorde01
2014,CIN,Joey Votto,12000000,Joey,Votto,joey,votto,vottojo01
2014,CIN,Brandon Phillips,11000000,Brandon,Phillips,brandon,phillips,phillbr01
2014,CIN,Jay Bruce,10000000,Jay,Bruce,jay,bruce,bruceja01
2014,CIN,Johnny Cueto,10000000,Johnny,Cueto,johnny,cueto,cuetojo01
2014,CIN,Homer Bailey,9000000,Homer,Bailey,homer,bailey,baileho01
2014,CIN,Ryan Ludwick,8500000,Ryan,Ludwick,ryan,ludwick,ludwiry01
2014,CIN,Mat Latos,7250000,Mat,Latos,mat,latos,latosma01
2014,CIN,Jonathan Broxton,7000000,Jonathan,Broxton,jonathan,broxton,brotjo01
2014,CIN,Mike Leake,5925000,Mike,Leake,mike,leake,leakemi01
2014,CIN,Sean Marshall,5500000,Sean,Marshall,sean,marshall,marshse01
2014,CIN,Aroldis Chapman,5000000,Aroldis,Chapman,aroldis,chapman,chapmar01
2014,CIN,Manny Parra,2000000,Manny,Parra,manny,parra,parrama01
2014,CIN,Skip Schumaker,2000000,Skip,Schumaker,skip,schumaker,schumsk01
2014,CIN,Chris Heisey,1760000,Chris,Heisey,chris,heisey,heisech01
2014,CIN,Alfredo Simon,1500000,Alfredo,Simon,alfredo,simon,simonal01
2014,CIN,Logan Ondrusek,1350000,Logan,Ondrusek,logan,ondrusek,ondrulo01
2014,CIN,Sam LeCure,1200000,Sam,LeCure,sam,lecure,lecursa01
2014,CIN,Ramon Santiago,1100000,Ramon,Santiago,ramon,santiago,santira01
2014,CIN,Jack Hannahan,1000000,Jack,Hannahan,jack,hannahan,hannaja01
2014,CIN,Brayan Pena,875000,Brayan,Pena,brayan,pena,penabr01
2014,CIN,Zack Cozart,600000,Zack,Cozart,zack,cozart,cozarza01
2014,CIN,Todd Frazier,600000,Todd,Frazier,todd,frazier,frazito01
2014,CIN,Devin Mesoraco,525000,Devin,Mesoraco,devin,mesoraco,mesorde01
2014,CIN,J. J. Hoover,520000,J. J.,Hoover,jj,hoover,hoovejj01
2014,CIN,Tony Cingrani,512500,Tony,Cingrani,tony,cingrani,cingrto01
2014,CIN,Nick Christiani,500000,Nick,Christiani,nick,christiani,chrisni01
2014,CIN,Billy Hamilton,500000,Billy,Hamilton,billy,hamilton,hamilbi02
2014,CIN,Neftali Soto,500000,Neftali,Soto,neftali,soto,sotone01
2015,CIN,Joey Votto,14000000,Joey,Votto,joey,votto,vottojo01
2015,CIN,Jay Bruce,12000000,Jay,Bruce,jay,bruce,bruceja01
2015,CIN,Brandon Phillips,12000000,Brandon,Phillips,brandon,phillips,phillbr01
2015,CIN,Homer Bailey,10000000,Homer,Bailey,homer,bailey,baileho01
2015,CIN,Johnny Cueto,10000000,Johnny,Cueto,johnny,cueto,cuetojo01
2015,CIN,Mike Leake,9775000,Mike,Leake,mike,leake,leakemi01
2015,CIN,Aroldis Chapman,8050000,Aroldis,Chapman,aroldis,chapman,chapmar01
2015,CIN,Marlon Byrd,8000000,Marlon,Byrd,marlon,byrd,byrdma01
2015,CIN,Todd Frazier,4500000,Todd,Frazier,todd,frazier,frazito01
2015,CIN,Manny Parra,3500000,Manny,Parra,manny,parra,parrama01
2015,CIN,Devin Mesoraco,2525000,Devin,Mesoraco,devin,mesoraco,mesorde01
2015,CIN,Skip Schumaker,2500000,Skip,Schumaker,skip,schumaker,schumsk01
2015,CIN,Zack Cozart,2350000,Zack,Cozart,zack,cozart,cozarza01
2015,CIN,Sam LeCure,1850000,Sam,LeCure,sam,lecure,lecursa01
2015,CIN,Raisel Iglesias,1714286,Raisel,Iglesias,raisel,iglesias,iglesra01
2015,CIN,Kevin Gregg,1500000,Kevin,Gregg,kevin,gregg,greggke01
2015,CIN,Jason Marquis,1500000,Jason,Marquis,jason,marquis,marquja01
2015,CIN,Brayan Pena,1400000,Brayan,Pena,brayan,pena,penabr01
2015,CIN,Brennan Boesch,1250000,Brennan,Boesch,brennan,boesch,boescbr01
2015,CIN,Burke Badenhop,1000000,Burke,Badenhop,burke,badenhop,badenbu01
2015,CIN,Billy Hamilton,545000,Billy,Hamilton,billy,hamilton,hamilbi02
2015,CIN,J. J. Hoover,535000,J. J.,Hoover,jj,hoover,hoovejj01
2015,CIN,Tony Cingrani,525500,Tony,Cingrani,tony,cingrani,cingrto01
2015,CIN,Jason Bourgeois,522500,Jason,Bourgeois,jason,bourgeois,bourgja01
2015,CIN,Kristopher Negron,512500,Kristopher,Negron,kristopher,negron,negrokr01
2015,CIN,Jumbo Diaz,510000,Jumbo,Diaz,jumbo,diaz,diazju01
2015,CIN,Anthony DeSclafani,507500,Anthony,DeSclafani,anthony,desclafani,desclan01
2016,CIN,Joey Votto,20000000,Joey,Votto,joey,votto,vottojo01
2016,CIN,Homer Bailey,18000000,Homer,Bailey,homer,bailey,baileho01
2016,CIN,Brandon Phillips,13083333,Brandon,Phillips,brandon,phillips,phillbr01
2016,CIN,Jay Bruce,12541666,Jay,Bruce,jay,bruce,bruceja01
2016,CIN,Devin Mesoraco,5025000,Devin,Mesoraco,devin,mesoraco,mesorde01
2016,CIN,Raisel Iglesias,3214285,Raisel,Iglesias,raisel,iglesias,iglesra01
2016,CIN,Zack Cozart,2925000,Zack,Cozart,zack,cozart,cozarza01
2016,CIN,Alfredo Simon,2000000,Alfredo,Simon,alfredo,simon,simonal01
2016,CIN,J. J. Hoover,1400000,J. J.,Hoover,jj,hoover,hoovejj01
2016,CIN,Ross Ohlendorf,800000,Ross,Ohlendorf,ross,ohlendorf,ohlenro01
2016,CIN,Blake Wood,600000,Blake,Wood,blake,wood,woodbl01
2016,CIN,Billy Hamilton,570000,Billy,Hamilton,billy,hamilton,hamilbi02
2016,CIN,Eugenio Suarez,545000,Eugenio,Suarez,eugenio,suarez,suareeu01
2016,CIN,Anthony DeSclafani,540000,Anthony,DeSclafani,anthony,desclafani,desclan01
2016,CIN,Tony Cingrani,530000,Tony,Cingrani,tony,cingrani,cingrto01
2016,CIN,Jumbo Diaz,525000,Jumbo,Diaz,jumbo,diaz,diazju01
2016,CIN,Tucker Barnhart,517500,Tucker,Barnhart,tucker,barnhart,barnhtu01
2016,CIN,Ivan De Jesus,517000,Ivan De,Jesus,ivande,jesus,jesusiv01
2016,CIN,Michael Lorenzen,516500,Michael,Lorenzen,michael,lorenzen,lorenmi01
2016,CIN,Dan Straily,512100,Dan,Straily,dan,straily,straida01
2016,CIN,Brandon Finnegan,511500,Brandon,Finnegan,brandon,finnegan,finnebr01
2016,CIN,Adam Duvall,510000,Adam,Duvall,adam,duvall,duvalad01
2016,CIN,Caleb Cotham,509675,Caleb,Cotham,caleb,cotham,cothaca01
2016,CIN,Tyler Holt,508000,Tyler,Holt,tyler,holt,holtty01
2016,CIN,Jon Moscot,508000,Jon,Moscot,jon,moscot,moscojo01
2016,CIN,Kyle Skipworth,508000,Kyle,Skipworth,kyle,skipworth,skipwky01
2016,CIN,John Lamb,507500,John,Lamb,john,lamb,lambjo01
2016,CIN,Keyvius Sampson,507500,Keyvius,Sampson,keyvius,sampson,sampske01
2016,CIN,Scott Schebler,507500,Scott,Schebler,scott,schebler,schebsc01
2011,CLE,Travis Hafner,13000000,Travis,Hafner,travis,hafner,hafnetr01
2011,CLE,Grady Sizemore,7666666,Grady,Sizemore,grady,sizemore,sizemgr01
2011,CLE,Roberto Hernandez,6287500,Roberto,Hernandez,roberto,hernandez,hernaro01
2011,CLE,Shin-Soo Choo,3975000,Shin-Soo,Choo,shinsoo,choo,choosh01
2011,CLE,Chris Perez,2225000,Chris,Perez,chris,perez,perezch01
2011,CLE,Asdrubal Cabrera,2025000,Asdrubal,Cabrera,asdrubal,cabrera,cabreas01
2011,CLE,Rafael Perez,1330000,Rafael,Perez,rafael,perez,perezra01
2011,CLE,Austin Kearns,1300000,Austin,Kearns,austin,kearns,kearnau01
2011,CLE,Orlando Cabrera,1000000,Orlando,Cabrera,orlando,cabrera,cabreor01
2011,CLE,Joe Smith,870000,Joe,Smith,joe,smith,smithjo09
2011,CLE,Chad Durbin,800000,Chad,Durbin,chad,durbin,durbich01
2011,CLE,Adam Everett,700000,Adam,Everett,adam,everett,everead01
2011,CLE,Travis Buck,625000,Travis,Buck,travis,buck,bucktr01
2011,CLE,Shelley Duncan,500000,Shelley,Duncan,shelley,duncan,duncash01
2011,CLE,Jack Hannahan,500000,Jack,Hannahan,jack,hannahan,hannaja01
2011,CLE,Justin Masterson,468400,Justin,Masterson,justin,masterson,masteju01
2011,CLE,Tony Sipp,436800,Tony,Sipp,tony,sipp,sippto01
2011,CLE,Trevor Crowe,435700,Trevor,Crowe,trevor,crowe,crowetr01
2011,CLE,Mitch Talbot,431700,Mitch,Talbot,mitch,talbot,talbomi01
2011,CLE,Matt LaPorta,431400,Matt,LaPorta,matt,laporta,laporma01
2011,CLE,Lou Marson,424300,Lou,Marson,lou,marson,marsolo01
2011,CLE,Jason Donald,423200,Jason,Donald,jason,donald,donalja01
2011,CLE,Michael Brantley,421800,Michael,Brantley,michael,brantley,brantmi02
2011,CLE,Frank Herrmann,419800,Frank,Herrmann,frank,herrmann,herrmfr01
2011,CLE,Josh Tomlin,417200,Josh,Tomlin,josh,tomlin,tomlijo01
2011,CLE,Carlos Santana,416600,Carlos,Santana,carlos,santana,santaca01
2011,CLE,Carlos Carrasco,415800,Carlos,Carrasco,carlos,carrasco,carraca01
2011,CLE,Justin Germano,415600,Justin,Germano,justin,germano,germaju01
2011,CLE,Vinnie Pestano,414100,Vinnie,Pestano,vinnie,pestano,pestavi01
2012,CLE,Derek Lowe,15000000,Derek,Lowe,derek,lowe,lowede01
2012,CLE,Travis Hafner,13000000,Travis,Hafner,travis,hafner,hafnetr01
2012,CLE,Roberto Hernandez,7000000,Roberto,Hernandez,roberto,hernandez,hernaro01
2012,CLE,Grady Sizemore,5000000,Grady,Sizemore,grady,sizemore,sizemgr01
2012,CLE,Shin-Soo Choo,4900000,Shin-Soo,Choo,shinsoo,choo,choosh01
2012,CLE,Asdrubal Cabrera,4550000,Asdrubal,Cabrera,asdrubal,cabrera,cabreas01
2012,CLE,Chris Perez,4500000,Chris,Perez,chris,perez,perezch01
2012,CLE,Ubaldo Jimenez,4200000,Ubaldo,Jimenez,ubaldo,jimenez,jimenub01
2012,CLE,Justin Masterson,3825000,Justin,Masterson,justin,masterson,masteju01
2012,CLE,Casey Kotchman,3000000,Casey,Kotchman,casey,kotchman,kotchca01
2012,CLE,Rafael Perez,2005000,Rafael,Perez,rafael,perez,perezra01
2012,CLE,Joe Smith,1750000,Joe,Smith,joe,smith,smithjo09
2012,CLE,Jack Hannahan,1135000,Jack,Hannahan,jack,hannahan,hannaja01
2012,CLE,Dan Wheeler,900000,Dan,Wheeler,dan,wheeler,wheelda01
2012,CLE,Jose Lopez,800000,Jose,Lopez,jose,lopez,lopezjo01
2012,CLE,Tony Sipp,504900,Tony,Sipp,tony,sipp,sippto01
2012,CLE,Carlos Santana,501900,Carlos,Santana,carlos,santana,santaca01
2012,CLE,Shelley Duncan,500000,Shelley,Duncan,shelley,duncan,duncash01
2012,CLE,Michael Brantley,495300,Michael,Brantley,michael,brantley,brantmi02
2012,CLE,Josh Tomlin,494500,Josh,Tomlin,josh,tomlin,tomlijo01
2012,CLE,Lou Marson,491700,Lou,Marson,lou,marson,marsolo01
2012,CLE,Vinnie Pestano,491200,Vinnie,Pestano,vinnie,pestano,pestavi01
2012,CLE,Carlos Carrasco,488500,Carlos,Carrasco,carlos,carrasco,carraca01
2012,CLE,David Huff,486200,David,Huff,david,huff,huffda01
2012,CLE,Jason Donald,484000,Jason,Donald,jason,donald,donalja01
2012,CLE,Jeanmar Gomez,482700,Jeanmar,Gomez,jeanmar,gomez,gomezje01
2012,CLE,Aaron Cunningham,482300,Aaron,Cunningham,aaron,cunningham,cunniaa01
2012,CLE,Jason Kipnis,482100,Jason,Kipnis,jason,kipnis,kipnija01
2012,CLE,Jairo Asencio,480000,Jairo,Asencio,jairo,asencio,asencja01
2013,CLE,Nick Swisher,11000000,Nick,Swisher,nick,swisher,swishni01
2013,CLE,Chris Perez,7300000,Chris,Perez,chris,perez,perezch01
2013,CLE,Michael Bourn,7000000,Michael,Bourn,michael,bourn,bournmi01
2013,CLE,Brett Myers,7000000,Brett,Myers,brett,myers,myersbr01
2013,CLE,Asdrubal Cabrera,6500000,Asdrubal,Cabrera,asdrubal,cabrera,cabreas01
2013,CLE,Mark Reynolds,6000000,Mark,Reynolds,mark,reynolds,reynoma01
2013,CLE,Ubaldo Jimenez,5750000,Ubaldo,Jimenez,ubaldo,jimenez,jimenub01
2013,CLE,Justin Masterson,5687500,Justin,Masterson,justin,masterson,masteju01
2013,CLE,Joe Smith,3150000,Joe,Smith,joe,smith,smithjo09
2013,CLE,Drew Stubbs,2825000,Drew,Stubbs,drew,stubbs,stubbdr01
2013,CLE,Mike Aviles,2250000,Mike,Aviles,mike,aviles,avilemi01
2013,CLE,Matt Albers,1750000,Matt,Albers,matt,albers,alberma01
2013,CLE,Rich Hill,1000000,Rich,Hill,rich,hill,hillri01
2013,CLE,Lou Marson,1000000,Lou,Marson,lou,marson,marsolo01
2013,CLE,Jason Giambi,750000,Jason,Giambi,jason,giambi,giambja01
2013,CLE,Carlos Santana,750000,Carlos,Santana,carlos,santana,santaca01
2013,CLE,Blake Wood,560000,Blake,Wood,blake,wood,woodbl01
2013,CLE,Michael Brantley,526900,Michael,Brantley,michael,brantley,brantmi02
2013,CLE,Jason Kipnis,509400,Jason,Kipnis,jason,kipnis,kipnija01
2013,CLE,Vinnie Pestano,501900,Vinnie,Pestano,vinnie,pestano,pestavi01
2013,CLE,Josh Tomlin,501800,Josh,Tomlin,josh,tomlin,tomlijo01
2013,CLE,Bryan Shaw,501700,Bryan,Shaw,bryan,shaw,shawbr01
2013,CLE,Zach McAllister,496400,Zach,McAllister,zach,mcallister,mcallza01
2013,CLE,David Huff,493600,David,Huff,david,huff,huffda01
2013,CLE,Lonnie Chisenhall,492900,Lonnie,Chisenhall,lonnie,chisenhall,chiselo01
2013,CLE,Cody Allen,492600,Cody,Allen,cody,allen,allenco01
2013,CLE,Nick Hagadone,492100,Nick,Hagadone,nick,hagadone,hagadni01
2013,CLE,Carlos Carrasco,490000,Carlos,Carrasco,carlos,carrasco,carraca01
2014,CLE,Nick Swisher,15000000,Nick,Swisher,nick,swisher,swishni01
2014,CLE,Michael Bourn,13500000,Michael,Bourn,michael,bourn,bournmi01
2014,CLE,Asdrubal Cabrera,10000000,Asdrubal,Cabrera,asdrubal,cabrera,cabreas01
2014,CLE,Justin Masterson,9762500,Justin,Masterson,justin,masterson,masteju01
2014,CLE,David Murphy,5500000,David,Murphy,david,murphy,murphda01
2014,CLE,John Axford,4500000,John,Axford,john,axford,aforjo01
2014,CLE,Mike Aviles,3500000,Mike,Aviles,mike,aviles,avilemi01
2014,CLE,Carlos Santana,3500000,Carlos,Santana,carlos,santana,santaca01
2014,CLE,Ryan Raburn,2250000,Ryan,Raburn,ryan,raburn,raburry01
2014,CLE,Jason Kipnis,2166666,Jason,Kipnis,jason,kipnis,kipnija01
2014,CLE,Michael Brantley,1500000,Michael,Brantley,michael,brantley,brantmi02
2014,CLE,Marc Rzepczynski,1375000,Marc,Rzepczynski,marc,rzepczynski,rzepcma01
2014,CLE,Josh Outman,1250000,Josh,Outman,josh,outman,outmajo01
2014,CLE,Trevor Bauer,1183333,Trevor,Bauer,trevor,bauer,bauertr01
2014,CLE,Elliot Johnson,930000,Elliot,Johnson,elliot,johnson,johnsel01
2014,CLE,Scott Atchison,800000,Scott,Atchison,scott,atchison,atchisc01
2014,CLE,Josh Tomlin,800000,Josh,Tomlin,josh,tomlin,tomlijo01
2014,CLE,Yan Gomes,550000,Yan,Gomes,yan,gomes,gomesya01
2014,CLE,Bryan Shaw,529500,Bryan,Shaw,bryan,shaw,shawbr01
2014,CLE,Cody Allen,515400,Cody,Allen,cody,allen,allenco01
2014,CLE,Corey Kluber,514000,Corey,Kluber,corey,kluber,klubeco01
2014,CLE,Lonnie Chisenhall,510800,Lonnie,Chisenhall,lonnie,chisenhall,chiselo01
2014,CLE,Carlos Carrasco,504700,Carlos,Carrasco,carlos,carrasco,carraca01
2014,CLE,Zach McAllister,504500,Zach,McAllister,zach,mcallister,mcallza01
2014,CLE,Justin Sellers,504000,Justin,Sellers,justin,sellers,selleju01
2014,CLE,Danny Salazar,501500,Danny,Salazar,danny,salazar,salazda01
2015,CLE,Nick Swisher,15000000,Nick,Swisher,nick,swisher,swishni01
2015,CLE,Michael Bourn,13500000,Michael,Bourn,michael,bourn,bournmi01
2015,CLE,Brandon Moss,6500000,Brandon,Moss,brandon,moss,mossbr01
2015,CLE,David Murphy,6000000,David,Murphy,david,murphy,murphda01
2015,CLE,Carlos Santana,6000000,Carlos,Santana,carlos,santana,santaca01
2015,CLE,Michael Brantley,5875000,Michael,Brantley,michael,brantley,brantmi02
2015,CLE,Jason Kipnis,4166666,Jason,Kipnis,jason,kipnis,kipnija01
2015,CLE,Gavin Floyd,4000000,Gavin,Floyd,gavin,floyd,floydga01
2015,CLE,Mike Aviles,3500000,Mike,Aviles,mike,aviles,avilemi01
2015,CLE,Ryan Raburn,2500000,Ryan,Raburn,ryan,raburn,raburry01
2015,CLE,Marc Rzepczynski,2400000,Marc,Rzepczynski,marc,rzepczynski,rzepcma01
2015,CLE,Carlos Carrasco,2337500,Carlos,Carrasco,carlos,carrasco,carraca01
2015,CLE,Lonnie Chisenhall,2250000,Lonnie,Chisenhall,lonnie,chisenhall,chiselo01
2015,CLE,Trevor Bauer,1940000,Trevor,Bauer,trevor,bauer,bauertr01
2015,CLE,Bryan Shaw,1550000,Bryan,Shaw,bryan,shaw,shawbr01
2015,CLE,Josh Tomlin,1500000,Josh,Tomlin,josh,tomlin,tomlijo01
2015,CLE,Corey Kluber,1200000,Corey,Kluber,corey,kluber,klubeco01
2015,CLE,Yan Gomes,1000000,Yan,Gomes,yan,gomes,gomesya01
2015,CLE,Scott Atchison,900000,Scott,Atchison,scott,atchison,atchisc01
2015,CLE,Anthony Swarzak,900000,Anthony,Swarzak,anthony,swarzak,swarzan01
2015,CLE,Cody Allen,547100,Cody,Allen,cody,allen,allenco01
2015,CLE,Zach McAllister,520400,Zach,McAllister,zach,mcallister,mcallza01
2015,CLE,Nick Hagadone,517100,Nick,Hagadone,nick,hagadone,hagadni01
2015,CLE,T. J. House,511900,T. J.,House,tj,house,housetj01
2015,CLE,Jose Ramirez,511300,Jose,Ramirez,jose,ramirez,ramirjo01
2015,CLE,Kyle Crockett,510900,Kyle,Crockett,kyle,crockett,crockky01
2015,CLE,Zach Walters,509600,Zach,Walters,zach,walters,walteza01
2015,CLE,Roberto Perez,508600,Roberto,Perez,roberto,perez,perezro01
2015,CLE,Austin Adams,507700,Austin,Adams,austin,adams,adamsau01
2016,CLE,Carlos Santana,8450000,Carlos,Santana,carlos,santana,santaca01
2016,CLE,Michael Brantley,7375000,Michael,Brantley,michael,brantley,brantmi02
2016,CLE,Mike Napoli,7000000,Mike,Napoli,mike,napoli,napolmi01
2016,CLE,Jason Kipnis,6166667,Jason,Kipnis,jason,kipnis,kipnija01
2016,CLE,Rajai Davis,5250000,Rajai,Davis,rajai,davis,davisra01
2016,CLE,Corey Kluber,4700000,Corey,Kluber,corey,kluber,klubeco01
2016,CLE,Carlos Carrasco,4500000,Carlos,Carrasco,carlos,carrasco,carraca01
2016,CLE,Cody Allen,4150000,Cody,Allen,cody,allen,allenco01
2016,CLE,Juan Uribe,4000000,Juan,Uribe,juan,uribe,uribeju01
2016,CLE,Bryan Shaw,2750000,Bryan,Shaw,bryan,shaw,shawbr01
2016,CLE,Lonnie Chisenhall,2725000,Lonnie,Chisenhall,lonnie,chisenhall,chiselo01
2016,CLE,Yan Gomes,2583333,Yan,Gomes,yan,gomes,gomesya01
2016,CLE,Josh Tomlin,2250000,Josh,Tomlin,josh,tomlin,tomlijo01
2016,CLE,Tommy Hunter,2000000,Tommy,Hunter,tommy,hunter,hunteto01
2016,CLE,Trevor Bauer,1697500,Trevor,Bauer,trevor,bauer,bauertr01
2016,CLE,Zach McAllister,1300000,Zach,McAllister,zach,mcallister,mcallza01
2016,CLE,Marlon Byrd,1000000,Marlon,Byrd,marlon,byrd,byrdma01
2016,CLE,Collin Cowgill,1000000,Collin,Cowgill,collin,cowgill,cowgico01
2016,CLE,Ross Detwiler,1000000,Ross,Detwiler,ross,detwiler,detwiro01
2016,CLE,Jeff Manship,765000,Jeff,Manship,jeff,manship,manshje01
2016,CLE,Francisco Lindor,540300,Francisco,Lindor,francisco,lindor,lindofr01
2016,CLE,Danny Salazar,536200,Danny,Salazar,danny,salazar,salazda01
2016,CLE,Dan Otero,520000,Dan,Otero,dan,otero,oteroda01
2016,CLE,Jose Ramirez,518200,Jose,Ramirez,jose,ramirez,ramirjo01
2016,CLE,Roberto Perez,515800,Roberto,Perez,roberto,perez,perezro01
2016,CLE,Cody Anderson,511400,Cody,Anderson,cody,anderson,anderco01
2016,CLE,Tyler Naquin,507500,Tyler,Naquin,tyler,naquin,naquity01
2011,COL,Todd Helton,20275000,Todd,Helton,todd,helton,heltoto01
2011,COL,Jorge De La Rosa,10000000,Jorge De La,Rosa,jorgedela,rosa,rosajo01
2011,COL,Aaron Cook,9875000,Aaron,Cook,aaron,cook,cookaa01
2011,COL,Huston Street,7300000,Huston,Street,huston,street,streehu01
2011,COL,Troy Tulowitzki,5500000,Troy,Tulowitzki,troy,tulowitzki,tulowtr01
2011,COL,Rafael Betancourt,3775000,Rafael,Betancourt,rafael,betancourt,betanra01
2011,COL,Jose Lopez,3600000,Jose,Lopez,jose,lopez,lopezjo01
2011,COL,Ty Wigginton,3500000,Ty,Wigginton,ty,wigginton,wiggity01
2011,COL,Jason Hammel,3000000,Jason,Hammel,jason,hammel,hammeja01
2011,COL,Ubaldo Jimenez,2800000,Ubaldo,Jimenez,ubaldo,jimenez,jimenub01
2011,COL,Matt Lindstrom,2800000,Matt,Lindstrom,matt,lindstrom,lindsma01
2011,COL,Chris Iannetta,2550000,Chris,Iannetta,chris,iannetta,iannech01
2011,COL,Matt Belisle,2350000,Matt,Belisle,matt,belisle,belisma01
2011,COL,Ian Stewart,2287500,Ian,Stewart,ian,stewart,stewaia01
2011,COL,Ryan Spilborghs,1950000,Ryan,Spilborghs,ryan,spilborghs,spilbry01
2011,COL,Carlos Gonzalez,1428571,Carlos,Gonzalez,carlos,gonzalez,gonzaca01
2011,COL,Jason Giambi,1000000,Jason,Giambi,jason,giambi,giambja01
2011,COL,Felipe Paulino,790000,Felipe,Paulino,felipe,paulino,paulife01
2011,COL,Seth Smith,429000,Seth,Smith,seth,smith,smithse01
2011,COL,Dexter Fowler,424000,Dexter,Fowler,dexter,fowler,fowlede01
2011,COL,Franklin Morales,424000,Franklin,Morales,franklin,morales,moralfr01
2011,COL,Jose Morales,420000,Jose,Morales,jose,morales,moraljo01
2011,COL,Jhoulys Chacin,419000,Jhoulys,Chacin,jhoulys,chacin,chacijh01
2011,COL,Jonathan Herrera,419000,Jonathan,Herrera,jonathan,herrera,herrejo01
2011,COL,Esmil Rogers,417000,Esmil,Rogers,esmil,rogers,rogeres01
2011,COL,Matt Reynolds,415000,Matt,Reynolds,matt,reynolds,reynoma01
2012,COL,Michael Cuddyer,10500000,Michael,Cuddyer,michael,cuddyer,cuddymi01
2012,COL,Jorge De La Rosa,10500000,Jorge De La,Rosa,jorgedela,rosa,rosajo01
2012,COL,Troy Tulowitzki,8250000,Troy,Tulowitzki,troy,tulowitzki,tulowtr01
2012,COL,Jeremy Guthrie,8200000,Jeremy,Guthrie,jeremy,guthrie,guthrje01
2012,COL,Todd Helton,6075000,Todd,Helton,todd,helton,heltoto01
2012,COL,Marco Scutaro,6000000,Marco,Scutaro,marco,scutaro,scutama01
2012,COL,Carlos Gonzalez,5428571,Carlos,Gonzalez,carlos,gonzalez,gonzaca01
2012,COL,Rafael Betancourt,4000000,Rafael,Betancourt,rafael,betancourt,betanra01
2012,COL,Matt Belisle,3775000,Matt,Belisle,matt,belisle,belisma01
2012,COL,Ramon Hernandez,3200000,Ramon,Hernandez,ramon,hernandez,hernara01
2012,COL,Dexter Fowler,2350000,Dexter,Fowler,dexter,fowler,fowlede01
2012,COL,Jamie Moyer,1100000,Jamie,Moyer,jamie,moyer,moyerja01
2012,COL,Jason Giambi,1000000,Jason,Giambi,jason,giambi,giambja01
2012,COL,Jhoulys Chacin,482000,Jhoulys,Chacin,jhoulys,chacin,chacijh01
2012,COL,Jonathan Herrera,482000,Jonathan,Herrera,jonathan,herrera,herrejo01
2012,COL,Josh Outman,482000,Josh,Outman,josh,outman,outmajo01
2012,COL,Tyler Colvin,481000,Tyler,Colvin,tyler,colvin,colvity01
2012,COL,Matt Reynolds,481000,Matt,Reynolds,matt,reynolds,reynoma01
2012,COL,Josh Roenicke,481000,Josh,Roenicke,josh,roenicke,roenijo01
2012,COL,Esmil Rogers,481000,Esmil,Rogers,esmil,rogers,rogeres01
2012,COL,Eric Young,481000,Eric,Young,eric,young,younger01
2012,COL,Charlie Blackmon,480000,Charlie,Blackmon,charlie,blackmon,blackch02
2012,COL,Rex Brothers,480000,Rex,Brothers,rex,brothers,brothre01
2012,COL,Tyler Chatwood,480000,Tyler,Chatwood,tyler,chatwood,chatwty01
2012,COL,Hector Gomez,480000,Hector,Gomez,hector,gomez,gomezhe01
2012,COL,Chris Nelson,480000,Chris,Nelson,chris,nelson,nelsoch01
2012,COL,Juan Nicasio,480000,Juan,Nicasio,juan,nicasio,nicasju01
2012,COL,Jordan Pacheco,480000,Jordan,Pacheco,jordan,pacheco,pachejo01
2012,COL,Wilin Rosario,480000,Wilin,Rosario,wilin,rosario,rosarwi01
2013,COL,Jorge De La Rosa,11000000,Jorge De La,Rosa,jorgedela,rosa,rosajo01
2013,COL,Michael Cuddyer,10500000,Michael,Cuddyer,michael,cuddyer,cuddymi01
2013,COL,Troy Tulowitzki,10000000,Troy,Tulowitzki,troy,tulowitzki,tulowtr01
2013,COL,Carlos Gonzalez,7928571,Carlos,Gonzalez,carlos,gonzalez,gonzaca01
2013,COL,Todd Helton,6175000,Todd,Helton,todd,helton,heltoto01
2013,COL,Rafael Betancourt,4250000,Rafael,Betancourt,rafael,betancourt,betanra01
2013,COL,Matt Belisle,4100000,Matt,Belisle,matt,belisle,belisma01
2013,COL,Dexter Fowler,3750000,Dexter,Fowler,dexter,fowler,fowlede01
2013,COL,Ramon Hernandez,3200000,Ramon,Hernandez,ramon,hernandez,hernara01
2013,COL,Tyler Colvin,2275000,Tyler,Colvin,tyler,colvin,colvity01
2013,COL,Wilton Lopez,1762500,Wilton,Lopez,wilton,lopez,lopezwi01
2013,COL,Jhoulys Chacin,1650000,Jhoulys,Chacin,jhoulys,chacin,chacijh01
2013,COL,Jeff Francis,1500000,Jeff,Francis,jeff,francis,francje01
2013,COL,Jonathan Herrera,900000,Jonathan,Herrera,jonathan,herrera,herrejo01
2013,COL,Jon Garland,500000,Jon,Garland,jon,garland,garlajo01
2013,COL,Reid Brignac,499000,Reid,Brignac,reid,brignac,brignre01
2013,COL,Eric Young,492000,Eric,Young,eric,young,younger01
2013,COL,Rex Brothers,491000,Rex,Brothers,rex,brothers,brothre01
2013,COL,Edgmer Escalona,491000,Edgmer,Escalona,edgmer,escalona,escaled01
2013,COL,Chris Nelson,491000,Chris,Nelson,chris,nelson,nelsoch01
2013,COL,Juan Nicasio,491000,Juan,Nicasio,juan,nicasio,nicasju01
2013,COL,Adam Ottavino,491000,Adam,Ottavino,adam,ottavino,ottavad01
2013,COL,Jordan Pacheco,491000,Jordan,Pacheco,jordan,pacheco,pachejo01
2013,COL,Wilin Rosario,491000,Wilin,Rosario,wilin,rosario,rosarwi01
2013,COL,Josh Rutledge,490000,Josh,Rutledge,josh,rutledge,rutlejo01
2014,COL,Troy Tulowitzki,16000000,Troy,Tulowitzki,troy,tulowitzki,tulowtr01
2014,COL,Jorge De La Rosa,11000000,Jorge De La,Rosa,jorgedela,rosa,rosajo01
2014,COL,Michael Cuddyer,10500000,Michael,Cuddyer,michael,cuddyer,cuddymi01
2014,COL,Carlos Gonzalez,10500000,Carlos,Gonzalez,carlos,gonzalez,gonzaca01
2014,COL,Brett Anderson,8000000,Brett,Anderson,brett,anderson,anderbr06
2014,COL,Justin Morneau,5000000,Justin,Morneau,justin,morneau,morneju01
2014,COL,Jhoulys Chacin,4850000,Jhoulys,Chacin,jhoulys,chacin,chacijh01
2014,COL,Boone Logan,4750000,Boone,Logan,boone,logan,loganbo01
2014,COL,Matt Belisle,4250000,Matt,Belisle,matt,belisle,belisma01
2014,COL,Drew Stubbs,4100000,Drew,Stubbs,drew,stubbs,stubbdr01
2014,COL,LaTroy Hawkins,2250000,LaTroy,Hawkins,latroy,hawkins,hawkila01
2014,COL,Wilton Lopez,2200000,Wilton,Lopez,wilton,lopez,lopezwi01
2014,COL,Juan Nicasio,2025000,Juan,Nicasio,juan,nicasio,nicasju01
2014,COL,Franklin Morales,1712500,Franklin,Morales,franklin,morales,moralfr01
2014,COL,Michael McKenry,750000,Michael,McKenry,michael,mckenry,mckenmi01
2014,COL,Rex Brothers,502000,Rex,Brothers,rex,brothers,brothre01
2014,COL,Tyler Chatwood,502000,Tyler,Chatwood,tyler,chatwood,chatwty01
2014,COL,Jordan Lyles,502000,Jordan,Lyles,jordan,lyles,lylesjo01
2014,COL,Adam Ottavino,502000,Adam,Ottavino,adam,ottavino,ottavad01
2014,COL,Jordan Pacheco,502000,Jordan,Pacheco,jordan,pacheco,pachejo01
2014,COL,Wilin Rosario,502000,Wilin,Rosario,wilin,rosario,rosarwi01
2014,COL,Brandon Barnes,501000,Brandon,Barnes,brandon,barnes,barnebr01
2014,COL,Charlie Blackmon,501000,Charlie,Blackmon,charlie,blackmon,blackch02
2014,COL,DJ LeMahieu,501000,DJ,LeMahieu,dj,lemahieu,lemahdj01
2014,COL,Josh Rutledge,501000,Josh,Rutledge,josh,rutledge,rutlejo01
2014,COL,Nolan Arenado,500000,Nolan,Arenado,nolan,arenado,arenano01
2014,COL,Chad Bettis,500000,Chad,Bettis,chad,bettis,bettich01
2014,COL,Charlie Culberson,500000,Charlie,Culberson,charlie,culberson,culbech01
2014,COL,Corey Dickerson,500000,Corey,Dickerson,corey,dickerson,dickeco01
2014,COL,Ryan Wheeler,500000,Ryan,Wheeler,ryan,wheeler,wheelry01
2015,COL,Troy Tulowitzki,20000000,Troy,Tulowitzki,troy,tulowitzki,tulowtr01
2015,COL,Carlos Gonzalez,16000000,Carlos,Gonzalez,carlos,gonzalez,gonzaca01
2015,COL,Jorge De La Rosa,12500000,Jorge De La,Rosa,jorgedela,rosa,rosajo01
2015,COL,Justin Morneau,6750000,Justin,Morneau,justin,morneau,morneju01
2015,COL,Drew Stubbs,5825000,Drew,Stubbs,drew,stubbs,stubbdr01
2015,COL,Kyle Kendrick,5500000,Kyle,Kendrick,kyle,kendrick,kendrky01
2015,COL,Boone Logan,5500000,Boone,Logan,boone,logan,loganbo01
2015,COL,Nick Hundley,3100000,Nick,Hundley,nick,hundley,hundlni01
2015,COL,Wilin Rosario,2800000,Wilin,Rosario,wilin,rosario,rosarwi01
2015,COL,John Axford,2600000,John,Axford,john,axford,aforjo01
2015,COL,Jordan Lyles,2475000,Jordan,Lyles,jordan,lyles,lylesjo01
2015,COL,LaTroy Hawkins,2250000,LaTroy,Hawkins,latroy,hawkins,hawkila01
2015,COL,Daniel Descalso,1500000,Daniel,Descalso,daniel,descalso,descada01
2015,COL,Rex Brothers,1400000,Rex,Brothers,rex,brothers,brothre01
2015,COL,Adam Ottavino,1300000,Adam,Ottavino,adam,ottavino,ottavad01
2015,COL,Michael McKenry,1087600,Michael,McKenry,michael,mckenry,mckenmi01
2015,COL,Rafael Betancourt,1000000,Rafael,Betancourt,rafael,betancourt,betanra01
2015,COL,Charlie Blackmon,517500,Charlie,Blackmon,charlie,blackmon,blackch02
2015,COL,DJ LeMahieu,517500,DJ,LeMahieu,dj,lemahieu,lemahdj01
2015,COL,Nolan Arenado,512500,Nolan,Arenado,nolan,arenado,arenano01
2015,COL,Corey Dickerson,512500,Corey,Dickerson,corey,dickerson,dickeco01
2015,COL,Christian Friedrich,512500,Christian,Friedrich,christian,friedrich,friedch01
2015,COL,Brooks Brown,509500,Brooks,Brown,brooks,brown,brownbr01
2015,COL,Eddie Butler,509500,Eddie,Butler,eddie,butler,butleed01
2015,COL,Tyler Matzek,509500,Tyler,Matzek,tyler,matzek,matzety01
2016,COL,Jose Reyes,22000000,Jose,Reyes,jose,reyes,reyesjo01
2016,COL,Carlos Gonzalez,17428571,Carlos,Gonzalez,carlos,gonzalez,gonzaca01
2016,COL,Jorge De La Rosa,12500000,Jorge De La,Rosa,jorgedela,rosa,rosajo01
2016,COL,Gerardo Parra,8000000,Gerardo,Parra,gerardo,parra,parrage01
2016,COL,Boone Logan,6250000,Boone,Logan,boone,logan,loganbo01
2016,COL,Nolan Arenado,5000000,Nolan,Arenado,nolan,arenado,arenano01
2016,COL,Jason Motte,5000000,Jason,Motte,jason,motte,motteja01
2016,COL,Jake McGee,4800000,Jake,McGee,jake,mcgee,mcgeeja01
2016,COL,Charlie Blackmon,3500000,Charlie,Blackmon,charlie,blackmon,blackch02
2016,COL,Nick Hundley,3150000,Nick,Hundley,nick,hundley,hundlni01
2016,COL,DJ LeMahieu,3000000,DJ,LeMahieu,dj,lemahieu,lemahdj01
2016,COL,Jordan Lyles,2975000,Jordan,Lyles,jordan,lyles,lylesjo01
2016,COL,Mark Reynolds,2600000,Mark,Reynolds,mark,reynolds,reynoma01
2016,COL,Chad Qualls,2250000,Chad,Qualls,chad,qualls,quallch01
2016,COL,Daniel Descalso,2100000,Daniel,Descalso,daniel,descalso,descada01
2016,COL,Ryan Raburn,1500000,Ryan,Raburn,ryan,raburn,raburry01
2016,COL,Adam Ottavino,1300000,Adam,Ottavino,adam,ottavino,ottavad01
2016,COL,Brandon Barnes,1000000,Brandon,Barnes,brandon,barnes,barnebr01
2016,COL,Tyler Chatwood,1000000,Tyler,Chatwood,tyler,chatwood,chatwty01
2016,COL,Jason Gurka,660000,Jason,Gurka,jason,gurka,gurkaja01
2016,COL,Christian Bergman,512500,Christian,Bergman,christian,bergman,bergmch01
2016,COL,Chad Bettis,512500,Chad,Bettis,chad,bettis,bettich01
2016,COL,Ben Paulsen,512500,Ben,Paulsen,ben,paulsen,paulsbe01
2016,COL,Chris Rusin,512500,Chris,Rusin,chris,rusin,rusinch01
2016,COL,Cristhian Adames,509500,Cristhian,Adames,cristhian,adames,adamecr01
2016,COL,Tyler Anderson,509500,Tyler,Anderson,tyler,anderson,anderty01
2016,COL,Miguel Castro,509500,Miguel,Castro,miguel,castro,castrmi01
2016,COL,Jairo Diaz,509500,Jairo,Diaz,jairo,diaz,diazja01
2016,COL,Jon Gray,509500,Jon,Gray,jon,gray,grayjo01
2016,COL,Tyler Matzek,509500,Tyler,Matzek,tyler,matzek,matzety01
2016,COL,Justin Miller,509500,Justin,Miller,justin,miller,milleju01
2016,COL,Trevor Story,507500,Trevor,Story,trevor,story,storytr01
2016,COL,Tony Wolters,507500,Tony,Wolters,tony,wolters,wolteto01
2011,DET,Miguel Cabrera,20000000,Miguel,Cabrera,miguel,cabrera,cabremi01
2011,DET,Carlos Guillen,12922231,Carlos,Guillen,carlos,guillen,guillca01
2011,DET,Justin Verlander,12850000,Justin,Verlander,justin,verlander,verlaju01
2011,DET,Victor Martinez,12000000,Victor,Martinez,victor,martinez,martivi01
2011,DET,Magglio Ordonez,10000000,Magglio,Ordonez,magglio,ordonez,ordonma01
2011,DET,Jose Valverde,7000000,Jose,Valverde,jose,valverde,valvejo01
2011,DET,Joaquin Benoit,5500000,Joaquin,Benoit,joaquin,benoit,benoijo01
2011,DET,Brandon Inge,5500000,Brandon,Inge,brandon,inge,ingebr01
2011,DET,Jhonny Peralta,5250000,Jhonny,Peralta,jhonny,peralta,peraljh01
2011,DET,Brad Penny,3000000,Brad,Penny,brad,penny,pennybr01
2011,DET,Rick Porcello,1536000,Rick,Porcello,rick,porcello,porceri01
2011,DET,Joel Zumaya,1400000,Joel,Zumaya,joel,zumaya,zumayjo01
2011,DET,Ramon Santiago,1350000,Ramon,Santiago,ramon,santiago,santira01
2011,DET,Ryan Raburn,1300000,Ryan,Raburn,ryan,raburn,raburry01
2011,DET,Brad Thomas,800000,Brad,Thomas,brad,thomas,thomabr01
2011,DET,Max Scherzer,600000,Max,Scherzer,max,scherzer,scherma01
2011,DET,Phil Coke,440000,Phil,Coke,phil,coke,cokeph01
2011,DET,Austin Jackson,440000,Austin,Jackson,austin,jackson,jacksau01
2011,DET,Enrique Gonzalez,435000,Enrique,Gonzalez,enrique,gonzalez,gonzaen01
2011,DET,Brennan Boesch,430000,Brennan,Boesch,brennan,boesch,boescbr01
2011,DET,Ryan Perry,430000,Ryan,Perry,ryan,perry,perryry01
2011,DET,Alex Avila,425000,Alex,Avila,alex,avila,avilaal01
2011,DET,Don Kelly,423000,Don,Kelly,don,kelly,kellydo01
2011,DET,Will Rhymes,419000,Will,Rhymes,will,rhymes,rhymewi01
2011,DET,Daniel Schlereth,418000,Daniel,Schlereth,daniel,schlereth,schleda01
2011,DET,Casper Wells,418000,Casper,Wells,casper,wells,wellsca01
2011,DET,Brayan Villarreal,414000,Brayan,Villarreal,brayan,villarreal,villabr01
2012,DET,Prince Fielder,23000000,Prince,Fielder,prince,fielder,fieldpr01
2012,DET,Miguel Cabrera,21000000,Miguel,Cabrera,miguel,cabrera,cabremi01
2012,DET,Justin Verlander,20100000,Justin,Verlander,justin,verlander,verlaju01
2012,DET,Victor Martinez,13000000,Victor,Martinez,victor,martinez,martivi01
2012,DET,Jose Valverde,9000000,Jose,Valverde,jose,valverde,valvejo01
2012,DET,Delmon Young,6750000,Delmon,Young,delmon,young,youngde01
2012,DET,Joaquin Benoit,5500000,Joaquin,Benoit,joaquin,benoit,benoijo01
2012,DET,Brandon Inge,5500000,Brandon,Inge,brandon,inge,ingebr01
2012,DET,Jhonny Peralta,5500000,Jhonny,Peralta,jhonny,peralta,peraljh01
2012,DET,Max Scherzer,3750000,Max,Scherzer,max,scherzer,scherma01
2012,DET,Rick Porcello,3100000,Rick,Porcello,rick,porcello,porceri01
2012,DET,Octavio Dotel,3000000,Octavio,Dotel,octavio,dotel,doteloc01
2012,DET,Ryan Raburn,2100000,Ryan,Raburn,ryan,raburn,raburry01
2012,DET,Ramon Santiago,2100000,Ramon,Santiago,ramon,santiago,santira01
2012,DET,Phil Coke,1100000,Phil,Coke,phil,coke,cokeph01
2012,DET,Gerald Laird,1000000,Gerald,Laird,gerald,laird,lairdge01
2012,DET,Don Kelly,900000,Don,Kelly,don,kelly,kellydo01
2012,DET,Alex Avila,510000,Alex,Avila,alex,avila,avilaal01
2012,DET,Doug Fister,507500,Doug,Fister,doug,fister,fistedo01
2012,DET,Brennan Boesch,502500,Brennan,Boesch,brennan,boesch,boescbr01
2012,DET,Austin Jackson,500000,Austin,Jackson,austin,jackson,jacksau01
2012,DET,Al Alburquerque,495000,Al,Alburquerque,al,alburquerque,albural01
2012,DET,Daniel Schlereth,490000,Daniel,Schlereth,daniel,schlereth,schleda01
2012,DET,Collin Balester,485000,Collin,Balester,collin,balester,balesco01
2012,DET,Andy Dirks,485000,Andy,Dirks,andy,dirks,dirksan01
2012,DET,Duane Below,482000,Duane,Below,duane,below,belowdu01
2012,DET,Danny Worth,482000,Danny,Worth,danny,worth,worthda01
2012,DET,Clete Thomas,481000,Clete,Thomas,clete,thomas,thomacl01
2012,DET,Luis Marte,480000,Luis,Marte,luis,marte,martelu01
2013,DET,Prince Fielder,23000000,Prince,Fielder,prince,fielder,fieldpr01
2013,DET,Miguel Cabrera,21000000,Miguel,Cabrera,miguel,cabrera,cabremi01
2013,DET,Justin Verlander,20100000,Justin,Verlander,justin,verlander,verlaju01
2013,DET,Victor Martinez,13000000,Victor,Martinez,victor,martinez,martivi01
2013,DET,Torii Hunter,12000000,Torii,Hunter,torii,hunter,hunteto01
2013,DET,Anibal Sanchez,8800000,Anibal,Sanchez,anibal,sanchez,sanchan01
2013,DET,Max Scherzer,6725000,Max,Scherzer,max,scherzer,scherma01
2013,DET,Jhonny Peralta,6000000,Jhonny,Peralta,jhonny,peralta,peraljh01
2013,DET,Joaquin Benoit,5500000,Joaquin,Benoit,joaquin,benoit,benoijo01
2013,DET,Rick Porcello,5100000,Rick,Porcello,rick,porcello,porceri01
2013,DET,Doug Fister,4000000,Doug,Fister,doug,fister,fistedo01
2013,DET,Omar Infante,4000000,Omar,Infante,omar,infante,infanom01
2013,DET,Octavio Dotel,3500000,Octavio,Dotel,octavio,dotel,doteloc01
2013,DET,Austin Jackson,3500000,Austin,Jackson,austin,jackson,jacksau01
2013,DET,Alex Avila,2950000,Alex,Avila,alex,avila,avilaal01
2013,DET,Ramon Santiago,2100000,Ramon,Santiago,ramon,santiago,santira01
2013,DET,Brayan Pena,875000,Brayan,Pena,brayan,pena,penabr01
2013,DET,Phil Coke,850000,Phil,Coke,phil,coke,cokeph01
2013,DET,Andy Dirks,505000,Andy,Dirks,andy,dirks,dirksan01
2013,DET,Brayan Villarreal,502500,Brayan,Villarreal,brayan,villarreal,villabr01
2013,DET,Al Alburquerque,500000,Al,Alburquerque,al,alburquerque,albural01
2013,DET,Drew Smyly,498000,Drew,Smyly,drew,smyly,smylydr01
2013,DET,Darin Downs,494000,Darin,Downs,darin,downs,downsda01
2013,DET,Avisail Garcia,490000,Avisail,Garcia,avisail,garcia,garciav01
2014,DET,Miguel Cabrera,22000000,Miguel,Cabrera,miguel,cabrera,cabremi01
2014,DET,Justin Verlander,20000000,Justin,Verlander,justin,verlander,verlaju01
2014,DET,Ian Kinsler,16000000,Ian,Kinsler,ian,kinsler,kinslia01
2014,DET,Anibal Sanchez,15800000,Anibal,Sanchez,anibal,sanchez,sanchan01
2014,DET,Max Scherzer,15525000,Max,Scherzer,max,scherzer,scherma01
2014,DET,Torii Hunter,14000000,Torii,Hunter,torii,hunter,hunteto01
2014,DET,Victor Martinez,12000000,Victor,Martinez,victor,martinez,martivi01
2014,DET,Joe Nathan,9000000,Joe,Nathan,joe,nathan,nathajo01
2014,DET,Rick Porcello,8500000,Rick,Porcello,rick,porcello,porceri01
2014,DET,Rajai Davis,5000000,Rajai,Davis,rajai,davis,davisra01
2014,DET,Alex Avila,4150000,Alex,Avila,alex,avila,avilaal01
2014,DET,Joba Chamberlain,2500000,Joba,Chamberlain,joba,chamberlain,chambjo01
2014,DET,Phil Coke,1900000,Phil,Coke,phil,coke,cokeph01
2014,DET,Alex Gonzalez,1100000,Alex,Gonzalez,alex,gonzalez,gonzaal01
2014,DET,Don Kelly,1000000,Don,Kelly,don,kelly,kellydo01
2014,DET,Al Alburquerque,837500,Al,Alburquerque,al,alburquerque,albural01
2014,DET,Drew Smyly,520000,Drew,Smyly,drew,smyly,smylydr01
2014,DET,Luke Putkonen,510000,Luke,Putkonen,luke,putkonen,putkolu01
2014,DET,Ian Krol,504000,Ian,Krol,ian,krol,krolia01
2014,DET,Andrew Romine,504000,Andrew,Romine,andrew,romine,rominan01
2014,DET,Evan Reed,503000,Evan,Reed,evan,reed,reedev01
2014,DET,Bryan Holaday,502000,Bryan,Holaday,bryan,holaday,holadbr01
2014,DET,Nick Castellanos,500000,Nick,Castellanos,nick,castellanos,casteni01
2015,DET,Justin Verlander,28000000,Justin,Verlander,justin,verlander,verlaju01
2015,DET,Miguel Cabrera,22000000,Miguel,Cabrera,miguel,cabrera,cabremi01
2015,DET,David Price,19750000,David,Price,david,price,priceda01
2015,DET,Anibal Sanchez,16800000,Anibal,Sanchez,anibal,sanchez,sanchan01
2015,DET,Ian Kinsler,16000000,Ian,Kinsler,ian,kinsler,kinslia01
2015,DET,Victor Martinez,14000000,Victor,Martinez,victor,martinez,martivi01
2015,DET,Yoenis Cespedes,10500000,Yoenis,Cespedes,yoenis,cespedes,cespeyo01
2015,DET,Joe Nathan,10000000,Joe,Nathan,joe,nathan,nathajo01
2015,DET,Joakim Soria,7000000,Joakim,Soria,joakim,soria,soriajo01
2015,DET,Alfredo Simon,5550000,Alfredo,Simon,alfredo,simon,simonal01
2015,DET,Alex Avila,5400000,Alex,Avila,alex,avila,avilaal01
2015,DET,Rajai Davis,5000000,Rajai,Davis,rajai,davis,davisra01
2015,DET,J. D. Martinez,3000000,J. D.,Martinez,jd,martinez,martijd02
2015,DET,Al Alburquerque,1725000,Al,Alburquerque,al,alburquerque,albural01
2015,DET,Jose Iglesias,1443750,Jose,Iglesias,jose,iglesias,iglesjo01
2015,DET,Joba Chamberlain,1000000,Joba,Chamberlain,joba,chamberlain,chambjo01
2015,DET,Tom Gorzelanny,1000000,Tom,Gorzelanny,tom,gorzelanny,gorzeto01
2015,DET,Nick Castellanos,525000,Nick,Castellanos,nick,castellanos,casteni01
2015,DET,Andrew Romine,520000,Andrew,Romine,andrew,romine,rominan01
2015,DET,Anthony Gose,515000,Anthony,Gose,anthony,gose,gosean01
2015,DET,Shane Greene,515000,Shane,Greene,shane,greene,greensh01
2015,DET,Ian Krol,515000,Ian,Krol,ian,krol,krolia01
2015,DET,Bruce Rondon,510000,Bruce,Rondon,bruce,rondon,rondobr01
2015,DET,Hernan Perez,508500,Hernan,Perez,hernan,perez,perezhe01
2015,DET,James McCann,507500,James,McCann,james,mccann,mccanja02
2016,DET,Miguel Cabrera,28000000,Miguel,Cabrera,miguel,cabrera,cabremi01
2016,DET,Justin Verlander,28000000,Justin,Verlander,justin,verlander,verlaju01
2016,DET,Justin Upton,22125000,Justin,Upton,justin,upton,uptonju01
2016,DET,Victor Martinez,18000000,Victor,Martinez,victor,martinez,martivi01
2016,DET,Jordan Zimmermann,18000000,Jordan,Zimmermann,jordan,zimmermann,zimmejo01
2016,DET,Anibal Sanchez,16800000,Anibal,Sanchez,anibal,sanchez,sanchan01
2016,DET,Ian Kinsler,14000000,Ian,Kinsler,ian,kinsler,kinslia01
2016,DET,Cameron Maybin,8000000,Cameron,Maybin,cameron,maybin,maybica01
2016,DET,Mike Pelfrey,8000000,Mike,Pelfrey,mike,pelfrey,pelfrmi01
2016,DET,Francisco Rodriguez,7383481,Francisco,Rodriguez,francisco,rodriguez,rodrifr01
2016,DET,J. D. Martinez,6750000,J. D.,Martinez,jd,martinez,martijd02
2016,DET,Mark Lowe,5500000,Mark,Lowe,mark,lowe,lowema01
2016,DET,Jose Iglesias,2100000,Jose,Iglesias,jose,iglesias,iglesjo01
2016,DET,Mike Aviles,2000000,Mike,Aviles,mike,aviles,avilemi01
2016,DET,Justin Wilson,1525000,Justin,Wilson,justin,wilson,wilsoju01
2016,DET,Andrew Romine,900000,Andrew,Romine,andrew,romine,rominan01
2016,DET,Logan Kensing,575000,Logan,Kensing,logan,kensing,kensilo01
2016,DET,Nick Castellanos,536500,Nick,Castellanos,nick,castellanos,casteni01
2016,DET,Anthony Gose,525000,Anthony,Gose,anthony,gose,gosean01
2016,DET,Alex Wilson,522500,Alex,Wilson,alex,wilson,wilsoal01
2016,DET,Blaine Hardy,520500,Blaine,Hardy,blaine,hardy,hardybl01
2016,DET,James McCann,519500,James,McCann,james,mccann,mccanja02
2016,DET,Shane Greene,517000,Shane,Greene,shane,greene,greensh01
2016,DET,Daniel Norris,514500,Daniel,Norris,daniel,norris,norrida01
2016,DET,Tyler Collins,510500,Tyler,Collins,tyler,collins,collity01
2016,DET,Buck Farmer,509500,Buck,Farmer,buck,farmer,farmebu01
2016,DET,Kyle Ryan,509500,Kyle,Ryan,kyle,ryan,ryanky01
2016,DET,Drew VerHagen,509500,Drew,VerHagen,drew,verhagen,verhadr01
2016,DET,Angel Nesbitt,508500,Angel,Nesbitt,angel,nesbitt,nesbian01
2016,DET,Jeff Ferrell,507500,Jeff,Ferrell,jeff,ferrell,ferreje01
2016,DET,Jarrod Saltalamacchia,507500,Jarrod,Saltalamacchia,jarrod,saltalamacchia,saltaja01
2011,MIA,Hanley Ramirez,11000000,Hanley,Ramirez,hanley,ramirez,ramirha02
2011,MIA,Josh Johnson,7750000,Josh,Johnson,josh,johnson,johnsjo01
2011,MIA,Javier Vazquez,7000000,Javier,Vazquez,javier,vazquez,vazquja01
2011,MIA,Ricky Nolasco,6000000,Ricky,Nolasco,ricky,nolasco,nolasri01
2011,MIA,John Buck,5000000,John,Buck,john,buck,buckjo01
2011,MIA,Anibal Sanchez,3700000,Anibal,Sanchez,anibal,sanchez,sanchan01
2011,MIA,Juan Carlos Oviedo,3650000,Juan Carlos,Oviedo,juancarlos,oviedo,oviedju01
2011,MIA,Omar Infante,2500000,Omar,Infante,omar,infante,infanom01
2011,MIA,Clay Hensley,1400000,Clay,Hensley,clay,hensley,henslcl01
2011,MIA,Randy Choate,1000000,Randy,Choate,randy,choate,choatra01
2011,MIA,Wes Helms,1000000,Wes,Helms,wes,helms,helmswe01
2011,MIA,Edward Mujica,800000,Edward,Mujica,edward,mujica,mujiced01
2011,MIA,Greg Dobbs,600000,Greg,Dobbs,greg,dobbs,dobbsgr01
2011,MIA,Chris Coghlan,490000,Chris,Coghlan,chris,coghlan,coghlch01
2011,MIA,Chris Volstad,445000,Chris,Volstad,chris,volstad,volstch01
2011,MIA,Gaby Sanchez,431000,Gaby,Sanchez,gaby,sanchez,sanchga02
2011,MIA,Emilio Bonifacio,425000,Emilio,Bonifacio,emilio,bonifacio,bonifem01
2011,MIA,Donnie Murphy,425000,Donnie,Murphy,donnie,murphy,murphdo01
2011,MIA,Brian Sanches,425000,Brian,Sanches,brian,sanches,sanchbr01
2011,MIA,John Baker,417000,John,Baker,john,baker,bakerjo01
2011,MIA,Giancarlo Stanton,416000,Giancarlo,Stanton,giancarlo,stanton,stantgi01
2011,MIA,Scott Cousins,414000,Scott,Cousins,scott,cousins,cousisc01
2011,MIA,Mike Dunn,414000,Mike,Dunn,mike,dunn,dunnmi01
2011,MIA,Brett Hayes,414000,Brett,Hayes,brett,hayes,hayesbr01
2011,MIA,Logan Morrison,414000,Logan,Morrison,logan,morrison,morrilo01
2011,MIA,Ryan Webb,414000,Ryan,Webb,ryan,webb,webbry01
2011,HOU,Carlos Lee,19000000,Carlos,Lee,carlos,lee,leeca01
2011,HOU,Brett Myers,8000000,Brett,Myers,brett,myers,myersbr01
2011,HOU,Wandy Rodriguez,7500000,Wandy,Rodriguez,wandy,rodriguez,rodriwa01
2011,HOU,Hunter Pence,6900000,Hunter,Pence,hunter,pence,pencehu01
2011,HOU,Brandon Lyon,5250000,Brandon,Lyon,brandon,lyon,lyonbr01
2011,HOU,Michael Bourn,4400000,Michael,Bourn,michael,bourn,bournmi01
2011,HOU,Clint Barmes,3925000,Clint,Barmes,clint,barmes,barmecl01
2011,HOU,Bill Hall,3000000,Bill,Hall,bill,hall,hallbi01
2011,HOU,Jeff Keppinger,2300000,Jeff,Keppinger,jeff,keppinger,keppije01
2011,HOU,Humberto Quintero,1000000,Humberto,Quintero,humberto,quintero,quinthu01
2011,HOU,Nelson Figueroa,900000,Nelson,Figueroa,nelson,figueroa,figuene01
2011,HOU,Jason Michaels,900000,Jason,Michaels,jason,michaels,michaja01
2011,HOU,Ryan Rowland-Smith,725000,Ryan,Rowland-Smith,ryan,rowlandsmith,rowlary01
2011,HOU,J. A. Happ,474000,J. A.,Happ,ja,happ,happja01
2011,HOU,Jeff Fulchino,467000,Jeff,Fulchino,jeff,fulchino,fulchje01
2011,HOU,Wilton Lopez,442000,Wilton,Lopez,wilton,lopez,lopezwi01
2011,HOU,Alberto Arias,439500,Alberto,Arias,alberto,arias,ariasal01
2011,HOU,Bud Norris,437500,Bud,Norris,bud,norris,norribu01
2011,HOU,Angel Sanchez,432500,Angel,Sanchez,angel,sanchez,sanchan01
2011,HOU,Chris Johnson,424000,Chris,Johnson,chris,johnson,johnsch01
2011,HOU,J. R. Towles,424000,J. R.,Towles,jr,towles,towlejr01
2011,HOU,Jason Bourgeois,423000,Jason,Bourgeois,jason,bourgeois,bourgja01
2011,HOU,Jason Castro,421500,Jason,Castro,jason,castro,castrja01
2011,HOU,Matt Downs,421000,Matt,Downs,matt,downs,downsma01
2011,HOU,Mark Melancon,421000,Mark,Melancon,mark,melancon,melanma01
2011,HOU,Fernando Abad,418000,Fernando,Abad,fernando,abad,abadfe01
2011,HOU,Brett Wallace,418000,Brett,Wallace,brett,wallace,wallabr01
2011,HOU,Enerio Del Rosario,417000,Enerio Del,Rosario,eneriodel,rosario,rosaren01
2011,HOU,Aneury Rodriguez,414000,Aneury,Rodriguez,aneury,rodriguez,rodrian01
2012,HOU,Carlos Lee,19000000,Carlos,Lee,carlos,lee,leeca01
2012,HOU,Brett Myers,12000000,Brett,Myers,brett,myers,myersbr01
2012,HOU,Wandy Rodriguez,10500000,Wandy,Rodriguez,wandy,rodriguez,rodriwa01
2012,HOU,Brandon Lyon,5500000,Brandon,Lyon,brandon,lyon,lyonbr01
2012,HOU,J. A. Happ,2350000,J. A.,Happ,ja,happ,happja01
2012,HOU,Jed Lowrie,1150000,Jed,Lowrie,jed,lowrie,lowrije01
2012,HOU,Chris Snyder,750000,Chris,Snyder,chris,snyder,snydech01
2012,HOU,Travis Buck,580000,Travis,Buck,travis,buck,bucktr01
2012,HOU,Wilton Lopez,515500,Wilton,Lopez,wilton,lopez,lopezwi01
2012,HOU,Wesley Wright,512000,Wesley,Wright,wesley,wright,wrighwe01
2012,HOU,Bud Norris,511000,Bud,Norris,bud,norris,norribu01
2012,HOU,Chris Johnson,495000,Chris,Johnson,chris,johnson,johnsch01
2012,HOU,Fernando Rodriguez,492000,Fernando,Rodriguez,fernando,rodriguez,rodrife01
2012,HOU,Sergio Escalona,490500,Sergio,Escalona,sergio,escalona,escalse01
2012,HOU,Jordan Schafer,489000,Jordan,Schafer,jordan,schafer,schafjo01
2012,HOU,Matt Downs,487500,Matt,Downs,matt,downs,downsma01
2012,HOU,Jason Castro,486000,Jason,Castro,jason,castro,castrja01
2012,HOU,Fernando Abad,485000,Fernando,Abad,fernando,abad,abadfe01
2012,HOU,David Carpenter,485000,David,Carpenter,david,carpenter,carpeda01
2012,HOU,Jose Altuve,483000,Jose,Altuve,jose,altuve,altuvjo01
2012,HOU,Brian Bogusevic,483000,Brian,Bogusevic,brian,bogusevic,bogusbr01
2012,HOU,J. D. Martinez,483000,J. D.,Martinez,jd,martinez,martijd02
2012,HOU,Lucas Harrell,482000,Lucas,Harrell,lucas,harrell,harrelu01
2012,HOU,Kyle Weiland,481500,Kyle,Weiland,kyle,weiland,weilaky01
2012,HOU,Rhiner Cruz,480000,Rhiner,Cruz,rhiner,cruz,cruzrh01
2012,HOU,Marwin Gonzalez,480000,Marwin,Gonzalez,marwin,gonzalez,gonzama01
2013,HOU,Bud Norris,3000000,Bud,Norris,bud,norris,norribu01
2013,HOU,Carlos Pena,2900000,Carlos,Pena,carlos,pena,penaca01
2013,HOU,Jose Veras,1850000,Jose,Veras,jose,veras,verasjo01
2013,HOU,Wesley Wright,1025000,Wesley,Wright,wesley,wright,wrighwe01
2013,HOU,Ronny Cedeno,718000,Ronny,Cedeno,ronny,cedeno,cedenro01
2013,HOU,Jose Altuve,505700,Jose,Altuve,jose,altuve,altuvjo01
2013,HOU,Lucas Harrell,500700,Lucas,Harrell,lucas,harrell,harrelu01
2013,HOU,Rhiner Cruz,498000,Rhiner,Cruz,rhiner,cruz,cruzrh01
2013,HOU,Jason Castro,496600,Jason,Castro,jason,castro,castrja01
2013,HOU,Xavier Cedeno,495900,Xavier,Cedeno,xavier,cedeno,cedena01
2013,HOU,Carlos Corporan,495000,Carlos,Corporan,carlos,corporan,corpoca01
2013,HOU,Brett Wallace,495000,Brett,Wallace,brett,wallace,wallabr01
2013,HOU,Marwin Gonzalez,494400,Marwin,Gonzalez,marwin,gonzalez,gonzama01
2013,HOU,Chris Carter,494000,Chris,Carter,chris,carter,cartech01
2013,HOU,Hector Ambriz,493400,Hector,Ambriz,hector,ambriz,ambrihe01
2013,HOU,Fernando Martinez,493000,Fernando,Martinez,fernando,martinez,martife01
2013,HOU,Justin Maxwell,492500,Justin,Maxwell,justin,maxwell,maweju01
2013,HOU,Matt Dominguez,491800,Matt,Dominguez,matt,dominguez,dominma01
2013,HOU,Brandon Barnes,491700,Brandon,Barnes,brandon,barnes,barnebr01
2013,HOU,Josh Fields,490000,Josh,Fields,josh,fields,fieldjo01
2013,HOU,Brad Peacock,490000,Brad,Peacock,brad,peacock,peacobr01
2013,HOU,Philip Humber,480000,Philip,Humber,philip,humber,humbeph01
2014,HOU,Scott Feldman,12000000,Scott,Feldman,scott,feldman,feldmsc01
2014,HOU,Dexter Fowler,7350000,Dexter,Fowler,dexter,fowler,fowlede01
2014,HOU,Chad Qualls,2700000,Chad,Qualls,chad,qualls,quallch01
2014,HOU,Jason Castro,2450000,Jason,Castro,jason,castro,castrja01
2014,HOU,Jon Singleton,1500000,Jon,Singleton,jon,singleton,singljo02
2014,HOU,Jesus Guzman,1300000,Jesus,Guzman,jesus,guzman,guzmaje01
2014,HOU,Jose Altuve,1250000,Jose,Altuve,jose,altuve,altuvjo01
2014,HOU,Matt Dominguez,510100,Matt,Dominguez,matt,dominguez,dominma01
2014,HOU,Chris Carter,510000,Chris,Carter,chris,carter,cartech01
2014,HOU,Dallas Keuchel,508700,Dallas,Keuchel,dallas,keuchel,keuchda01
2014,HOU,Josh Fields,506500,Josh,Fields,josh,fields,fieldjo01
2014,HOU,Carlos Corporan,505300,Carlos,Corporan,carlos,corporan,corpoca01
2014,HOU,Marwin Gonzalez,504500,Marwin,Gonzalez,marwin,gonzalez,gonzama01
2014,HOU,Robbie Grossman,504500,Robbie,Grossman,robbie,grossman,grossro01
2014,HOU,Brad Peacock,504300,Brad,Peacock,brad,peacock,peacobr01
2014,HOU,Jonathan Villar,503800,Jonathan,Villar,jonathan,villar,villajo01
2014,HOU,Kevin Chapman,503400,Kevin,Chapman,kevin,chapman,chapmke01
2014,HOU,L. J. Hoes,502900,L. J.,Hoes,lj,hoes,hoeslj01
2014,HOU,Marc Krauss,502300,Marc,Krauss,marc,krauss,krausma01
2014,HOU,Jarred Cosart,500000,Jarred,Cosart,jarred,cosart,cosarja01
2015,HOU,Scott Feldman,10000000,Scott,Feldman,scott,feldman,feldmsc01
2015,HOU,Jed Lowrie,8000000,Jed,Lowrie,jed,lowrie,lowrije01
2015,HOU,Colby Rasmus,8000000,Colby,Rasmus,colby,rasmus,rasmuco01
2015,HOU,Luke Gregerson,6000000,Luke,Gregerson,luke,gregerson,gregelu01
2015,HOU,Pat Neshek,5500000,Pat,Neshek,pat,neshek,neshepa01
2015,HOU,Luis Valbuena,4200000,Luis,Valbuena,luis,valbuena,valbulu01
2015,HOU,Chris Carter,4175000,Chris,Carter,chris,carter,cartech01
2015,HOU,Jason Castro,4000000,Jason,Castro,jason,castro,castrja01
2015,HOU,Chad Qualls,3000000,Chad,Qualls,chad,qualls,quallch01
2015,HOU,Roberto Hernandez,2650000,Roberto,Hernandez,roberto,hernandez,hernaro01
2015,HOU,Jose Altuve,2500000,Jose,Altuve,jose,altuve,altuvjo01
2015,HOU,Tony Sipp,2400000,Tony,Sipp,tony,sipp,sippto01
2015,HOU,Jon Singleton,2000000,Jon,Singleton,jon,singleton,singljo02
2015,HOU,Hank Conger,1075000,Hank,Conger,hank,conger,congeha01
2015,HOU,Marwin Gonzalez,1062500,Marwin,Gonzalez,marwin,gonzalez,gonzama01
2015,HOU,Alex Presley,1000000,Alex,Presley,alex,presley,preslal01
2015,HOU,Joe Thatcher,1000000,Joe,Thatcher,joe,thatcher,thatcjo01
2015,HOU,Evan Gattis,526500,Evan,Gattis,evan,gattis,gattiev01
2015,HOU,Sam Deduno,525100,Sam,Deduno,sam,deduno,dedunsa01
2015,HOU,Dallas Keuchel,524500,Dallas,Keuchel,dallas,keuchel,keuchda01
2015,HOU,Josh Fields,516700,Josh,Fields,josh,fields,fieldjo01
2015,HOU,Collin McHugh,516300,Collin,McHugh,collin,mchugh,mchugco01
2015,HOU,Brett Oberholtzer,515800,Brett,Oberholtzer,brett,oberholtzer,oberhbr01
2015,HOU,Brad Peacock,515800,Brad,Peacock,brad,peacock,peacobr01
2015,HOU,Robbie Grossman,515000,Robbie,Grossman,robbie,grossman,grossro01
2015,HOU,Will Harris,513900,Will,Harris,will,harris,harriwi01
2015,HOU,George Springer,512900,George,Springer,george,springer,springe01
2015,HOU,Jake Marisnick,511200,Jake,Marisnick,jake,marisnick,marisja01
2016,HOU,Colby Rasmus,15800000,Colby,Rasmus,colby,rasmus,rasmuco01
2016,HOU,Carlos Gomez,9000000,Carlos,Gomez,carlos,gomez,gomezca01
2016,HOU,Scott Feldman,8000000,Scott,Feldman,scott,feldman,feldmsc01
2016,HOU,Dallas Keuchel,7250000,Dallas,Keuchel,dallas,keuchel,keuchda01
2016,HOU,Doug Fister,7000000,Doug,Fister,doug,fister,fistedo01
2016,HOU,Luke Gregerson,6750000,Luke,Gregerson,luke,gregerson,gregelu01
2016,HOU,Pat Neshek,6500000,Pat,Neshek,pat,neshek,neshepa01
2016,HOU,Luis Valbuena,6125000,Luis,Valbuena,luis,valbuena,valbulu01
2016,HOU,Tony Sipp,6000000,Tony,Sipp,tony,sipp,sippto01
2016,HOU,Jason Castro,5000000,Jason,Castro,jason,castro,castrja01
2016,HOU,Jose Altuve,3687500,Jose,Altuve,jose,altuve,altuvjo01
2016,HOU,Evan Gattis,3300000,Evan,Gattis,evan,gattis,gattiev01
2016,HOU,Marwin Gonzalez,2000000,Marwin,Gonzalez,marwin,gonzalez,gonzama01
2016,HOU,Josh Fields,900000,Josh,Fields,josh,fields,fieldjo01
2016,HOU,Erik Kratz,850000,Erik,Kratz,erik,kratz,kratzer01
2016,HOU,Collin McHugh,529000,Collin,McHugh,collin,mchugh,mchugco01
2016,HOU,Ken Giles,528200,Ken,Giles,ken,giles,gileske01
2016,HOU,Will Harris,525500,Will,Harris,will,harris,harriwi01
2016,HOU,Mike Fiers,524100,Mike,Fiers,mike,fiers,fiersmi01
2016,HOU,George Springer,522400,George,Springer,george,springer,springe01
2016,HOU,Jake Marisnick,519500,Jake,Marisnick,jake,marisnick,marisja01
2016,HOU,Carlos Correa,516700,Carlos,Correa,carlos,correa,correca01
2016,HOU,Lance McCullers,516700,Lance,McCullers,lance,mccullers,mcculla01
2016,HOU,Preston Tucker,515000,Preston,Tucker,preston,tucker,tuckepr01
2016,HOU,Matt Duffy,510200,Matt,Duffy,matt,duffy,duffyma01
2016,HOU,Michael Feliz,508200,Michael,Feliz,michael,feliz,felizmi01
2016,HOU,Max Stassi,508200,Max,Stassi,max,stassi,stassma01
2016,HOU,Tyler White,507500,Tyler,White,tyler,white,whitety01
2011,KC,Joakim Soria,4000000,Joakim,Soria,joakim,soria,soriajo01
2011,KC,Jason Kendall,3750000,Jason,Kendall,jason,kendall,kendaja01
2011,KC,Billy Butler,3500000,Billy,Butler,billy,butler,butlebi01
2011,KC,Kyle Davies,3200000,Kyle,Davies,kyle,davies,davieky01
2011,KC,Jeff Francoeur,2500000,Jeff,Francoeur,jeff,francoeur,francje01
2011,KC,Bruce Chen,2000000,Bruce,Chen,bruce,chen,chenbr01
2011,KC,Jeff Francis,2000000,Jeff,Francis,jeff,francis,francje01
2011,KC,Luke Hochevar,1760000,Luke,Hochevar,luke,hochevar,hochelu01
2011,KC,Rob Tejeda,1550000,Rob,Tejeda,rob,tejeda,tejedro01
2011,KC,Aaron Crow,1400000,Aaron,Crow,aaron,crow,crowaa01
2011,KC,Alex Gordon,1400000,Alex,Gordon,alex,gordon,gordoal01
2011,KC,Melky Cabrera,1250000,Melky,Cabrera,melky,cabrera,cabreme01
2011,KC,Wilson Betemit,1000000,Wilson,Betemit,wilson,betemit,betemwi01
2011,KC,Matt Treanor,850000,Matt,Treanor,matt,treanor,treanma01
2011,KC,Brayan Pena,660000,Brayan,Pena,brayan,pena,penabr01
2011,KC,Mike Aviles,640000,Mike,Aviles,mike,aviles,avilemi01
2011,KC,Mitch Maier,459000,Mitch,Maier,mitch,maier,maiermi01
2011,KC,Chris Getz,443000,Chris,Getz,chris,getz,getzch01
2011,KC,Alcides Escobar,428000,Alcides,Escobar,alcides,escobar,escobal01
2011,KC,Kanekoa Texeira,426000,Kanekoa,Texeira,kanekoa,texeira,teeika01
2011,KC,Sean O'Sullivan,420500,Sean,O'Sullivan,sean,osullivan,osullse01
2011,KC,Kila Ka'aihue,419000,Kila,Ka'aihue,kila,kaaihue,kaaihki01
2011,KC,Jeremy Jeffress,414500,Jeremy,Jeffress,jeremy,jeffress,jeffrje01
2011,KC,Nathan Adcock,414000,Nathan,Adcock,nathan,adcock,adcocna01
2011,KC,Tim Collins,414000,Tim,Collins,tim,collins,colliti01
2011,KC,Jarrod Dyson,414000,Jarrod,Dyson,jarrod,dyson,dysonja01
2012,KC,Billy Butler,8500000,Billy,Butler,billy,butler,butlebi01
2012,KC,Jeff Francoeur,6750000,Jeff,Francoeur,jeff,francoeur,francje01
2012,KC,Joakim Soria,6000000,Joakim,Soria,joakim,soria,soriajo01
2012,KC,Jonathan Sanchez,5600000,Jonathan,Sanchez,jonathan,sanchez,sanchjo01
2012,KC,Alex Gordon,4775000,Alex,Gordon,alex,gordon,gordoal01
2012,KC,Bruce Chen,4500000,Bruce,Chen,bruce,chen,chenbr01
2012,KC,Jonathan Broxton,4000000,Jonathan,Broxton,jonathan,broxton,brotjo01
2012,KC,Luke Hochevar,3510000,Luke,Hochevar,luke,hochevar,hochelu01
2012,KC,Yuniesky Betancourt,2000000,Yuniesky,Betancourt,yuniesky,betancourt,betanyu01
2012,KC,Felipe Paulino,1900000,Felipe,Paulino,felipe,paulino,paulife01
2012,KC,Aaron Crow,1600000,Aaron,Crow,aaron,crow,crowaa01
2012,KC,Humberto Quintero,1000000,Humberto,Quintero,humberto,quintero,quinthu01
2012,KC,Chris Getz,967500,Chris,Getz,chris,getz,getzch01
2012,KC,Jose Mijares,925000,Jose,Mijares,jose,mijares,mijarjo01
2012,KC,Brayan Pena,875000,Brayan,Pena,brayan,pena,penabr01
2012,KC,Mitch Maier,865000,Mitch,Maier,mitch,maier,maiermi01
2012,KC,Salvador Perez,750000,Salvador,Perez,salvador,perez,perezsa02
2012,KC,Alcides Escobar,519500,Alcides,Escobar,alcides,escobar,escobal01
2012,KC,Eric Hosmer,502500,Eric,Hosmer,eric,hosmer,hosmeer01
2012,KC,Blake Wood,502000,Blake,Wood,blake,wood,woodbl01
2012,KC,Greg Holland,497150,Greg,Holland,greg,holland,hollagr01
2012,KC,Tim Collins,495725,Tim,Collins,tim,collins,colliti01
2012,KC,Luis Mendoza,488925,Luis,Mendoza,luis,mendoza,mendolu01
2012,KC,Jason Bourgeois,488000,Jason,Bourgeois,jason,bourgeois,bourgja01
2012,KC,Everett Teaford,488000,Everett,Teaford,everett,teaford,teafoev01
2012,KC,Danny Duffy,487750,Danny,Duffy,danny,duffy,duffyda01
2012,KC,Mike Moustakas,487250,Mike,Moustakas,mike,moustakas,moustmi01
2012,KC,Lorenzo Cain,480850,Lorenzo,Cain,lorenzo,cain,cainlo01
2012,KC,Kelvin Herrera,480650,Kelvin,Herrera,kelvin,herrera,herreke01
2012,KC,Manny Pina,480425,Manny,Pina,manny,pina,pinama01
2013,KC,Ervin Santana,13000000,Ervin,Santana,ervin,santana,santaer01
2013,KC,James Shields,11000000,James,Shields,james,shields,shielja01
2013,KC,Alex Gordon,9000000,Alex,Gordon,alex,gordon,gordoal01
2013,KC,Billy Butler,8500000,Billy,Butler,billy,butler,butlebi01
2013,KC,Jeff Francoeur,6750000,Jeff,Francoeur,jeff,francoeur,francje01
2013,KC,Jeremy Guthrie,5000000,Jeremy,Guthrie,jeremy,guthrie,guthrje01
2013,KC,Luke Hochevar,4560000,Luke,Hochevar,luke,hochevar,hochelu01
2013,KC,Bruce Chen,4500000,Bruce,Chen,bruce,chen,chenbr01
2013,KC,Alcides Escobar,3000000,Alcides,Escobar,alcides,escobar,escobal01
2013,KC,Wade Davis,2800000,Wade,Davis,wade,davis,daviswa01
2013,KC,Aaron Crow,1280000,Aaron,Crow,aaron,crow,crowaa01
2013,KC,Miguel Tejada,1100000,Miguel,Tejada,miguel,tejada,tejadmi01
2013,KC,Chris Getz,1050000,Chris,Getz,chris,getz,getzch01
2013,KC,George Kottaras,1000000,George,Kottaras,george,kottaras,kottage01
2013,KC,Salvador Perez,1000000,Salvador,Perez,salvador,perez,perezsa02
2013,KC,J. C. Gutierrez,750000,J. C.,Gutierrez,jc,gutierrez,gutiejc01
2013,KC,Brett Hayes,600000,Brett,Hayes,brett,hayes,hayesbr01
2013,KC,Greg Holland,539500,Greg,Holland,greg,holland,hollagr01
2013,KC,Tim Collins,534500,Tim,Collins,tim,collins,colliti01
2013,KC,Luis Mendoza,532000,Luis,Mendoza,luis,mendoza,mendolu01
2013,KC,Eric Hosmer,528250,Eric,Hosmer,eric,hosmer,hosmeer01
2013,KC,Mike Moustakas,524500,Mike,Moustakas,mike,moustakas,moustmi01
2013,KC,Elliot Johnson,520500,Elliot,Johnson,elliot,johnson,johnsel01
2013,KC,Kelvin Herrera,508175,Kelvin,Herrera,kelvin,herrera,herreke01
2013,KC,Jarrod Dyson,506000,Jarrod,Dyson,jarrod,dyson,dysonja01
2013,KC,Danny Duffy,505125,Danny,Duffy,danny,duffy,duffyda01
2013,KC,Lorenzo Cain,503175,Lorenzo,Cain,lorenzo,cain,cainlo01
2014,KC,James Shields,13500000,James,Shields,james,shields,shielja01
2014,KC,Alex Gordon,10000000,Alex,Gordon,alex,gordon,gordoal01
2014,KC,Billy Butler,8000000,Billy,Butler,billy,butler,butlebi01
2014,KC,Jeremy Guthrie,8000000,Jeremy,Guthrie,jeremy,guthrie,guthrje01
2014,KC,Omar Infante,5000000,Omar,Infante,omar,infante,infanom01
2014,KC,Wade Davis,4800000,Wade,Davis,wade,davis,daviswa01
2014,KC,Greg Holland,4675000,Greg,Holland,greg,holland,hollagr01
2014,KC,Eric Hosmer,3600000,Eric,Hosmer,eric,hosmer,hosmeer01
2014,KC,Alcides Escobar,3000000,Alcides,Escobar,alcides,escobar,escobal01
2014,KC,Nori Aoki,1950000,Nori,Aoki,nori,aoki,aokino01
2014,KC,Salvador Perez,1500000,Salvador,Perez,salvador,perez,perezsa02
2014,KC,Aaron Crow,1475000,Aaron,Crow,aaron,crow,crowaa01
2014,KC,Tim Collins,1362500,Tim,Collins,tim,collins,colliti01
2014,KC,Justin Maxwell,1325000,Justin,Maxwell,justin,maxwell,maweju01
2014,KC,Danny Valencia,1065000,Danny,Valencia,danny,valencia,valenda01
2014,KC,Brett Hayes,630000,Brett,Hayes,brett,hayes,hayesbr01
2014,KC,Mike Moustakas,549000,Mike,Moustakas,mike,moustakas,moustmi01
2014,KC,Lorenzo Cain,546000,Lorenzo,Cain,lorenzo,cain,cainlo01
2014,KC,Louis Coleman,537000,Louis,Coleman,louis,coleman,colemlo01
2014,KC,Jarrod Dyson,530000,Jarrod,Dyson,jarrod,dyson,dysonja01
2014,KC,Kelvin Herrera,522500,Kelvin,Herrera,kelvin,herrera,herreke01
2014,KC,Pedro Ciriaco,513500,Pedro,Ciriaco,pedro,ciriaco,ciriape01
2014,KC,Johnny Giavotella,508575,Johnny,Giavotella,johnny,giavotella,giavojo01
2014,KC,Francisley Bueno,504500,Francisley,Bueno,francisley,bueno,buenofr01
2014,KC,Yordano Ventura,500500,Yordano,Ventura,yordano,ventura,ventuyo01
2015,KC,Alex Gordon,12500000,Alex,Gordon,alex,gordon,gordoal01
2015,KC,Alex Rios,11000000,Alex,Rios,alex,rios,riosal01
2015,KC,Jeremy Guthrie,9000000,Jeremy,Guthrie,jeremy,guthrie,guthrje01
2015,KC,Jason Vargas,8500000,Jason,Vargas,jason,vargas,vargaja01
2015,KC,Greg Holland,8250000,Greg,Holland,greg,holland,hollagr01
2015,KC,Omar Infante,7500000,Omar,Infante,omar,infante,infanom01
2015,KC,Edinson Volquez,7500000,Edinson,Volquez,edinson,volquez,volqued01
2015,KC,Wade Davis,7000000,Wade,Davis,wade,davis,daviswa01
2015,KC,Kendrys Morales,6500000,Kendrys,Morales,kendrys,morales,moralke01
2015,KC,Eric Hosmer,5650000,Eric,Hosmer,eric,hosmer,hosmeer01
2015,KC,Luke Hochevar,4000000,Luke,Hochevar,luke,hochevar,hochelu01
2015,KC,Alcides Escobar,3000000,Alcides,Escobar,alcides,escobar,escobal01
2015,KC,Lorenzo Cain,2725000,Lorenzo,Cain,lorenzo,cain,cainlo01
2015,KC,Mike Moustakas,2640000,Mike,Moustakas,mike,moustakas,moustmi01
2015,KC,Danny Duffy,2425000,Danny,Duffy,danny,duffy,duffyda01
2015,KC,Kris Medlen,2000000,Kris,Medlen,kris,medlen,medlekr01
2015,KC,Franklin Morales,1850000,Franklin,Morales,franklin,morales,moralfr01
2015,KC,Salvador Perez,1750000,Salvador,Perez,salvador,perez,perezsa02
2015,KC,Kelvin Herrera,1600000,Kelvin,Herrera,kelvin,herrera,herreke01
2015,KC,Jason Frasor,1250000,Jason,Frasor,jason,frasor,frasoja01
2015,KC,Jarrod Dyson,1225000,Jarrod,Dyson,jarrod,dyson,dysonja01
2015,KC,Yordano Ventura,950000,Yordano,Ventura,yordano,ventura,ventuyo01
2015,KC,Ryan Madson,850000,Ryan,Madson,ryan,madson,madsory01
2015,KC,Louis Coleman,725000,Louis,Coleman,louis,coleman,colemlo01
2015,KC,Chris Young,675000,Chris,Young,chris,young,youngch01
2015,KC,Erik Kratz,532500,Erik,Kratz,erik,kratz,kratzer01
2015,KC,Christian Colon,509525,Christian,Colon,christian,colon,colonch01
2016,KC,Alex Gordon,12000000,Alex,Gordon,alex,gordon,gordoal01
2016,KC,Edinson Volquez,9500000,Edinson,Volquez,edinson,volquez,volqued01
2016,KC,Kendrys Morales,9000000,Kendrys,Morales,kendrys,morales,moralke01
2016,KC,Jason Vargas,8500000,Jason,Vargas,jason,vargas,vargaja01
2016,KC,Eric Hosmer,8250000,Eric,Hosmer,eric,hosmer,hosmeer01
2016,KC,Wade Davis,8000000,Wade,Davis,wade,davis,daviswa01
2016,KC,Omar Infante,7750000,Omar,Infante,omar,infante,infanom01
2016,KC,Ian Kennedy,7500000,Ian,Kennedy,ian,kennedy,kenneia01
2016,KC,Joakim Soria,7000000,Joakim,Soria,joakim,soria,soriajo01
2016,KC,Lorenzo Cain,6500000,Lorenzo,Cain,lorenzo,cain,cainlo01
2016,KC,Mike Moustakas,5600000,Mike,Moustakas,mike,moustakas,moustmi01
2016,KC,Luke Hochevar,5500000,Luke,Hochevar,luke,hochevar,hochelu01
2016,KC,Kris Medlen,5500000,Kris,Medlen,kris,medlen,medlekr01
2016,KC,Alcides Escobar,5250000,Alcides,Escobar,alcides,escobar,escobal01
2016,KC,Chris Young,4250000,Chris,Young,chris,young,youngch01
2016,KC,Danny Duffy,4225000,Danny,Duffy,danny,duffy,duffyda01
2016,KC,Kelvin Herrera,2550000,Kelvin,Herrera,kelvin,herrera,herreke01
2016,KC,Dillon Gee,2000000,Dillon,Gee,dillon,gee,geedi01
2016,KC,Mike Minor,2000000,Mike,Minor,mike,minor,minormi01
2016,KC,Salvador Perez,2000000,Salvador,Perez,salvador,perez,perezsa02
2016,KC,Jarrod Dyson,1725000,Jarrod,Dyson,jarrod,dyson,dysonja01
2016,KC,Tim Collins,1475000,Tim,Collins,tim,collins,colliti01
2016,KC,Yordano Ventura,1200000,Yordano,Ventura,yordano,ventura,ventuyo01
2016,KC,Drew Butera,1162500,Drew,Butera,drew,butera,buterdr01
2016,KC,Chien-Ming Wang,1000000,Chien-Ming,Wang,chienming,wang,wangch01
2016,KC,Christian Colon,518425,Christian,Colon,christian,colon,colonch01
2016,KC,Paulo Orlando,514250,Paulo,Orlando,paulo,orlando,orlanpa01
2016,KC,Terrance Gore,508500,Terrance,Gore,terrance,gore,gorete01
2016,KC,Rey Fuentes,508450,Rey,Fuentes,rey,fuentes,fuentre01
2011,LAA,Vernon Wells,26187500,Vernon,Wells,vernon,wells,wellsve01
2011,LAA,Torii Hunter,18500000,Torii,Hunter,torii,hunter,hunteto01
2011,LAA,Dan Haren,12750000,Dan,Haren,dan,haren,harenda01
2011,LAA,Scott Kazmir,12000000,Scott,Kazmir,scott,kazmir,kazmisc01
2011,LAA,Bobby Abreu,9000000,Bobby,Abreu,bobby,abreu,abreubo01
2011,LAA,Joel Pineiro,8000000,Joel,Pineiro,joel,pineiro,pineijo01
2011,LAA,Ervin Santana,8000000,Ervin,Santana,ervin,santana,santaer01
2011,LAA,Jered Weaver,7365000,Jered,Weaver,jered,weaver,weaveje01
2011,LAA,Fernando Rodney,5500000,Fernando,Rodney,fernando,rodney,rodnefe01
2011,LAA,Scott Downs,5000000,Scott,Downs,scott,downs,downssc01
2011,LAA,Hisanori Takahashi,3800000,Hisanori,Takahashi,hisanori,takahashi,takahhi01
2011,LAA,Howie Kendrick,3300000,Howie,Kendrick,howie,kendrick,kendrho01
2011,LAA,Maicer Izturis,3266666,Maicer,Izturis,maicer,izturis,izturma01
2011,LAA,Erick Aybar,3000000,Erick,Aybar,erick,aybar,aybarer01
2011,LAA,Kendrys Morales,2975000,Kendrys,Morales,kendrys,morales,moralke01
2011,LAA,Alberto Callaspo,2000000,Alberto,Callaspo,alberto,callaspo,callaal01
2011,LAA,Jeff Mathis,1700000,Jeff,Mathis,jeff,mathis,mathije01
2011,LAA,Reggie Willits,775000,Reggie,Willits,reggie,willits,willire01
2011,LAA,Kevin Jepsen,435000,Kevin,Jepsen,kevin,jepsen,jepseke01
2011,LAA,Jason Bulger,423000,Jason,Bulger,jason,bulger,bulgeja01
2011,LAA,Brandon Wood,420000,Brandon,Wood,brandon,wood,woodbr01
2011,LAA,Rich Thompson,418000,Rich,Thompson,rich,thompson,thompri01
2011,LAA,Bobby Wilson,416000,Bobby,Wilson,bobby,wilson,wilsobo01
2011,LAA,Peter Bourjos,414000,Peter,Bourjos,peter,bourjos,bourjpe01
2011,LAA,Bobby Cassevah,414000,Bobby,Cassevah,bobby,cassevah,cassebo01
2011,LAA,Hank Conger,414000,Hank,Conger,hank,conger,congeha01
2011,LAA,Michael Kohn,414000,Michael,Kohn,michael,kohn,kohnmi01
2011,LAA,Chris Pettit,414000,Chris,Pettit,chris,pettit,pettich01
2011,LAA,Freddy Sandoval,414000,Freddy,Sandoval,freddy,sandoval,sandofr01
2011,LAA,Mark Trumbo,414000,Mark,Trumbo,mark,trumbo,trumbma01
2011,LAA,Jordan Walden,414000,Jordan,Walden,jordan,walden,waldejo01
2012,LAA,Vernon Wells,24187500,Vernon,Wells,vernon,wells,wellsve01
2012,LAA,Torii Hunter,18500000,Torii,Hunter,torii,hunter,hunteto01
2012,LAA,Jered Weaver,14200000,Jered,Weaver,jered,weaver,weaveje01
2012,LAA,Dan Haren,12750000,Dan,Haren,dan,haren,harenda01
2012,LAA,Albert Pujols,12000000,Albert,Pujols,albert,pujols,pujolal01
2012,LAA,Ervin Santana,11200000,Ervin,Santana,ervin,santana,santaer01
2012,LAA,C. J. Wilson,10500000,C. J.,Wilson,cj,wilson,wilsocj01
2012,LAA,Bobby Abreu,9000000,Bobby,Abreu,bobby,abreu,abreubo01
2012,LAA,Erick Aybar,5075000,Erick,Aybar,erick,aybar,aybarer01
2012,LAA,Scott Downs,5000000,Scott,Downs,scott,downs,downssc01
2012,LAA,Howie Kendrick,4850000,Howie,Kendrick,howie,kendrick,kendrho01
2012,LAA,Hisanori Takahashi,4200000,Hisanori,Takahashi,hisanori,takahashi,takahhi01
2012,LAA,Maicer Izturis,3966666,Maicer,Izturis,maicer,izturis,izturma01
2012,LAA,Chris Iannetta,3550000,Chris,Iannetta,chris,iannetta,iannech01
2012,LAA,Alberto Callaspo,3150000,Alberto,Callaspo,alberto,callaspo,callaal01
2012,LAA,LaTroy Hawkins,3000000,LaTroy,Hawkins,latroy,hawkins,hawkila01
2012,LAA,Kendrys Morales,2975000,Kendrys,Morales,kendrys,morales,moralke01
2012,LAA,Jerome Williams,820000,Jerome,Williams,jerome,williams,willije01
2012,LAA,Jason Isringhausen,650000,Jason,Isringhausen,jason,isringhausen,isrinja01
2012,LAA,Kevin Jepsen,501000,Kevin,Jepsen,kevin,jepsen,jepseke01
2012,LAA,Peter Bourjos,500000,Peter,Bourjos,peter,bourjos,bourjpe01
2012,LAA,Mark Trumbo,500000,Mark,Trumbo,mark,trumbo,trumbma01
2012,LAA,Rich Thompson,495000,Rich,Thompson,rich,thompson,thompri01
2012,LAA,Jordan Walden,495000,Jordan,Walden,jordan,walden,waldejo01
2012,LAA,Bobby Cassevah,490000,Bobby,Cassevah,bobby,cassevah,cassebo01
2012,LAA,Bobby Wilson,487500,Bobby,Wilson,bobby,wilson,wilsobo01
2012,LAA,Michael Kohn,481500,Michael,Kohn,michael,kohn,kohnmi01
2012,LAA,Alexi Amarista,481000,Alexi,Amarista,alexi,amarista,amarial01
2012,LAA,Jeremy Moore,480000,Jeremy,Moore,jeremy,moore,mooreje01
2013,LAA,Josh Hamilton,17400000,Josh,Hamilton,josh,hamilton,hamiljo01
2013,LAA,Jered Weaver,16200000,Jered,Weaver,jered,weaver,weaveje01
2013,LAA,Albert Pujols,16000000,Albert,Pujols,albert,pujols,pujolal01
2013,LAA,C. J. Wilson,11500000,C. J.,Wilson,cj,wilson,wilsocj01
2013,LAA,Howie Kendrick,9100000,Howie,Kendrick,howie,kendrick,kendrho01
2013,LAA,Erick Aybar,8750000,Erick,Aybar,erick,aybar,aybarer01
2013,LAA,Jason Vargas,8500000,Jason,Vargas,jason,vargas,vargaja01
2013,LAA,Joe Blanton,6500000,Joe,Blanton,joe,blanton,blantjo01
2013,LAA,Chris Iannetta,5050000,Chris,Iannetta,chris,iannetta,iannech01
2013,LAA,Scott Downs,5000000,Scott,Downs,scott,downs,downssc01
2013,LAA,Alberto Callaspo,4100000,Alberto,Callaspo,alberto,callaspo,callaal01
2013,LAA,Tommy Hanson,3725000,Tommy,Hanson,tommy,hanson,hansoto01
2013,LAA,Sean Burnett,3625000,Sean,Burnett,sean,burnett,burnese01
2013,LAA,Jeff Williams,2000000,Jeff,Williams,jeff,williams,willije01
2013,LAA,Kevin Jepsen,1181250,Kevin,Jepsen,kevin,jepsen,jepseke01
2013,LAA,Mark Trumbo,540000,Mark,Trumbo,mark,trumbo,trumbma01
2013,LAA,Ernesto Frieri,530000,Ernesto,Frieri,ernesto,frieri,frierer01
2013,LAA,Peter Bourjos,512500,Peter,Bourjos,peter,bourjos,bourjpe01
2013,LAA,Mike Trout,510000,Mike,Trout,mike,trout,troutmi01
2013,LAA,Hank Conger,495000,Hank,Conger,hank,conger,congeha01
2013,LAA,John Hester,495000,John,Hester,john,hester,hestejo01
2013,LAA,Garrett Richards,495000,Garrett,Richards,garrett,richards,richaga01
2013,LAA,David Carpenter,493000,David,Carpenter,david,carpenter,carpeda01
2013,LAA,Andrew Romine,492000,Andrew,Romine,andrew,romine,rominan01
2013,LAA,Kole Calhoun,491000,Kole,Calhoun,kole,calhoun,calhoko01
2013,LAA,Luis Jimenez,490000,Luis,Jimenez,luis,jimenez,jimenlu01
2014,LAA,Albert Pujols,23000000,Albert,Pujols,albert,pujols,pujolal01
2014,LAA,Josh Hamilton,17000000,Josh,Hamilton,josh,hamilton,hamiljo01
2014,LAA,Jered Weaver,16000000,Jered,Weaver,jered,weaver,weaveje01
2014,LAA,C. J. Wilson,16000000,C. J.,Wilson,cj,wilson,wilsocj01
2014,LAA,Howie Kendrick,9350000,Howie,Kendrick,howie,kendrick,kendrho01
2014,LAA,Erick Aybar,8500000,Erick,Aybar,erick,aybar,aybarer01
2014,LAA,Joe Smith,5250000,Joe,Smith,joe,smith,smithjo09
2014,LAA,David Freese,5050000,David,Freese,david,freese,freesda01
2014,LAA,Chris Iannetta,4975000,Chris,Iannetta,chris,iannetta,iannech01
2014,LAA,Ernesto Frieri,3800000,Ernesto,Frieri,ernesto,frieri,frierer01
2014,LAA,Raul Ibanez,2750000,Raul,Ibanez,raul,ibanez,ibanera01
2014,LAA,Kevin Jepsen,1462500,Kevin,Jepsen,kevin,jepsen,jepseke01
2014,LAA,Mike Trout,1000000,Mike,Trout,mike,trout,troutmi01
2014,LAA,Fernando Salas,870000,Fernando,Salas,fernando,salas,salasfe01
2014,LAA,John McDonald,850000,John,McDonald,john,mcdonald,mcdonjo01
2014,LAA,Hector Santiago,530000,Hector,Santiago,hector,santiago,santihe01
2014,LAA,Garrett Richards,520000,Garrett,Richards,garrett,richards,richaga01
2014,LAA,Hank Conger,517500,Hank,Conger,hank,conger,congeha01
2014,LAA,Dane De La Rosa,515000,Dane De La,Rosa,danedela,rosa,rosada01
2014,LAA,Michael Kohn,515000,Michael,Kohn,michael,kohn,kohnmi01
2014,LAA,JB Shuck,515000,JB,Shuck,jb,shuck,shuckjb01
2014,LAA,Kole Calhoun,506000,Kole,Calhoun,kole,calhoun,calhoko01
2014,LAA,Collin Cowgill,506000,Collin,Cowgill,collin,cowgill,cowgico01
2014,LAA,Grant Green,502250,Grant,Green,grant,green,greengr01
2014,LAA,Tyler Skaggs,502250,Tyler,Skaggs,tyler,skaggs,skaggty01
2014,LAA,Cory Rasmus,501250,Cory,Rasmus,cory,rasmus,rasmuco01
2014,LAA,Matt Shoemaker,500500,Matt,Shoemaker,matt,shoemaker,shoemma01
2015,LAA,Albert Pujols,24000000,Albert,Pujols,albert,pujols,pujolal01
2015,LAA,Jered Weaver,18000000,Jered,Weaver,jered,weaver,weaveje01
2015,LAA,C. J. Wilson,18000000,C. J.,Wilson,cj,wilson,wilsocj01
2015,LAA,Erick Aybar,8500000,Erick,Aybar,erick,aybar,aybarer01
2015,LAA,Huston Street,7000000,Huston,Street,huston,street,streehu01
2015,LAA,David Freese,6425000,David,Freese,david,freese,freesda01
2015,LAA,Mike Trout,6083000,Mike,Trout,mike,trout,troutmi01
2015,LAA,Chris Iannetta,5525000,Chris,Iannetta,chris,iannetta,iannech01
2015,LAA,Joe Smith,5250000,Joe,Smith,joe,smith,smithjo09
2015,LAA,Matt Joyce,4750000,Matt,Joyce,matt,joyce,joycema01
2015,LAA,Garrett Richards,3200000,Garrett,Richards,garrett,richards,richaga01
2015,LAA,Hector Santiago,2290000,Hector,Santiago,hector,santiago,santihe01
2015,LAA,Fernando Salas,1370000,Fernando,Salas,fernando,salas,salasfe01
2015,LAA,Cesar Ramos,1312000,Cesar,Ramos,cesar,ramos,ramosce01
2015,LAA,Vinnie Pestano,1150000,Vinnie,Pestano,vinnie,pestano,pestavi01
2015,LAA,Collin Cowgill,995000,Collin,Cowgill,collin,cowgill,cowgico01
2015,LAA,Drew Butera,987500,Drew,Butera,drew,butera,buterdr01
2015,LAA,Kole Calhoun,537500,Kole,Calhoun,kole,calhoun,calhoko01
2015,LAA,Kirk Nieuwenhuis,525415,Kirk,Nieuwenhuis,kirk,nieuwenhuis,nieuwki01
2015,LAA,Matt Shoemaker,517500,Matt,Shoemaker,matt,shoemaker,shoemma01
2015,LAA,Johnny Giavotella,516250,Johnny,Giavotella,johnny,giavotella,giavojo01
2015,LAA,Mike Morin,514000,Mike,Morin,mike,morin,morinmi01
2015,LAA,Cory Rasmus,513000,Cory,Rasmus,cory,rasmus,rasmuco01
2015,LAA,C. J. Cron,512500,C. J.,Cron,cj,cron,croncj01
2015,LAA,Dan Robertson,511250,Dan,Robertson,dan,robertson,roberda01
2015,LAA,Efren Navarro,511000,Efren,Navarro,efren,navarro,navaref01
2015,LAA,Jose Alvarez,509500,Jose,Alvarez,jose,alvarez,alvarjo01
2016,LAA,Albert Pujols,25000000,Albert,Pujols,albert,pujols,pujolal01
2016,LAA,C. J. Wilson,20500000,C. J.,Wilson,cj,wilson,wilsocj01
2016,LAA,Jered Weaver,20200000,Jered,Weaver,jered,weaver,weaveje01
2016,LAA,Mike Trout,16083333,Mike,Trout,mike,trout,troutmi01
2016,LAA,Huston Street,8000000,Huston,Street,huston,street,streehu01
2016,LAA,Yunel Escobar,7000000,Yunel,Escobar,yunel,escobar,escobyu01
2016,LAA,Garrett Richards,6425000,Garrett,Richards,garrett,richards,richaga01
2016,LAA,Andrelton Simmons,6000000,Andrelton,Simmons,andrelton,simmons,simmoan01
2016,LAA,Joe Smith,5250000,Joe,Smith,joe,smith,smithjo09
2016,LAA,Hector Santiago,5000000,Hector,Santiago,hector,santiago,santihe01
2016,LAA,Kole Calhoun,3400000,Kole,Calhoun,kole,calhoun,calhoko01
2016,LAA,Geovany Soto,2800000,Geovany,Soto,geovany,soto,sotoge01
2016,LAA,Fernando Salas,2400000,Fernando,Salas,fernando,salas,salasfe01
2016,LAA,Cliff Pennington,1500000,Cliff,Pennington,cliff,pennington,pennicl01
2016,LAA,Daniel Nava,1375000,Daniel,Nava,daniel,nava,navada01
2016,LAA,Craig Gentry,1000000,Craig,Gentry,craig,gentry,gentrcr01
2016,LAA,Ji-Man Choi,650000,Ji-Man,Choi,jiman,choi,choiji01
2016,LAA,Johnny Giavotella,532500,Johnny,Giavotella,johnny,giavotella,giavojo01
2016,LAA,Matt Shoemaker,530000,Matt,Shoemaker,matt,shoemaker,shoemma01
2016,LAA,C. J. Cron,525000,C. J.,Cron,cj,cron,croncj01
2016,LAA,Mike Morin,520000,Mike,Morin,mike,morin,morinmi01
2016,LAA,Andrew Heaney,515000,Andrew,Heaney,andrew,heaney,heanean01
2016,LAA,Cory Rasmus,514500,Cory,Rasmus,cory,rasmus,rasmuco01
2016,LAA,Carlos Perez,513000,Carlos,Perez,carlos,perez,perezca02
2016,LAA,Cam Bedrosian,510500,Cam,Bedrosian,cam,bedrosian,bedroca01
2016,LAA,Jose Alvarez,507500,Jose,Alvarez,jose,alvarez,alvarjo01
2011,LAD,Rafael Furcal,13000000,Rafael,Furcal,rafael,furcal,furcara01
2011,LAD,Hiroki Kuroda,11765724,Hiroki,Kuroda,hiroki,kuroda,kurodhi01
2011,LAD,Andre Ethier,9500000,Andre,Ethier,andre,ethier,ethiean01
2011,LAD,Ted Lilly,8166666,Ted,Lilly,ted,lilly,lillyte01
2011,LAD,Matt Kemp,7100000,Matt,Kemp,matt,kemp,kempma01
2011,LAD,Jonathan Broxton,7000000,Jonathan,Broxton,jonathan,broxton,brotjo01
2011,LAD,Chad Billingsley,6275000,Chad,Billingsley,chad,billingsley,billich01
2011,LAD,Casey Blake,5500000,Casey,Blake,casey,blake,blakeca01
2011,LAD,Juan Uribe,5295910,Juan,Uribe,juan,uribe,uribeju01
2011,LAD,James Loney,4875000,James,Loney,james,loney,loneyja01
2011,LAD,Jon Garland,4442023,Jon,Garland,jon,garland,garlajo01
2011,LAD,Rod Barajas,3250000,Rod,Barajas,rod,barajas,barajro01
2011,LAD,Hung-Chih Kuo,2725000,Hung-Chih,Kuo,hungchih,kuo,kuohu01
2011,LAD,Matt Guerrier,2461499,Matt,Guerrier,matt,guerrier,guerrma01
2011,LAD,Jamey Carroll,2285677,Jamey,Carroll,jamey,carroll,carroja01
2011,LAD,Vicente Padilla,2000000,Vicente,Padilla,vicente,padilla,padilvi01
2011,LAD,Lance Cormier,1200000,Lance,Cormier,lance,cormier,cormila01
2011,LAD,Dioner Navarro,1000000,Dioner,Navarro,dioner,navarro,navardi01
2011,LAD,Marcus Thames,1000000,Marcus,Thames,marcus,thames,thamema01
2011,LAD,Tony Gwynn,675000,Tony,Gwynn,tony,gwynn,gwynnto01
2011,LAD,Jay Gibbons,650000,Jay,Gibbons,jay,gibbons,gibboja01
2011,LAD,Clayton Kershaw,500000,Clayton,Kershaw,clayton,kershaw,kershcl01
2011,LAD,Mike MacDougal,500000,Mike,MacDougal,mike,macdougal,macdomi01
2011,LAD,Aaron Miles,500000,Aaron,Miles,aaron,miles,milesaa01
2011,LAD,Blake Hawksworth,426000,Blake,Hawksworth,blake,hawksworth,hawksbl01
2011,LAD,Hector Gimenez,425000,Hector,Gimenez,hector,gimenez,gimenhe01
2011,LAD,A. J. Ellis,421000,A. J.,Ellis,aj,ellis,ellisaj01
2011,LAD,Xavier Paul,419500,Xavier,Paul,xavier,paul,paula01
2011,LAD,Kenley Jansen,416000,Kenley,Jansen,kenley,jansen,janseke01
2011,LAD,Ivan De Jesus,414000,Ivan De,Jesus,ivande,jesus,jesusiv01
2012,LAD,Ted Lilly,11666666,Ted,Lilly,ted,lilly,lillyte01
2012,LAD,Andre Ethier,10950000,Andre,Ethier,andre,ethier,ethiean01
2012,LAD,Matt Kemp,10250000,Matt,Kemp,matt,kemp,kempma01
2012,LAD,Chad Billingsley,9000000,Chad,Billingsley,chad,billingsley,billich01
2012,LAD,Juan Uribe,8295910,Juan,Uribe,juan,uribe,uribeju01
2012,LAD,Clayton Kershaw,7750000,Clayton,Kershaw,clayton,kershaw,kershcl01
2012,LAD,James Loney,6375000,James,Loney,james,loney,loneyja01
2012,LAD,Matt Guerrier,4711499,Matt,Guerrier,matt,guerrier,guerrma01
2012,LAD,Aaron Harang,4000000,Aaron,Harang,aaron,harang,haranaa01
2012,LAD,Juan Rivera,4000000,Juan,Rivera,juan,rivera,riverju01
2012,LAD,Chris Capuano,3000000,Chris,Capuano,chris,capuano,capuach01
2012,LAD,Mark Ellis,2500000,Mark,Ellis,mark,ellis,ellisma01
2012,LAD,Jerry Hairston,2250000,Jerry,Hairston,jerry,hairston,hairsje01
2012,LAD,Todd Coffey,1000000,Todd,Coffey,todd,coffey,coffeto01
2012,LAD,Jamey Wright,900000,Jamey,Wright,jamey,wright,wrighja01
2012,LAD,Tony Gwynn,850000,Tony,Gwynn,tony,gwynn,gwynnto01
2012,LAD,Matt Treanor,850000,Matt,Treanor,matt,treanor,treanma01
2012,LAD,Adam Kennedy,800000,Adam,Kennedy,adam,kennedy,kennead01
2012,LAD,Mike MacDougal,650000,Mike,MacDougal,mike,macdougal,macdomi01
2012,LAD,Blake Hawksworth,495000,Blake,Hawksworth,blake,hawksworth,hawksbl01
2012,LAD,Kenley Jansen,491000,Kenley,Jansen,kenley,jansen,janseke01
2012,LAD,A. J. Ellis,490000,A. J.,Ellis,aj,ellis,ellisaj01
2012,LAD,Scott Elbert,488500,Scott,Elbert,scott,elbert,elbersc01
2012,LAD,Javy Guerra,488000,Javy,Guerra,javy,guerra,guerrja01
2012,LAD,Dee Strange-Gordon,485000,Dee,Strange-Gordon,dee,strangegordon,strande01
2012,LAD,Josh Lindblom,483000,Josh,Lindblom,josh,lindblom,lindbjo01
2012,LAD,Rubby De La Rosa,482500,Rubby De La,Rosa,rubbydela,rosa,rosaru01
2012,LAD,Justin Sellers,481000,Justin,Sellers,justin,sellers,selleju01
2012,LAD,Ivan De Jesus,480500,Ivan De,Jesus,ivande,jesus,jesusiv01
2012,LAD,Ronald Belisario,480000,Ronald,Belisario,ronald,belisario,belisro01
2013,LAD,Adrian Gonzalez,21857143,Adrian,Gonzalez,adrian,gonzalez,gonzaad01
2013,LAD,Zack Greinke,21000000,Zack,Greinke,zack,greinke,greinza01
2013,LAD,Carl Crawford,20857143,Carl,Crawford,carl,crawford,crawfca01
2013,LAD,Matt Kemp,20250000,Matt,Kemp,matt,kemp,kempma01
2013,LAD,Josh Beckett,17000000,Josh,Beckett,josh,beckett,beckejo01
2013,LAD,Hanley Ramirez,15500000,Hanley,Ramirez,hanley,ramirez,ramirha02
2013,LAD,Andre Ethier,13500000,Andre,Ethier,andre,ethier,ethiean01
2013,LAD,Ted Lilly,13166667,Ted,Lilly,ted,lilly,lillyte01
2013,LAD,Clayton Kershaw,11750000,Clayton,Kershaw,clayton,kershaw,kershcl01
2013,LAD,Chad Billingsley,11000000,Chad,Billingsley,chad,billingsley,billich01
2013,LAD,Juan Uribe,7295911,Juan,Uribe,juan,uribe,uribeju01
2013,LAD,Chris Capuano,6375000,Chris,Capuano,chris,capuano,capuach01
2013,LAD,Ramon Hernandez,6000000,Ramon,Hernandez,ramon,hernandez,hernara01
2013,LAD,Brandon League,5500000,Brandon,League,brandon,league,leagubr01
2013,LAD,Mark Ellis,5250000,Mark,Ellis,mark,ellis,ellisma01
2013,LAD,Matt Guerrier,4711499,Matt,Guerrier,matt,guerrier,guerrma01
2013,LAD,Jerry Hairston,3750000,Jerry,Hairston,jerry,hairston,hairsje01
2013,LAD,Hyun Jin Ryu,3333333,Hyun Jin,Ryu,hyunjin,ryu,ryuhy01
2013,LAD,J. P. Howell,2850000,J. P.,Howell,jp,howell,howeljp01
2013,LAD,A. J. Ellis,2000000,A. J.,Ellis,aj,ellis,ellisaj01
2013,LAD,Yasiel Puig,2000000,Yasiel,Puig,yasiel,puig,puigya01
2013,LAD,Nick Punto,1500000,Nick,Punto,nick,punto,puntoni01
2013,LAD,Skip Schumaker,1500000,Skip,Schumaker,skip,schumaker,schumsk01
2013,LAD,Ronald Belisario,1450000,Ronald,Belisario,ronald,belisario,belisro01
2013,LAD,Kenley Jansen,512000,Kenley,Jansen,kenley,jansen,janseke01
2013,LAD,Luis Cruz,505000,Luis,Cruz,luis,cruz,cruzlu01
2013,LAD,Stephen Fife,492500,Stephen,Fife,stephen,fife,fifest01
2013,LAD,Elian Herrera,492500,Elian,Herrera,elian,herrera,herreel01
2013,LAD,Paco Rodriguez,491500,Paco,Rodriguez,paco,rodriguez,rodripa01
2013,LAD,Tim Federowicz,491000,Tim,Federowicz,tim,federowicz,federti01
2013,LAD,Alex Castellanos,490500,Alex,Castellanos,alex,castellanos,casteal01
2013,LAD,Josh Wall,490500,Josh,Wall,josh,wall,walljo01
2014,LAD,Zack Greinke,26000000,Zack,Greinke,zack,greinke,greinza01
2014,LAD,Adrian Gonzalez,21000000,Adrian,Gonzalez,adrian,gonzalez,gonzaad01
2014,LAD,Matt Kemp,21000000,Matt,Kemp,matt,kemp,kempma01
2014,LAD,Carl Crawford,20250000,Carl,Crawford,carl,crawford,crawfca01
2014,LAD,Hanley Ramirez,16000000,Hanley,Ramirez,hanley,ramirez,ramirha02
2014,LAD,Josh Beckett,15750000,Josh,Beckett,josh,beckett,beckejo01
2014,LAD,Andre Ethier,15500000,Andre,Ethier,andre,ethier,ethiean01
2014,LAD,Dan Haren,10000000,Dan,Haren,dan,haren,harenda01
2014,LAD,Brian Wilson,10000000,Brian,Wilson,brian,wilson,wilsobr01
2014,LAD,Brandon League,7500000,Brandon,League,brandon,league,leagubr01
2014,LAD,Juan Uribe,6500000,Juan,Uribe,juan,uribe,uribeju01
2014,LAD,Kevin Correia,5500000,Kevin,Correia,kevin,correia,correke01
2014,LAD,Hyun Jin Ryu,4333000,Hyun Jin,Ryu,hyunjin,ryu,ryuhy01
2014,LAD,Kenley Jansen,4300000,Kenley,Jansen,kenley,jansen,janseke01
2014,LAD,Alex Guerrero,4000000,Alex,Guerrero,alex,guerrero,guerral01
2014,LAD,J. P. Howell,4000000,J. P.,Howell,jp,howell,howeljp01
2014,LAD,Clayton Kershaw,4000000,Clayton,Kershaw,clayton,kershaw,kershcl01
2014,LAD,Yasiel Puig,3714000,Yasiel,Puig,yasiel,puig,puigya01
2014,LAD,A. J. Ellis,3550000,A. J.,Ellis,aj,ellis,ellisaj01
2014,LAD,Erisbel Arruebarrena,3000000,Erisbel,Arruebarrena,erisbel,arruebarrena,arrueer01
2014,LAD,Chris Perez,2300000,Chris,Perez,chris,perez,perezch01
2014,LAD,Jamey Wright,1800000,Jamey,Wright,jamey,wright,wrighja01
2014,LAD,Paul Maholm,1500000,Paul,Maholm,paul,maholm,maholpa01
2014,LAD,Justin Turner,1000000,Justin,Turner,justin,turner,turneju01
2014,LAD,Mike Baxter,700000,Mike,Baxter,mike,baxter,batemi01
2014,LAD,Drew Butera,700000,Drew,Butera,drew,butera,buterdr01
2014,LAD,Scott Elbert,575000,Scott,Elbert,scott,elbert,elbersc01
2014,LAD,Dee Strange-Gordon,515000,Dee,Strange-Gordon,dee,strangegordon,strande01
2014,LAD,Paco Rodriguez,512500,Paco,Rodriguez,paco,rodriguez,rodripa01
2014,LAD,Scott Van Slyke,507500,Scott Van,Slyke,scottvan,slyke,slykesc01
2014,LAD,Chris Withrow,506600,Chris,Withrow,chris,withrow,withrch01
2014,LAD,Jose Dominguez,501000,Jose,Dominguez,jose,dominguez,dominjo01
2015,LAD,Clayton Kershaw,32571000,Clayton,Kershaw,clayton,kershaw,kershcl01
2015,LAD,Zack Greinke,25000000,Zack,Greinke,zack,greinke,greinza01
2015,LAD,Adrian Gonzalez,21857000,Adrian,Gonzalez,adrian,gonzalez,gonzaad01
2015,LAD,Carl Crawford,21357000,Carl,Crawford,carl,crawford,crawfca01
2015,LAD,Andre Ethier,18000000,Andre,Ethier,andre,ethier,ethiean01
2015,LAD,Brandon McCarthy,12500000,Brandon,McCarthy,brandon,mccarthy,mccarbr01
2015,LAD,Jimmy Rollins,11000000,Jimmy,Rollins,jimmy,rollins,rolliji01
2015,LAD,Brett Anderson,10000000,Brett,Anderson,brett,anderson,anderbr06
2015,LAD,Howie Kendrick,9500000,Howie,Kendrick,howie,kendrick,kendrho01
2015,LAD,Kenley Jansen,7425000,Kenley,Jansen,kenley,jansen,janseke01
2015,LAD,Alex Guerrero,6500000,Alex,Guerrero,alex,guerrero,guerral01
2015,LAD,Juan Uribe,6500000,Juan,Uribe,juan,uribe,uribeju01
2015,LAD,Yasiel Puig,6214000,Yasiel,Puig,yasiel,puig,puigya01
2015,LAD,A. J. Ellis,4250000,A. J.,Ellis,aj,ellis,ellisaj01
2015,LAD,J. P. Howell,4000000,J. P.,Howell,jp,howell,howeljp01
2015,LAD,Brandon Beachy,2750000,Brandon,Beachy,brandon,beachy,beachbr01
2015,LAD,Darwin Barney,2525000,Darwin,Barney,darwin,barney,barneda01
2015,LAD,Joel Peralta,2500000,Joel,Peralta,joel,peralta,peraljo01
2015,LAD,Justin Turner,2500000,Justin,Turner,justin,turner,turneju01
2015,LAD,Juan Nicasio,2300000,Juan,Nicasio,juan,nicasio,nicasju01
2015,LAD,Chris Heisey,2160000,Chris,Heisey,chris,heisey,heisech01
2015,LAD,Yasmani Grandal,693000,Yasmani,Grandal,yasmani,grandal,grandya01
2015,LAD,Joe Wieland,590000,Joe,Wieland,joe,wieland,wielajo01
2015,LAD,Chris Hatcher,522500,Chris,Hatcher,chris,hatcher,hatchch01
2015,LAD,Paco Rodriguez,522500,Paco,Rodriguez,paco,rodriguez,rodripa01
2015,LAD,Scott Van Slyke,522500,Scott Van,Slyke,scottvan,slyke,slykesc01
2015,LAD,Pedro Baez,512500,Pedro,Baez,pedro,baez,baezpe01
2015,LAD,Yimi Garcia,510000,Yimi,Garcia,yimi,garcia,garciyi01
2015,LAD,Joc Pederson,510000,Joc,Pederson,joc,pederson,pederjo01
2016,LAD,Clayton Kershaw,33000000,Clayton,Kershaw,clayton,kershaw,kershcl01
2016,LAD,Adrian Gonzalez,21000000,Adrian,Gonzalez,adrian,gonzalez,gonzaad01
2016,LAD,Carl Crawford,20750000,Carl,Crawford,carl,crawford,crawfca01
2016,LAD,Andre Ethier,18000000,Andre,Ethier,andre,ethier,ethiean01
2016,LAD,Brett Anderson,15800000,Brett,Anderson,brett,anderson,anderbr06
2016,LAD,Scott Kazmir,14985384,Scott,Kazmir,scott,kazmir,kazmisc01
2016,LAD,Brandon McCarthy,12500000,Brandon,McCarthy,brandon,mccarthy,mccarbr01
2016,LAD,Kenley Jansen,10650000,Kenley,Jansen,kenley,jansen,janseke01
2016,LAD,Howie Kendrick,9540378,Howie,Kendrick,howie,kendrick,kendrho01
2016,LAD,Hyun Jin Ryu,7833333,Hyun Jin,Ryu,hyunjin,ryu,ryuhy01
2016,LAD,Alex Guerrero,7500000,Alex,Guerrero,alex,guerrero,guerral01
2016,LAD,Yasiel Puig,7214285,Yasiel,Puig,yasiel,puig,puigya01
2016,LAD,Chase Utley,7000000,Chase,Utley,chase,utley,utleych01
2016,LAD,J. P. Howell,6250000,J. P.,Howell,jp,howell,howeljp01
2016,LAD,Justin Turner,5100000,Justin,Turner,justin,turner,turneju01
2016,LAD,A. J. Ellis,4500000,A. J.,Ellis,aj,ellis,ellisaj01
2016,LAD,Joe Blanton,4000000,Joe,Blanton,joe,blanton,blantjo01
2016,LAD,Kenta Maeda,3125000,Kenta,Maeda,kenta,maeda,maedake01
2016,LAD,Yasmani Grandal,2800000,Yasmani,Grandal,yasmani,grandal,grandya01
2016,LAD,Scott Van Slyke,1225000,Scott Van,Slyke,scottvan,slyke,slykesc01
2016,LAD,Chris Hatcher,1065000,Chris,Hatcher,chris,hatcher,hatchch01
2016,LAD,Louis Coleman,725000,Louis,Coleman,louis,coleman,colemlo01
2016,LAD,Charlie Culberson,535000,Charlie,Culberson,charlie,culberson,culbech01
2016,LAD,Alex Wood,530000,Alex,Wood,alex,wood,woodal01
2016,LAD,Pedro Baez,520000,Pedro,Baez,pedro,baez,baezpe01
2016,LAD,Enrique Hernandez,520000,Enrique,Hernandez,enrique,hernandez,hernaen02
2016,LAD,Joc Pederson,520000,Joc,Pederson,joc,pederson,pederjo01
2016,LAD,Yimi Garcia,517500,Yimi,Garcia,yimi,garcia,garciyi01
2016,LAD,Mike Bolsinger,515000,Mike,Bolsinger,mike,bolsinger,bolsimi01
2016,LAD,Josh Ravin,515000,Josh,Ravin,josh,ravin,ravinjo01
2016,LAD,Austin Barnes,512500,Austin,Barnes,austin,barnes,barneau01
2016,LAD,Trayce Thompson,512500,Trayce,Thompson,trayce,thompson,thomptr01
2016,LAD,Frankie Montas,510000,Frankie,Montas,frankie,montas,montafr01
2016,LAD,Corey Seager,510000,Corey,Seager,corey,seager,seageco01
2016,LAD,Ross Stripling,507500,Ross,Stripling,ross,stripling,stripro01
2012,MIA,Carlos Zambrano,19000000,Carlos,Zambrano,carlos,zambrano,zambrca01
2012,MIA,Hanley Ramirez,15000000,Hanley,Ramirez,hanley,ramirez,ramirha02
2012,MIA,Josh Johnson,13750000,Josh,Johnson,josh,johnson,johnsjo01
2012,MIA,Jose Reyes,10000000,Jose,Reyes,jose,reyes,reyesjo01
2012,MIA,Ricky Nolasco,9000000,Ricky,Nolasco,ricky,nolasco,nolasri01
2012,MIA,Anibal Sanchez,8000000,Anibal,Sanchez,anibal,sanchez,sanchan01
2012,MIA,Heath Bell,7000000,Heath,Bell,heath,bell,bellhe01
2012,MIA,Mark Buehrle,7000000,Mark,Buehrle,mark,buehrle,buehrma01
2012,MIA,John Buck,6500000,John,Buck,john,buck,buckjo01
2012,MIA,Juan Carlos Oviedo,6000000,Juan Carlos,Oviedo,juancarlos,oviedo,oviedju01
2012,MIA,Omar Infante,4000000,Omar,Infante,omar,infante,infanom01
2012,MIA,Emilio Bonifacio,2200000,Emilio,Bonifacio,emilio,bonifacio,bonifem01
2012,MIA,Edward Mujica,1625000,Edward,Mujica,edward,mujica,mujiced01
2012,MIA,Randy Choate,1500000,Randy,Choate,randy,choate,choatra01
2012,MIA,Greg Dobbs,1400000,Greg,Dobbs,greg,dobbs,dobbsgr01
2012,MIA,Chad Gaudin,600000,Chad,Gaudin,chad,gaudin,gaudich01
2012,MIA,Austin Kearns,600000,Austin,Kearns,austin,kearns,kearnau01
2012,MIA,Donnie Murphy,560000,Donnie,Murphy,donnie,murphy,murphdo01
2012,MIA,Chris Coghlan,500000,Chris,Coghlan,chris,coghlan,coghlch01
2012,MIA,Gaby Sanchez,483000,Gaby,Sanchez,gaby,sanchez,sanchga02
2012,MIA,Jose Ceda,480000,Jose,Ceda,jose,ceda,cedajo01
2012,MIA,Steve Cishek,480000,Steve,Cishek,steve,cishek,cishest01
2012,MIA,Mike Dunn,480000,Mike,Dunn,mike,dunn,dunnmi01
2012,MIA,Brett Hayes,480000,Brett,Hayes,brett,hayes,hayesbr01
2012,MIA,Logan Morrison,480000,Logan,Morrison,logan,morrison,morrilo01
2012,MIA,Giancarlo Stanton,480000,Giancarlo,Stanton,giancarlo,stanton,stantgi01
2012,MIA,Ryan Webb,480000,Ryan,Webb,ryan,webb,webbry01
2013,MIA,Ricky Nolasco,11500000,Ricky,Nolasco,ricky,nolasco,nolasri01
2013,MIA,Adeiny Hechavarria,2750000,Adeiny,Hechavarria,adeiny,hechavarria,hechaad01
2013,MIA,Placido Polanco,2750000,Placido,Polanco,placido,polanco,polanpl01
2013,MIA,Jacob Turner,2150000,Jacob,Turner,jacob,turner,turneja01
2013,MIA,Greg Dobbs,1600000,Greg,Dobbs,greg,dobbs,dobbsgr01
2013,MIA,Juan Pierre,1600000,Juan,Pierre,juan,pierre,pierrju01
2013,MIA,Jeff Mathis,1500000,Jeff,Mathis,jeff,mathis,mathije01
2013,MIA,Jon Rauch,1000000,Jon,Rauch,jon,rauch,rauchjo01
2013,MIA,Ryan Webb,975000,Ryan,Webb,ryan,webb,webbry01
2013,MIA,Miguel Olivo,800000,Miguel,Olivo,miguel,olivo,olivomi01
2013,MIA,Giancarlo Stanton,537000,Giancarlo,Stanton,giancarlo,stanton,stantgi01
2013,MIA,Henderson Alvarez,507900,Henderson,Alvarez,henderson,alvarez,alvarhe01
2013,MIA,Steve Cishek,505000,Steve,Cishek,steve,cishek,cishest01
2013,MIA,Chris Coghlan,503500,Chris,Coghlan,chris,coghlan,coghlch01
2013,MIA,Nathan Eovaldi,502000,Nathan,Eovaldi,nathan,eovaldi,eovalna01
2013,MIA,Justin Ruggiano,494500,Justin,Ruggiano,justin,ruggiano,ruggiju01
2013,MIA,Mike Dunn,492500,Mike,Dunn,mike,dunn,dunnmi01
2013,MIA,Wade LeBlanc,491500,Wade,LeBlanc,wade,leblanc,leblawa01
2013,MIA,Logan Morrison,491500,Logan,Morrison,logan,morrison,morrilo01
2013,MIA,Donovan Solano,491500,Donovan,Solano,donovan,solano,solando01
2013,MIA,Rob Brantly,490000,Rob,Brantly,rob,brantly,brantro01
2013,MIA,Joe Mahoney,490000,Joe,Mahoney,joe,mahoney,mahonjo01
2013,MIA,AJ Ramos,490000,AJ,Ramos,aj,ramos,ramosaj01
2013,MIA,Kyle Skipworth,490000,Kyle,Skipworth,kyle,skipworth,skipwky01
2014,MIA,Giancarlo Stanton,6500000,Giancarlo,Stanton,giancarlo,stanton,stantgi01
2014,MIA,Jarrod Saltalamacchia,6000000,Jarrod,Saltalamacchia,jarrod,saltalamacchia,saltaja01
2014,MIA,Steve Cishek,3800000,Steve,Cishek,steve,cishek,cishest01
2014,MIA,Rafael Furcal,3500000,Rafael,Furcal,rafael,furcal,furcara01
2014,MIA,Garrett Jones,2750000,Garrett,Jones,garrett,jones,jonesga01
2014,MIA,Adeiny Hechavarria,2200000,Adeiny,Hechavarria,adeiny,hechavarria,hechaad01
2014,MIA,Greg Dobbs,1700000,Greg,Dobbs,greg,dobbs,dobbsgr01
2014,MIA,Jeff Baker,1600000,Jeff,Baker,jeff,baker,bakerje01
2014,MIA,Jeff Mathis,1500000,Jeff,Mathis,jeff,mathis,mathije01
2014,MIA,Mike Dunn,1400000,Mike,Dunn,mike,dunn,dunnmi01
2014,MIA,Carlos Marmol,1250000,Carlos,Marmol,carlos,marmol,marmoca01
2014,MIA,Casey McGehee,1100000,Casey,McGehee,casey,mcgehee,mcgehca01
2014,MIA,Reed Johnson,1000000,Reed,Johnson,reed,johnson,johnsre01
2014,MIA,Kevin Slowey,800000,Kevin,Slowey,kevin,slowey,sloweke01
2014,MIA,Jose Fernandez,635000,Jose,Fernandez,jose,fernandez,fernajo01
2014,MIA,Henderson Alvarez,525400,Henderson,Alvarez,henderson,alvarez,alvarhe01
2014,MIA,Nathan Eovaldi,517000,Nathan,Eovaldi,nathan,eovaldi,eovalna01
2014,MIA,Tom Koehler,515000,Tom,Koehler,tom,koehler,koehlto01
2014,MIA,Donovan Solano,511500,Donovan,Solano,donovan,solano,solando01
2014,MIA,Ed Lucas,510000,Ed,Lucas,ed,lucas,lucased01
2014,MIA,AJ Ramos,510000,AJ,Ramos,aj,ramos,ramosaj01
2014,MIA,Marcell Ozuna,505000,Marcell,Ozuna,marcell,ozuna,ozunama01
2014,MIA,Christian Yelich,505000,Christian,Yelich,christian,yelich,yelicch01
2014,MIA,Derek Dietrich,501500,Derek,Dietrich,derek,dietrich,dietrde01
2014,MIA,Dan Jennings,501500,Dan,Jennings,dan,jennings,jennida01
2014,MIA,Brad Hand,500000,Brad,Hand,brad,hand,handbr01
2014,MIA,Jake Marisnick,500000,Jake,Marisnick,jake,marisnick,marisja01
2015,MIA,Martin Prado,11000000,Martin,Prado,martin,prado,pradoma01
2015,MIA,Dan Haren,10000000,Dan,Haren,dan,haren,harenda01
2015,MIA,Mat Latos,9400000,Mat,Latos,mat,latos,latosma01
2015,MIA,Steve Cishek,6650000,Steve,Cishek,steve,cishek,cishest01
2015,MIA,Giancarlo Stanton,6500000,Giancarlo,Stanton,giancarlo,stanton,stantgi01
2015,MIA,Henderson Alvarez,4000000,Henderson,Alvarez,henderson,alvarez,alvarhe01
2015,MIA,Dee Strange-Gordon,2500000,Dee,Strange-Gordon,dee,strangegordon,strande01
2015,MIA,Mike Dunn,2350000,Mike,Dunn,mike,dunn,dunnmi01
2015,MIA,Jeff Baker,2100000,Jeff,Baker,jeff,baker,bakerje01
2015,MIA,Ichiro Suzuki,2000000,Ichiro,Suzuki,ichiro,suzuki,suzukic01
2015,MIA,Adeiny Hechavarria,1925000,Adeiny,Hechavarria,adeiny,hechavarria,hechaad01
2015,MIA,Jeff Mathis,1500000,Jeff,Mathis,jeff,mathis,mathije01
2015,MIA,David Phelps,1400000,David,Phelps,david,phelps,phelpda01
2015,MIA,Don Kelly,1250000,Don,Kelly,don,kelly,kellydo01
2015,MIA,Jose Fernandez,651000,Jose,Fernandez,jose,fernandez,fernajo01
2015,MIA,Christian Yelich,570000,Christian,Yelich,christian,yelich,yelicch01
2015,MIA,Tom Koehler,555000,Tom,Koehler,tom,koehler,koehlto01
2015,MIA,Marcell Ozuna,545000,Marcell,Ozuna,marcell,ozuna,ozunama01
2015,MIA,Jarred Cosart,540000,Jarred,Cosart,jarred,cosart,cosarja01
2015,MIA,Bryan Morris,531500,Bryan,Morris,bryan,morris,morribr01
2015,MIA,Donovan Solano,531500,Donovan,Solano,donovan,solano,solando01
2015,MIA,AJ Ramos,530000,AJ,Ramos,aj,ramos,ramosaj01
2015,MIA,Brad Hand,520000,Brad,Hand,brad,hand,handbr01
2015,MIA,Sam Dyson,507500,Sam,Dyson,sam,dyson,dysonsa01
2016,MIA,Wei-Yin Chen,12500000,Wei-Yin,Chen,weiyin,chen,chenwe01
2016,MIA,Martin Prado,11000000,Martin,Prado,martin,prado,pradoma01
2016,MIA,Giancarlo Stanton,9000000,Giancarlo,Stanton,giancarlo,stanton,stantgi01
2016,MIA,Chris Johnson,8007500,Chris,Johnson,chris,johnson,johnsch01
2016,MIA,Tom Koehler,3500000,Tom,Koehler,tom,koehler,koehlto01
2016,MIA,Mike Dunn,3450000,Mike,Dunn,mike,dunn,dunnmi01
2016,MIA,AJ Ramos,3400000,AJ,Ramos,aj,ramos,ramosaj01
2016,MIA,Dee Strange-Gordon,3242202,Dee,Strange-Gordon,dee,strangegordon,strande01
2016,MIA,Jose Fernandez,2800000,Jose,Fernandez,jose,fernandez,fernajo01
2016,MIA,Adeiny Hechavarria,2625000,Adeiny,Hechavarria,adeiny,hechavarria,hechaad01
2016,MIA,David Phelps,2500000,David,Phelps,david,phelps,phelpda01
2016,MIA,Ichiro Suzuki,2000000,Ichiro,Suzuki,ichiro,suzuki,suzukic01
2016,MIA,Craig Breslow,1500000,Craig,Breslow,craig,breslow,breslcr01
2016,MIA,Jeff Mathis,1500000,Jeff,Mathis,jeff,mathis,mathije01
2016,MIA,Bryan Morris,1350000,Bryan,Morris,bryan,morris,morribr01
2016,MIA,Chris Narveson,1200000,Chris,Narveson,chris,narveson,narvech01
2016,MIA,Dustin McGowan,1000000,Dustin,McGowan,dustin,mcgowan,mcgowdu01
2016,MIA,Christian Yelich,1000000,Christian,Yelich,christian,yelich,yelicch01
2016,MIA,Carter Capps,987500,Carter,Capps,carter,capps,cappsca01
2016,MIA,Marcell Ozuna,570000,Marcell,Ozuna,marcell,ozuna,ozunama01
2016,MIA,Jarred Cosart,550000,Jarred,Cosart,jarred,cosart,cosarja01
2016,MIA,Justin Bour,537500,Justin,Bour,justin,bour,bourju01
2016,MIA,J. T. Realmuto,532500,J. T.,Realmuto,jt,realmuto,realmjt01
2016,MIA,Derek Dietrich,522500,Derek,Dietrich,derek,dietrich,dietrde01
2016,MIA,Adam Conley,512500,Adam,Conley,adam,conley,conlead01
2016,MIA,Miguel Rojas,511000,Miguel,Rojas,miguel,rojas,rojasmi02
2016,MIA,Raudel Lazo,508500,Raudel,Lazo,raudel,lazo,lazora01
2016,MIA,Edwin Jackson,507500,Edwin,Jackson,edwin,jackson,jacksed01
2011,MIL,Prince Fielder,15500000,Prince,Fielder,prince,fielder,fieldpr01
2011,MIL,Zack Greinke,13500000,Zack,Greinke,zack,greinke,greinza01
2011,MIL,Randy Wolf,9500000,Randy,Wolf,randy,wolf,wolfra01
2011,MIL,Corey Hart,6833333,Corey,Hart,corey,hart,hartco01
2011,MIL,Rickie Weeks,4500000,Rickie,Weeks,rickie,weeks,weeksri01
2011,MIL,Yuniesky Betancourt,4300000,Yuniesky,Betancourt,yuniesky,betancourt,betanyu01
2011,MIL,Ryan Braun,4287500,Ryan,Braun,ryan,braun,braunry01
2011,MIL,LaTroy Hawkins,4250000,LaTroy,Hawkins,latroy,hawkins,hawkila01
2011,MIL,Shaun Marcum,3950000,Shaun,Marcum,shaun,marcum,marcush01
2011,MIL,Yovani Gallardo,3500000,Yovani,Gallardo,yovani,gallardo,gallayo01
2011,MIL,Takashi Saito,1750000,Takashi,Saito,takashi,saito,saitota01
2011,MIL,Carlos Gomez,1500000,Carlos,Gomez,carlos,gomez,gomezca01
2011,MIL,Craig Counsell,1400000,Craig,Counsell,craig,counsell,counscr01
2011,MIL,Kameron Loe,1250000,Kameron,Loe,kameron,loe,loeka01
2011,MIL,Manny Parra,1200000,Manny,Parra,manny,parra,parrama01
2011,MIL,Sergio Mitre,900000,Sergio,Mitre,sergio,mitre,mitrese01
2011,MIL,Sean Green,875000,Sean,Green,sean,green,greense01
2011,MIL,Mark Kotsay,800000,Mark,Kotsay,mark,kotsay,kotsama01
2011,MIL,Wil Nieves,775000,Wil,Nieves,wil,nieves,nievewi01
2011,MIL,Jeremy Reed,550000,Jeremy,Reed,jeremy,reed,reedje01
2011,MIL,Casey McGehee,478000,Casey,McGehee,casey,mcgehee,mcgehca01
2011,MIL,Nyjer Morgan,471500,Nyjer,Morgan,nyjer,morgan,morgany01
2011,MIL,John Axford,442500,John,Axford,john,axford,aforjo01
2011,MIL,Chris Narveson,441500,Chris,Narveson,chris,narveson,narvech01
2011,MIL,George Kottaras,440000,George,Kottaras,george,kottaras,kottage01
2011,MIL,Mitch Stetter,427000,Mitch,Stetter,mitch,stetter,stettmi01
2011,MIL,Zach Braddock,424000,Zach,Braddock,zach,braddock,braddza01
2011,MIL,Jonathan Lucroy,424000,Jonathan,Lucroy,jonathan,lucroy,lucrojo01
2011,MIL,Erick Almonte,414000,Erick,Almonte,erick,almonte,almoner01
2011,MIL,Brandon Kintzler,414000,Brandon,Kintzler,brandon,kintzler,kintzbr01
2012,MIL,Zack Greinke,13500000,Zack,Greinke,zack,greinke,greinza01
2012,MIL,Rickie Weeks,11000000,Rickie,Weeks,rickie,weeks,weeksri01
2012,MIL,Randy Wolf,9500000,Randy,Wolf,randy,wolf,wolfra01
2012,MIL,Corey Hart,9333333,Corey,Hart,corey,hart,hartco01
2012,MIL,Francisco Rodriguez,8000000,Francisco,Rodriguez,francisco,rodriguez,rodrifr01
2012,MIL,Shaun Marcum,7725000,Shaun,Marcum,shaun,marcum,marcush01
2012,MIL,Ryan Braun,7111111,Ryan,Braun,ryan,braun,braunry01
2012,MIL,Aramis Ramirez,6000000,Aramis,Ramirez,aramis,ramirez,ramirar01
2012,MIL,Yovani Gallardo,5750000,Yovani,Gallardo,yovani,gallardo,gallayo01
2012,MIL,Alex Gonzalez,3500000,Alex,Gonzalez,alex,gonzalez,gonzaal01
2012,MIL,Nyjer Morgan,2350000,Nyjer,Morgan,nyjer,morgan,morgany01
2012,MIL,Kameron Loe,2175000,Kameron,Loe,kameron,loe,loeka01
2012,MIL,Jose Veras,2000000,Jose,Veras,jose,veras,verasjo01
2012,MIL,Carlos Gomez,1962500,Carlos,Gomez,carlos,gomez,gomezca01
2012,MIL,Manny Parra,1200000,Manny,Parra,manny,parra,parrama01
2012,MIL,Nori Aoki,1000000,Nori,Aoki,nori,aoki,aokino01
2012,MIL,Cesar Izturis,875000,Cesar,Izturis,cesar,izturis,izturce01
2012,MIL,George Kottaras,700000,George,Kottaras,george,kottaras,kottage01
2012,MIL,John Axford,525000,John,Axford,john,axford,aforjo01
2012,MIL,Travis Ishikawa,525000,Travis,Ishikawa,travis,ishikawa,ishiktr01
2012,MIL,Chris Narveson,500000,Chris,Narveson,chris,narveson,narvech01
2012,MIL,Jonathan Lucroy,492000,Jonathan,Lucroy,jonathan,lucroy,lucrojo01
2012,MIL,Marco Estrada,486000,Marco,Estrada,marco,estrada,estrama01
2012,MIL,Tim Dillard,482000,Tim,Dillard,tim,dillard,dillati01
2012,MIL,Mat Gamel,481000,Mat,Gamel,mat,gamel,gamelma01
2012,MIL,Brandon Kintzler,481000,Brandon,Kintzler,brandon,kintzler,kintzbr01
2013,MIL,Rickie Weeks,11000000,Rickie,Weeks,rickie,weeks,weeksri01
2013,MIL,Kyle Lohse,10063922,Kyle,Lohse,kyle,lohse,lohseky01
2013,MIL,Aramis Ramirez,10000000,Aramis,Ramirez,aramis,ramirez,ramirar01
2013,MIL,Ryan Braun,9898611,Ryan,Braun,ryan,braun,braunry01
2013,MIL,Yovani Gallardo,8000000,Yovani,Gallardo,yovani,gallardo,gallayo01
2013,MIL,John Axford,5000000,John,Axford,john,axford,aforjo01
2013,MIL,Carlos Gomez,4300000,Carlos,Gomez,carlos,gomez,gomezca01
2013,MIL,Tom Gorzelanny,2750000,Tom,Gorzelanny,tom,gorzelanny,gorzeto01
2013,MIL,Mike Gonzalez,2250000,Mike,Gonzalez,mike,gonzalez,gonzami01
2013,MIL,Marco Estrada,1955000,Marco,Estrada,marco,estrada,estrama01
2013,MIL,Nori Aoki,1712500,Nori,Aoki,nori,aoki,aokino01
2013,MIL,Burke Badenhop,1550000,Burke,Badenhop,burke,badenhop,badenbu01
2013,MIL,Alex Gonzalez,1450000,Alex,Gonzalez,alex,gonzalez,gonzaal01
2013,MIL,Yuniesky Betancourt,900000,Yuniesky,Betancourt,yuniesky,betancourt,betanyu01
2013,MIL,Jonathan Lucroy,850000,Jonathan,Lucroy,jonathan,lucroy,lucrojo01
2013,MIL,Chris Narveson,840000,Chris,Narveson,chris,narveson,narvech01
2013,MIL,Mike Fiers,498000,Mike,Fiers,mike,fiers,fiersmi01
2013,MIL,Martin Maldonado,494000,Martin,Maldonado,martin,maldonado,maldoma01
2013,MIL,Jim Henderson,492000,Jim,Henderson,jim,henderson,hendeji01
2013,MIL,Jean Segura,492000,Jean,Segura,jean,segura,segurje01
2013,MIL,Brandon Kintzler,491000,Brandon,Kintzler,brandon,kintzler,kintzbr01
2013,MIL,Jeff Bianchi,490000,Jeff,Bianchi,jeff,bianchi,biancje01
2013,MIL,Khris Davis,490000,Khris,Davis,khris,davis,daviskh01
2013,MIL,Wily Peralta,490000,Wily,Peralta,wily,peralta,peralwi01
2013,MIL,Logan Schafer,490000,Logan,Schafer,logan,schafer,schaflo01
2014,MIL,Aramis Ramirez,16000000,Aramis,Ramirez,aramis,ramirez,ramirar01
2014,MIL,Matt Garza,12500000,Matt,Garza,matt,garza,garzama01
2014,MIL,Yovani Gallardo,11250000,Yovani,Gallardo,yovani,gallardo,gallayo01
2014,MIL,Kyle Lohse,11000000,Kyle,Lohse,kyle,lohse,lohseky01
2014,MIL,Rickie Weeks,11000000,Rickie,Weeks,rickie,weeks,weeksri01
2014,MIL,Ryan Braun,10000000,Ryan,Braun,ryan,braun,braunry01
2014,MIL,Carlos Gomez,7000000,Carlos,Gomez,carlos,gomez,gomezca01
2014,MIL,Marco Estrada,3325000,Marco,Estrada,marco,estrada,estrama01
2014,MIL,Francisco Rodriguez,3250000,Francisco,Rodriguez,francisco,rodriguez,rodrifr01
2014,MIL,Tom Gorzelanny,2950000,Tom,Gorzelanny,tom,gorzelanny,gorzeto01
2014,MIL,Jonathan Lucroy,2000000,Jonathan,Lucroy,jonathan,lucroy,lucrojo01
2014,MIL,Mark Reynolds,2000000,Mark,Reynolds,mark,reynolds,reynoma01
2014,MIL,Lyle Overbay,1500000,Lyle,Overbay,lyle,overbay,overbly01
2014,MIL,Zach Duke,850000,Zach,Duke,zach,duke,dukeza01
2014,MIL,Jean Segura,534000,Jean,Segura,jean,segura,segurje01
2014,MIL,Wily Peralta,515000,Wily,Peralta,wily,peralta,peralwi01
2014,MIL,Jim Henderson,512000,Jim,Henderson,jim,henderson,hendeji01
2014,MIL,Brandon Kintzler,507000,Brandon,Kintzler,brandon,kintzler,kintzbr01
2014,MIL,Logan Schafer,505000,Logan,Schafer,logan,schafer,schaflo01
2014,MIL,Tyler Thornburg,505000,Tyler,Thornburg,tyler,thornburg,thornty01
2014,MIL,Scooter Gennett,504000,Scooter,Gennett,scooter,gennett,gennesc01
2014,MIL,Khris Davis,503000,Khris,Davis,khris,davis,daviskh01
2014,MIL,Jeff Bianchi,502000,Jeff,Bianchi,jeff,bianchi,biancje01
2014,MIL,Martin Maldonado,502000,Martin,Maldonado,martin,maldonado,maldoma01
2014,MIL,Will Smith,502000,Will,Smith,will,smith,smithwi05
2014,MIL,Rob Wooten,501000,Rob,Wooten,rob,wooten,wootero01
2014,MIL,Elian Herrera,500000,Elian,Herrera,elian,herrera,herreel01
2015,MIL,Aramis Ramirez,14000000,Aramis,Ramirez,aramis,ramirez,ramirar01
2015,MIL,Ryan Braun,13000000,Ryan,Braun,ryan,braun,braunry01
2015,MIL,Matt Garza,12500000,Matt,Garza,matt,garza,garzama01
2015,MIL,Kyle Lohse,11000000,Kyle,Lohse,kyle,lohse,lohseky01
2015,MIL,Jonathan Broxton,9000000,Jonathan,Broxton,jonathan,broxton,brotjo01
2015,MIL,Carlos Gomez,8000000,Carlos,Gomez,carlos,gomez,gomezca01
2015,MIL,Adam Lind,7500000,Adam,Lind,adam,lind,lindad01
2015,MIL,Gerardo Parra,6237500,Gerardo,Parra,gerardo,parra,parrage01
2015,MIL,Francisco Rodriguez,3500000,Francisco,Rodriguez,francisco,rodriguez,rodrifr01
2015,MIL,Neal Cotts,3000000,Neal,Cotts,neal,cotts,cottsne01
2015,MIL,Jonathan Lucroy,3000000,Jonathan,Lucroy,jonathan,lucroy,lucrojo01
2015,MIL,Brandon Kintzler,1075000,Brandon,Kintzler,brandon,kintzler,kintzbr01
2015,MIL,Martin Maldonado,825000,Martin,Maldonado,martin,maldonado,maldoma01
2015,MIL,Jean Segura,534000,Jean,Segura,jean,segura,segurje01
2015,MIL,Wily Peralta,525500,Wily,Peralta,wily,peralta,peralwi01
2015,MIL,Khris Davis,519500,Khris,Davis,khris,davis,daviskh01
2015,MIL,Scooter Gennett,516500,Scooter,Gennett,scooter,gennett,gennesc01
2015,MIL,Mike Fiers,512500,Mike,Fiers,mike,fiers,fiersmi01
2015,MIL,Will Smith,512500,Will,Smith,will,smith,smithwi05
2015,MIL,Jimmy Nelson,511500,Jimmy,Nelson,jimmy,nelson,nelsoji01
2015,MIL,Jeremy Jeffress,510500,Jeremy,Jeffress,jeremy,jeffress,jeffrje01
2015,MIL,Logan Schafer,510500,Logan,Schafer,logan,schafer,schaflo01
2015,MIL,Tyler Thornburg,510500,Tyler,Thornburg,tyler,thornburg,thornty01
2015,MIL,Rob Wooten,509500,Rob,Wooten,rob,wooten,wootero01
2015,MIL,Michael Blazek,508500,Michael,Blazek,michael,blazek,blazemi01
2015,MIL,Luis Jimenez,508500,Luis,Jimenez,luis,jimenez,jimenlu01
2015,MIL,Juan Centeno,507500,Juan,Centeno,juan,centeno,centeju01
2015,MIL,Hector Gomez,507500,Hector,Gomez,hector,gomez,gomezhe01
2015,MIL,Jason Rogers,507500,Jason,Rogers,jason,rogers,rogerja03
2016,MIL,Ryan Braun,19315013,Ryan,Braun,ryan,braun,braunry01
2016,MIL,Matt Garza,12209424,Matt,Garza,matt,garza,garzama01
2016,MIL,Aaron Hill,12000000,Aaron,Hill,aaron,hill,hillaa01
2016,MIL,Jonathan Lucroy,4100000,Jonathan,Lucroy,jonathan,lucroy,lucrojo01
2016,MIL,Wily Peralta,2800000,Wily,Peralta,wily,peralta,peralwi01
2016,MIL,Chris Carter,2500000,Chris,Carter,chris,carter,cartech01
2016,MIL,Chris Capuano,1500000,Chris,Capuano,chris,capuano,capuach01
2016,MIL,Will Smith,1475000,Will,Smith,will,smith,smithwi05
2016,MIL,Martin Maldonado,1125000,Martin,Maldonado,martin,maldonado,maldoma01
2016,MIL,Carlos Torres,1050000,Carlos,Torres,carlos,torres,torreca01
2016,MIL,Blaine Boyer,950000,Blaine,Boyer,blaine,boyer,boyerbl01
2016,MIL,Jimmy Nelson,522300,Jimmy,Nelson,jimmy,nelson,nelsoji01
2016,MIL,Chase Anderson,520200,Chase,Anderson,chase,anderson,anderch01
2016,MIL,Jeremy Jeffress,519100,Jeremy,Jeffress,jeremy,jeffress,jeffrje01
2016,MIL,Taylor Jungmann,518500,Taylor,Jungmann,taylor,jungmann,jungmta01
2016,MIL,Scooter Gennett,518100,Scooter,Gennett,scooter,gennett,gennesc01
2016,MIL,Michael Blazek,514200,Michael,Blazek,michael,blazek,blazemi01
2016,MIL,Kirk Nieuwenhuis,514000,Kirk,Nieuwenhuis,kirk,nieuwenhuis,nieuwki01
2016,MIL,Tyler Thornburg,513900,Tyler,Thornburg,tyler,thornburg,thornty01
2016,MIL,Domingo Santana,513800,Domingo,Santana,domingo,santana,santado01
2016,MIL,Corey Knebel,513000,Corey,Knebel,corey,knebel,knebeco01
2016,MIL,Jonathan Villar,512900,Jonathan,Villar,jonathan,villar,villajo01
2016,MIL,Ariel Pena,510000,Ariel,Pena,ariel,pena,penaar01
2016,MIL,Sean Nolin,509700,Sean,Nolin,sean,nolin,nolinse01
2016,MIL,Yhonathan Barrios,509200,Yhonathan,Barrios,yhonathan,barrios,barriyh01
2016,MIL,Ramon Flores,508800,Ramon,Flores,ramon,flores,florera01
2016,MIL,Yadiel Rivera,508600,Yadiel,Rivera,yadiel,rivera,riverya01
2016,MIL,Keon Broxton,508500,Keon,Broxton,keon,broxton,brotke01
2016,MIL,Rymer Liriano,508500,Rymer,Liriano,rymer,liriano,liriary01
2016,MIL,Colin Walsh,507500,Colin,Walsh,colin,walsh,walshco01
2011,MIN,Joe Mauer,23000000,Joe,Mauer,joe,mauer,mauerjo01
2011,MIN,Justin Morneau,15000000,Justin,Morneau,justin,morneau,morneju01
2011,MIN,Joe Nathan,11250000,Joe,Nathan,joe,nathan,nathajo01
2011,MIN,Michael Cuddyer,10500000,Michael,Cuddyer,michael,cuddyer,cuddymi01
2011,MIN,Carl Pavano,8000000,Carl,Pavano,carl,pavano,pavanca01
2011,MIN,Matt Capps,7150000,Matt,Capps,matt,capps,cappsma01
2011,MIN,Delmon Young,5375000,Delmon,Young,delmon,young,youngde01
2011,MIN,Jason Kubel,5250000,Jason,Kubel,jason,kubel,kubelja01
2011,MIN,Scott Baker,5000000,Scott,Baker,scott,baker,bakersc01
2011,MIN,Francisco Liriano,4300000,Francisco,Liriano,francisco,liriano,liriafr01
2011,MIN,Nick Blackburn,3000000,Nick,Blackburn,nick,blackburn,blackni01
2011,MIN,Tsuyoshi Nishioka,3000000,Tsuyoshi,Nishioka,tsuyoshi,nishioka,nishits01
2011,MIN,Jim Thome,3000000,Jim,Thome,jim,thome,thomeji01
2011,MIN,Kevin Slowey,2700000,Kevin,Slowey,kevin,slowey,sloweke01
2011,MIN,Denard Span,1000000,Denard,Span,denard,span,spande01
2011,MIN,Alexi Casilla,865000,Alexi,Casilla,alexi,casilla,casilal01
2011,MIN,Glen Perkins,700000,Glen,Perkins,glen,perkins,perkigl01
2011,MIN,Jason Repko,600000,Jason,Repko,jason,repko,repkoja01
2011,MIN,Brian Duensing,462500,Brian,Duensing,brian,duensing,duensbr01
2011,MIN,Jose Mijares,445000,Jose,Mijares,jose,mijares,mijarjo01
2011,MIN,Danny Valencia,437500,Danny,Valencia,danny,valencia,valenda01
2011,MIN,Drew Butera,429000,Drew,Butera,drew,butera,buterdr01
2011,MIN,Dusty Hughes,429000,Dusty,Hughes,dusty,hughes,hughedu01
2011,MIN,Matt Tolbert,425000,Matt,Tolbert,matt,tolbert,tolbema01
2011,MIN,Jeff Manship,419000,Jeff,Manship,jeff,manship,manshje01
2012,MIN,Joe Mauer,23000000,Joe,Mauer,joe,mauer,mauerjo01
2012,MIN,Justin Morneau,15000000,Justin,Morneau,justin,morneau,morneju01
2012,MIN,Carl Pavano,9000000,Carl,Pavano,carl,pavano,pavanca01
2012,MIN,Josh Willingham,7000000,Josh,Willingham,josh,willingham,willijo01
2012,MIN,Scott Baker,6500000,Scott,Baker,scott,baker,bakersc01
2012,MIN,Francisco Liriano,5500000,Francisco,Liriano,francisco,liriano,liriafr01
2012,MIN,Nick Blackburn,4750000,Nick,Blackburn,nick,blackburn,blackni01
2012,MIN,Matt Capps,4500000,Matt,Capps,matt,capps,cappsma01
2012,MIN,Ryan Doumit,3000000,Ryan,Doumit,ryan,doumit,doumiry01
2012,MIN,Denard Span,3000000,Denard,Span,denard,span,spande01
2012,MIN,Jamey Carroll,2750000,Jamey,Carroll,jamey,carroll,carroja01
2012,MIN,Glen Perkins,1550000,Glen,Perkins,glen,perkins,perkigl01
2012,MIN,Alexi Casilla,1382500,Alexi,Casilla,alexi,casilla,casilal01
2012,MIN,Jared Burton,750000,Jared,Burton,jared,burton,burtoja01
2012,MIN,Sean Burroughs,525000,Sean,Burroughs,sean,burroughs,burrose01
2012,MIN,Brian Duensing,515000,Brian,Duensing,brian,duensing,duensbr01
2012,MIN,Danny Valencia,515000,Danny,Valencia,danny,valencia,valenda01
2012,MIN,Ben Revere,492500,Ben,Revere,ben,revere,reverbe01
2012,MIN,Alex Burnett,490000,Alex,Burnett,alex,burnett,burneal01
2012,MIN,Anthony Swarzak,487500,Anthony,Swarzak,anthony,swarzak,swarzan01
2012,MIN,Jeff Gray,485000,Jeff,Gray,jeff,gray,grayje01
2012,MIN,Luke Hughes,485000,Luke,Hughes,luke,hughes,hughelu01
2012,MIN,Trevor Plouffe,485000,Trevor,Plouffe,trevor,plouffe,plouftr01
2012,MIN,Matt Maloney,482500,Matt,Maloney,matt,maloney,malonma01
2012,MIN,Liam Hendriks,480000,Liam,Hendriks,liam,hendriks,hendrli01
2012,MIN,Chris Parmelee,480000,Chris,Parmelee,chris,parmelee,parmech01
2012,MIN,Kyle Waldrop,480000,Kyle,Waldrop,kyle,waldrop,waldrky01
2013,MIN,Joe Mauer,23000000,Joe,Mauer,joe,mauer,mauerjo01
2013,MIN,Justin Morneau,15000000,Justin,Morneau,justin,morneau,morneju01
2013,MIN,Josh Willingham,7000000,Josh,Willingham,josh,willingham,willijo01
2013,MIN,Kevin Correia,4500000,Kevin,Correia,kevin,correia,correke01
2013,MIN,Mike Pelfrey,4000000,Mike,Pelfrey,mike,pelfrey,pelfrmi01
2013,MIN,Jamey Carroll,3750000,Jamey,Carroll,jamey,carroll,carroja01
2013,MIN,Ryan Doumit,3500000,Ryan,Doumit,ryan,doumit,doumiry01
2013,MIN,Glen Perkins,2500000,Glen,Perkins,glen,perkins,perkigl01
2013,MIN,Jared Burton,2050000,Jared,Burton,jared,burton,burtoja01
2013,MIN,Brian Duensing,1300000,Brian,Duensing,brian,duensing,duensbr01
2013,MIN,Drew Butera,700000,Drew,Butera,drew,butera,buterdr01
2013,MIN,Scott Diamond,530000,Scott,Diamond,scott,diamond,diamosc01
2013,MIN,Vance Worley,525000,Vance,Worley,vance,worley,worleva01
2013,MIN,Trevor Plouffe,520000,Trevor,Plouffe,trevor,plouffe,plouftr01
2013,MIN,Josh Roenicke,505000,Josh,Roenicke,josh,roenicke,roenijo01
2013,MIN,Anthony Swarzak,502500,Anthony,Swarzak,anthony,swarzak,swarzan01
2013,MIN,Cole De Vries,500000,Cole De,Vries,colede,vries,vriesco01
2013,MIN,Casey Fien,500000,Casey,Fien,casey,fien,fienca01
2013,MIN,Darin Mastroianni,500000,Darin,Mastroianni,darin,mastroianni,mastrda01
2013,MIN,Brian Dozier,497500,Brian,Dozier,brian,dozier,doziebr01
2013,MIN,Chris Parmelee,497500,Chris,Parmelee,chris,parmelee,parmech01
2013,MIN,Eduardo Escobar,495000,Eduardo,Escobar,eduardo,escobar,escobed01
2013,MIN,Pedro Florimon,495000,Pedro,Florimon,pedro,florimon,floripe01
2013,MIN,Liam Hendriks,495000,Liam,Hendriks,liam,hendriks,hendrli01
2013,MIN,Tyler Robertson,495000,Tyler,Robertson,tyler,robertson,roberty01
2013,MIN,Aaron Hicks,490000,Aaron,Hicks,aaron,hicks,hicksaa01
2013,MIN,Ryan Pressly,490000,Ryan,Pressly,ryan,pressly,pressry01
2014,MIN,Joe Mauer,23000000,Joe,Mauer,joe,mauer,mauerjo01
2014,MIN,Ricky Nolasco,12000000,Ricky,Nolasco,ricky,nolasco,nolasri01
2014,MIN,Phil Hughes,8000000,Phil,Hughes,phil,hughes,hugheph01
2014,MIN,Kendrys Morales,7410000,Kendrys,Morales,kendrys,morales,moralke01
2014,MIN,Josh Willingham,7000000,Josh,Willingham,josh,willingham,willijo01
2014,MIN,Glen Perkins,4025000,Glen,Perkins,glen,perkins,perkigl01
2014,MIN,Jared Burton,3250000,Jared,Burton,jared,burton,burtoja01
2014,MIN,Kurt Suzuki,2750000,Kurt,Suzuki,kurt,suzuki,suzukku01
2014,MIN,Trevor Plouffe,2350000,Trevor,Plouffe,trevor,plouffe,plouftr01
2014,MIN,Brian Duensing,2000000,Brian,Duensing,brian,duensing,duensbr01
2014,MIN,Jason Kubel,2000000,Jason,Kubel,jason,kubel,kubelja01
2014,MIN,Jordan Schafer,1090000,Jordan,Schafer,jordan,schafer,schafjo01
2014,MIN,Jason Bartlett,1000000,Jason,Bartlett,jason,bartlett,bartlja01
2014,MIN,Anthony Swarzak,935000,Anthony,Swarzak,anthony,swarzak,swarzan01
2014,MIN,Sam Fuld,800000,Sam,Fuld,sam,fuld,fuldsa01
2014,MIN,Brian Dozier,540000,Brian,Dozier,brian,dozier,doziebr01
2014,MIN,Casey Fien,530000,Casey,Fien,casey,fien,fienca01
2014,MIN,Sam Deduno,520000,Sam,Deduno,sam,deduno,dedunsa01
2014,MIN,Pedro Florimon,517500,Pedro,Florimon,pedro,florimon,floripe01
2014,MIN,Oswaldo Arcia,512500,Oswaldo,Arcia,oswaldo,arcia,arciaos01
2014,MIN,Caleb Thielbar,510000,Caleb,Thielbar,caleb,thielbar,thielca01
2014,MIN,Eduardo Escobar,507500,Eduardo,Escobar,eduardo,escobar,escobed01
2014,MIN,Aaron Hicks,507500,Aaron,Hicks,aaron,hicks,hicksaa01
2014,MIN,Chris Colabello,505000,Chris,Colabello,chris,colabello,colabch01
2014,MIN,Kyle Gibson,502500,Kyle,Gibson,kyle,gibson,gibsoky01
2014,MIN,Chris Herrmann,500000,Chris,Herrmann,chris,herrmann,herrmch01
2014,MIN,Josmil Pinto,500000,Josmil,Pinto,josmil,pinto,pintojo01
2015,MIN,Joe Mauer,23000000,Joe,Mauer,joe,mauer,mauerjo01
2015,MIN,Ervin Santana,13500000,Ervin,Santana,ervin,santana,santaer01
2015,MIN,Ricky Nolasco,12000000,Ricky,Nolasco,ricky,nolasco,nolasri01
2015,MIN,Torii Hunter,10500000,Torii,Hunter,torii,hunter,hunteto01
2015,MIN,Phil Hughes,9200000,Phil,Hughes,phil,hughes,hugheph01
2015,MIN,Kurt Suzuki,6000000,Kurt,Suzuki,kurt,suzuki,suzukku01
2015,MIN,Mike Pelfrey,5500000,Mike,Pelfrey,mike,pelfrey,pelfrmi01
2015,MIN,Trevor Plouffe,4800000,Trevor,Plouffe,trevor,plouffe,plouftr01
2015,MIN,Glen Perkins,4650000,Glen,Perkins,glen,perkins,perkigl01
2015,MIN,Tommy Milone,2775000,Tommy,Milone,tommy,milone,milonto01
2015,MIN,Brian Duensing,2700000,Brian,Duensing,brian,duensing,duensbr01
2015,MIN,Tim Stauffer,2200000,Tim,Stauffer,tim,stauffer,staufti01
2015,MIN,Brian Dozier,2000000,Brian,Dozier,brian,dozier,doziebr01
2015,MIN,Jordan Schafer,1550000,Jordan,Schafer,jordan,schafer,schafjo01
2015,MIN,Casey Fien,1375000,Casey,Fien,casey,fien,fienca01
2015,MIN,Eduardo Nunez,1025000,Eduardo,Nunez,eduardo,nunez,nunezed01
2015,MIN,Blaine Boyer,750000,Blaine,Boyer,blaine,boyer,boyerbl01
2015,MIN,Shane Robinson,550000,Shane,Robinson,shane,robinson,robinsh01
2015,MIN,Kyle Gibson,537500,Kyle,Gibson,kyle,gibson,gibsoky01
2015,MIN,Oswaldo Arcia,532500,Oswaldo,Arcia,oswaldo,arcia,arciaos01
2015,MIN,Eduardo Escobar,532500,Eduardo,Escobar,eduardo,escobar,escobed01
2015,MIN,Danny Santana,530000,Danny,Santana,danny,santana,santada01
2015,MIN,Aaron Thompson,520000,Aaron,Thompson,aaron,thompson,thompaa01
2015,MIN,Kennys Vargas,517500,Kennys,Vargas,kennys,vargas,vargake01
2015,MIN,Chris Herrmann,510000,Chris,Herrmann,chris,herrmann,herrmch01
2016,MIN,Joe Mauer,23000000,Joe,Mauer,joe,mauer,mauerjo01
2016,MIN,Ervin Santana,13500000,Ervin,Santana,ervin,santana,santaer01
2016,MIN,Ricky Nolasco,12000000,Ricky,Nolasco,ricky,nolasco,nolasri01
2016,MIN,Phil Hughes,9200000,Phil,Hughes,phil,hughes,hugheph01
2016,MIN,Trevor Plouffe,7250000,Trevor,Plouffe,trevor,plouffe,plouftr01
2016,MIN,Glen Perkins,6300000,Glen,Perkins,glen,perkins,perkigl01
2016,MIN,Kurt Suzuki,6000000,Kurt,Suzuki,kurt,suzuki,suzukku01
2016,MIN,Kevin Jepsen,5312000,Kevin,Jepsen,kevin,jepsen,jepseke01
2016,MIN,Tommy Milone,4500000,Tommy,Milone,tommy,milone,milonto01
2016,MIN,Brian Dozier,3000000,Brian,Dozier,brian,dozier,doziebr01
2016,MIN,Casey Fien,2275000,Casey,Fien,casey,fien,fienca01
2016,MIN,Eduardo Escobar,2150000,Eduardo,Escobar,eduardo,escobar,escobed01
2016,MIN,Eduardo Nunez,1475000,Eduardo,Nunez,eduardo,nunez,nunezed01
2016,MIN,Fernando Abad,1250000,Fernando,Abad,fernando,abad,abadfe01
2016,MIN,Kyle Gibson,587500,Kyle,Gibson,kyle,gibson,gibsoky01
2016,MIN,Miguel Sano,547500,Miguel,Sano,miguel,sano,sanomi01
2016,MIN,Tyler Matzek,545000,Tyler,Matzek,tyler,matzek,matzety01
2016,MIN,Eddie Rosario,542500,Eddie,Rosario,eddie,rosario,rosared01
2016,MIN,Danny Santana,537500,Danny,Santana,danny,santana,santada01
2016,MIN,Oswaldo Arcia,535000,Oswaldo,Arcia,oswaldo,arcia,arciaos01
2016,MIN,J. R. Murphy,528700,J. R.,Murphy,jr,murphy,murphjr01
2016,MIN,Ryan Pressly,520000,Ryan,Pressly,ryan,pressly,pressry01
2016,MIN,Michael Tonkin,515000,Michael,Tonkin,michael,tonkin,tonkimi01
2016,MIN,Byron Buxton,512500,Byron,Buxton,byron,buxton,butoby01
2011,NYY,Alex Rodriguez,32000000,Alex,Rodriguez,alex,rodriguez,rodrial01
2011,NYY,CC Sabathia,24285714,CC,Sabathia,cc,sabathia,sabatcc01
2011,NYY,Mark Teixeira,23125000,Mark,Teixeira,mark,teixeira,teiema01
2011,NYY,A. J. Burnett,16500000,A. J.,Burnett,aj,burnett,burneaj01
2011,NYY,Mariano Rivera,14911700,Mariano,Rivera,mariano,rivera,riverma01
2011,NYY,Derek Jeter,14729364,Derek,Jeter,derek,jeter,jeterde01
2011,NYY,Jorge Posada,13100000,Jorge,Posada,jorge,posada,posadjo01
2011,NYY,Robinson Cano,10000000,Robinson,Cano,robinson,cano,canoro01
2011,NYY,Rafael Soriano,10000000,Rafael,Soriano,rafael,soriano,soriara01
2011,NYY,Nick Swisher,9100000,Nick,Swisher,nick,swisher,swishni01
2011,NYY,Curtis Granderson,8250000,Curtis,Granderson,curtis,granderson,grandcu01
2011,NYY,Damaso Marte,4000000,Damaso,Marte,damaso,marte,marteda01
2011,NYY,Russell Martin,4000000,Russell,Martin,russell,martin,martiru01
2011,NYY,Pedro Feliciano,3750000,Pedro,Feliciano,pedro,feliciano,felicpe01
2011,NYY,Phil Hughes,2700000,Phil,Hughes,phil,hughes,hugheph01
2011,NYY,Eric Chavez,1500000,Eric,Chavez,eric,chavez,chaveer01
2011,NYY,Freddy Garcia,1500000,Freddy,Garcia,freddy,garcia,garcifr01
2011,NYY,Andruw Jones,1500000,Andruw,Jones,andruw,jones,jonesan01
2011,NYY,Joba Chamberlain,1400000,Joba,Chamberlain,joba,chamberlain,chambjo01
2011,NYY,Boone Logan,1200000,Boone,Logan,boone,logan,loganbo01
2011,NYY,Bartolo Colon,900000,Bartolo,Colon,bartolo,colon,colonba01
2011,NYY,Luis Ayala,650000,Luis,Ayala,luis,ayala,ayalalu01
2011,NYY,Brett Gardner,529500,Brett,Gardner,brett,gardner,gardnbr01
2011,NYY,David Robertson,460450,David,Robertson,david,robertson,roberda01
2011,NYY,Francisco Cervelli,455700,Francisco,Cervelli,francisco,cervelli,cervefr01
2011,NYY,Gustavo Molina,455000,Gustavo,Molina,gustavo,molina,molingu01
2011,NYY,Ivan Nova,432900,Ivan,Nova,ivan,nova,novaiv01
2011,NYY,Colin Curtis,420400,Colin,Curtis,colin,curtis,curtico01
2011,NYY,Eduardo Nunez,419300,Eduardo,Nunez,eduardo,nunez,nunezed01
2012,NYY,Alex Rodriguez,30000000,Alex,Rodriguez,alex,rodriguez,rodrial01
2012,NYY,Mark Teixeira,23125000,Mark,Teixeira,mark,teixeira,teiema01
2012,NYY,CC Sabathia,23000000,CC,Sabathia,cc,sabathia,sabatcc01
2012,NYY,Derek Jeter,15729364,Derek,Jeter,derek,jeter,jeterde01
2012,NYY,Mariano Rivera,14940025,Mariano,Rivera,mariano,rivera,riverma01
2012,NYY,Robinson Cano,14000000,Robinson,Cano,robinson,cano,canoro01
2012,NYY,Rafael Soriano,11000000,Rafael,Soriano,rafael,soriano,soriara01
2012,NYY,Nick Swisher,10250000,Nick,Swisher,nick,swisher,swishni01
2012,NYY,Curtis Granderson,10000000,Curtis,Granderson,curtis,granderson,grandcu01
2012,NYY,Hiroki Kuroda,10000000,Hiroki,Kuroda,hiroki,kuroda,kurodhi01
2012,NYY,Russell Martin,7500000,Russell,Martin,russell,martin,martiru01
2012,NYY,Freddy Garcia,4000000,Freddy,Garcia,freddy,garcia,garcifr01
2012,NYY,Pedro Feliciano,3750000,Pedro,Feliciano,pedro,feliciano,felicpe01
2012,NYY,Phil Hughes,3200000,Phil,Hughes,phil,hughes,hugheph01
2012,NYY,Brett Gardner,2800000,Brett,Gardner,brett,gardner,gardnbr01
2012,NYY,Andruw Jones,2000000,Andruw,Jones,andruw,jones,jonesan01
2012,NYY,Boone Logan,1875000,Boone,Logan,boone,logan,loganbo01
2012,NYY,Joba Chamberlain,1675000,Joba,Chamberlain,joba,chamberlain,chambjo01
2012,NYY,David Robertson,1600000,David,Robertson,david,robertson,roberda01
2012,NYY,Raul Ibanez,1100000,Raul,Ibanez,raul,ibanez,ibanera01
2012,NYY,Eric Chavez,900000,Eric,Chavez,eric,chavez,chaveer01
2012,NYY,Michael Pineda,528475,Michael,Pineda,michael,pineda,pinedmi01
2012,NYY,Ivan Nova,527200,Ivan,Nova,ivan,nova,novaiv01
2012,NYY,Clay Rapada,525000,Clay,Rapada,clay,rapada,rapadcl01
2012,NYY,Eduardo Nunez,523800,Eduardo,Nunez,eduardo,nunez,nunezed01
2012,NYY,Cory Wade,508925,Cory,Wade,cory,wade,wadeco01
2012,NYY,David Aardsma,500000,David,Aardsma,david,aardsma,aardsda01
2012,NYY,Chris Stewart,482500,Chris,Stewart,chris,stewart,stewach01
2012,NYY,Austin Romine,482000,Austin,Romine,austin,romine,rominau01
2013,NYY,Alex Rodriguez,29000000,Alex,Rodriguez,alex,rodriguez,rodrial01
2013,NYY,Vernon Wells,24642857,Vernon,Wells,vernon,wells,wellsve01
2013,NYY,CC Sabathia,24285714,CC,Sabathia,cc,sabathia,sabatcc01
2013,NYY,Mark Teixeira,23125000,Mark,Teixeira,mark,teixeira,teiema01
2013,NYY,Derek Jeter,16729365,Derek,Jeter,derek,jeter,jeterde01
2013,NYY,Robinson Cano,15000000,Robinson,Cano,robinson,cano,canoro01
2013,NYY,Curtis Granderson,15000000,Curtis,Granderson,curtis,granderson,grandcu01
2013,NYY,Hiroki Kuroda,15000000,Hiroki,Kuroda,hiroki,kuroda,kurodhi01
2013,NYY,Andy Pettitte,12000000,Andy,Pettitte,andy,pettitte,pettian01
2013,NYY,Kevin Youkilis,12000000,Kevin,Youkilis,kevin,youkilis,youkike01
2013,NYY,Mariano Rivera,10000000,Mariano,Rivera,mariano,rivera,riverma01
2013,NYY,Phil Hughes,7150000,Phil,Hughes,phil,hughes,hugheph01
2013,NYY,Ichiro Suzuki,6500000,Ichiro,Suzuki,ichiro,suzuki,suzukic01
2013,NYY,Boone Logan,3150000,Boone,Logan,boone,logan,loganbo01
2013,NYY,David Robertson,3100000,David,Robertson,david,robertson,roberda01
2013,NYY,Brett Gardner,2850000,Brett,Gardner,brett,gardner,gardnbr01
2013,NYY,Travis Hafner,2000000,Travis,Hafner,travis,hafner,hafnetr01
2013,NYY,Joba Chamberlain,1875000,Joba,Chamberlain,joba,chamberlain,chambjo01
2013,NYY,Brennan Boesch,1500000,Brennan,Boesch,brennan,boesch,boescbr01
2013,NYY,Shawn Kelley,935000,Shawn,Kelley,shawn,kelley,kellesh01
2013,NYY,Jayson Nix,900000,Jayson,Nix,jayson,nix,nija01
2013,NYY,Ivan Nova,575600,Ivan,Nova,ivan,nova,novaiv01
2013,NYY,Clay Rapada,553625,Clay,Rapada,clay,rapada,rapadcl01
2013,NYY,David Adams,540000,David,Adams,david,adams,adamsda01
2013,NYY,Eduardo Nunez,533300,Eduardo,Nunez,eduardo,nunez,nunezed01
2013,NYY,Francisco Cervelli,515350,Francisco,Cervelli,francisco,cervelli,cervefr01
2013,NYY,Chris Stewart,515100,Chris,Stewart,chris,stewart,stewach01
2013,NYY,David Phelps,512425,David,Phelps,david,phelps,phelpda01
2013,NYY,Cody Eppley,510350,Cody,Eppley,cody,eppley,eppleco01
2013,NYY,Melky Mesa,490200,Melky,Mesa,melky,mesa,mesame01
2013,NYY,Cesar Cabral,490000,Cesar,Cabral,cesar,cabral,cabrace01
2014,NYY,CC Sabathia,23000000,CC,Sabathia,cc,sabathia,sabatcc01
2014,NYY,Mark Teixeira,22500000,Mark,Teixeira,mark,teixeira,teiema01
2014,NYY,Masahiro Tanaka,22000000,Masahiro,Tanaka,masahiro,tanaka,tanakma01
2014,NYY,Jacoby Ellsbury,21142857,Jacoby,Ellsbury,jacoby,ellsbury,ellsbja01
2014,NYY,Alfonso Soriano,18000000,Alfonso,Soriano,alfonso,soriano,soriaal01
2014,NYY,Brian McCann,17000000,Brian,McCann,brian,mccann,mccanbr01
2014,NYY,Hiroki Kuroda,16000000,Hiroki,Kuroda,hiroki,kuroda,kurodhi01
2014,NYY,Carlos Beltran,15000000,Carlos,Beltran,carlos,beltran,beltrca01
2014,NYY,Derek Jeter,12000000,Derek,Jeter,derek,jeter,jeterde01
2014,NYY,Ichiro Suzuki,6500000,Ichiro,Suzuki,ichiro,suzuki,suzukic01
2014,NYY,Brett Gardner,5600000,Brett,Gardner,brett,gardner,gardnbr01
2014,NYY,David Robertson,5215000,David,Robertson,david,robertson,roberda01
2014,NYY,Matt Thornton,3500000,Matt,Thornton,matt,thornton,thornma01
2014,NYY,Brian Roberts,2000000,Brian,Roberts,brian,roberts,roberbr01
2014,NYY,Brendan Ryan,2000000,Brendan,Ryan,brendan,ryan,ryanbr01
2014,NYY,Shawn Kelley,1765000,Shawn,Kelley,shawn,kelley,kellesh01
2014,NYY,Francisco Cervelli,700000,Francisco,Cervelli,francisco,cervelli,cervefr01
2014,NYY,David Phelps,541425,David,Phelps,david,phelps,phelpda01
2014,NYY,Adam Warren,527400,Adam,Warren,adam,warren,warread01
2014,NYY,Austin Romine,524800,Austin,Romine,austin,romine,rominau01
2014,NYY,Preston Claiborne,511325,Preston,Claiborne,preston,claiborne,claibpr01
2014,NYY,Zoilo Almonte,511300,Zoilo,Almonte,zoilo,almonte,almonzo01
2014,NYY,J. R. Murphy,502700,J. R.,Murphy,jr,murphy,murphjr01
2014,NYY,Dellin Betances,502100,Dellin,Betances,dellin,betances,betande01
2015,NYY,Mark Teixeira,23125000,Mark,Teixeira,mark,teixeira,teiema01
2015,NYY,CC Sabathia,23000000,CC,Sabathia,cc,sabathia,sabatcc01
2015,NYY,Alex Rodriguez,22000000,Alex,Rodriguez,alex,rodriguez,rodrial01
2015,NYY,Masahiro Tanaka,22000000,Masahiro,Tanaka,masahiro,tanaka,tanakma01
2015,NYY,Jacoby Ellsbury,21142857,Jacoby,Ellsbury,jacoby,ellsbury,ellsbja01
2015,NYY,Brian McCann,17000000,Brian,McCann,brian,mccann,mccanbr01
2015,NYY,Carlos Beltran,15000000,Carlos,Beltran,carlos,beltran,beltrca01
2015,NYY,Chase Headley,13000000,Chase,Headley,chase,headley,headlch01
2015,NYY,Brett Gardner,12500000,Brett,Gardner,brett,gardner,gardnbr01
2015,NYY,Andrew Miller,9000000,Andrew,Miller,andrew,miller,millean01
2015,NYY,Chris Capuano,5000000,Chris,Capuano,chris,capuano,capuach01
2015,NYY,Stephen Drew,5000000,Stephen,Drew,stephen,drew,drewst01
2015,NYY,Garrett Jones,5000000,Garrett,Jones,garrett,jones,jonesga01
2015,NYY,Nathan Eovaldi,3300000,Nathan,Eovaldi,nathan,eovaldi,eovalna01
2015,NYY,Ivan Nova,3300000,Ivan,Nova,ivan,nova,novaiv01
2015,NYY,Chris Young,2500000,Chris,Young,chris,young,youngch01
2015,NYY,Michael Pineda,2100000,Michael,Pineda,michael,pineda,pinedmi01
2015,NYY,Brendan Ryan,2000000,Brendan,Ryan,brendan,ryan,ryanbr01
2015,NYY,Esmil Rogers,1480000,Esmil,Rogers,esmil,rogers,rogeres01
2015,NYY,Adam Warren,572600,Adam,Warren,adam,warren,warread01
2015,NYY,Justin Wilson,556000,Justin,Wilson,justin,wilson,wilsoju01
2015,NYY,Austin Romine,554100,Austin,Romine,austin,romine,rominau01
2015,NYY,Didi Gregorius,553900,Didi,Gregorius,didi,gregorius,gregodi01
2015,NYY,J. R. Murphy,518700,J. R.,Murphy,jr,murphy,murphjr01
2015,NYY,Chris Martin,511025,Chris,Martin,chris,martin,martich01
2015,NYY,Chasen Shreve,510275,Chasen,Shreve,chasen,shreve,shrevch01
2015,NYY,Gregorio Petit,510000,Gregorio,Petit,gregorio,petit,petitgr01
2015,NYY,Jose Pirela,510000,Jose,Pirela,jose,pirela,pireljo01
2015,NYY,Dellin Betances,507500,Dellin,Betances,dellin,betances,betande01
2016,NYY,CC Sabathia,25000000,CC,Sabathia,cc,sabathia,sabatcc01
2016,NYY,Mark Teixeira,23125000,Mark,Teixeira,mark,teixeira,teiema01
2016,NYY,Masahiro Tanaka,22000000,Masahiro,Tanaka,masahiro,tanaka,tanakma01
2016,NYY,Jacoby Ellsbury,21142857,Jacoby,Ellsbury,jacoby,ellsbury,ellsbja01
2016,NYY,Alex Rodriguez,21000000,Alex,Rodriguez,alex,rodriguez,rodrial01
2016,NYY,Brian McCann,17000000,Brian,McCann,brian,mccann,mccanbr01
2016,NYY,Carlos Beltran,15000000,Carlos,Beltran,carlos,beltran,beltrca01
2016,NYY,Brett Gardner,13500000,Brett,Gardner,brett,gardner,gardnbr01
2016,NYY,Chase Headley,13000000,Chase,Headley,chase,headley,headlch01
2016,NYY,Aroldis Chapman,9468443,Aroldis,Chapman,aroldis,chapman,chapmar01
2016,NYY,Andrew Miller,9000000,Andrew,Miller,andrew,miller,millean01
2016,NYY,Starlin Castro,7857142,Starlin,Castro,starlin,castro,castrst01
2016,NYY,Nathan Eovaldi,5600000,Nathan,Eovaldi,nathan,eovaldi,eovalna01
2016,NYY,Michael Pineda,4300000,Michael,Pineda,michael,pineda,pinedmi01
2016,NYY,Ivan Nova,4100000,Ivan,Nova,ivan,nova,novaiv01
2016,NYY,Dustin Ackley,3200000,Dustin,Ackley,dustin,ackley,ackledu01
2016,NYY,Didi Gregorius,2425000,Didi,Gregorius,didi,gregorius,gregodi01
2016,NYY,Aaron Hicks,574000,Aaron,Hicks,aaron,hicks,hicksaa01
2016,NYY,Austin Romine,556000,Austin,Romine,austin,romine,rominau01
2016,NYY,Chasen Shreve,533400,Chasen,Shreve,chasen,shreve,shrevch01
2016,NYY,Greg Bird,525300,Greg,Bird,greg,bird,birdgr01
2016,NYY,Luis Severino,521300,Luis,Severino,luis,severino,severlu01
2016,NYY,Bryan Mitchell,516650,Bryan,Mitchell,bryan,mitchell,mitchbr01
2016,NYY,Kirby Yates,511900,Kirby,Yates,kirby,yates,yateski01
2016,NYY,Mason Williams,509700,Mason,Williams,mason,williams,willima01
2016,NYY,Ronald Torreyes,508600,Ronald,Torreyes,ronald,torreyes,torrero01
2016,NYY,Johnny Barbato,507500,Johnny,Barbato,johnny,barbato,barbajo01
2016,NYY,Dellin Betances,507500,Dellin,Betances,dellin,betances,betande01
2016,NYY,Luis Cessa,507500,Luis,Cessa,luis,cessa,cessalu01
2011,NYM,Johan Santana,21644707,Johan,Santana,johan,santana,santajo01
2011,NYM,Carlos Beltran,19325436,Carlos,Beltran,carlos,beltran,beltrca01
2011,NYM,Jason Bay,18125000,Jason,Bay,jason,bay,bayja01
2011,NYM,David Wright,14250000,David,Wright,david,wright,wrighda01
2011,NYM,Francisco Rodriguez,12166666,Francisco,Rodriguez,francisco,rodriguez,rodrifr01
2011,NYM,Jose Reyes,11000000,Jose,Reyes,jose,reyes,reyesjo01
2011,NYM,Mike Pelfrey,3925000,Mike,Pelfrey,mike,pelfrey,pelfrmi01
2011,NYM,Angel Pagan,3500000,Angel,Pagan,angel,pagan,paganan01
2011,NYM,R. A. Dickey,2750000,R. A.,Dickey,ra,dickey,dickera01
2011,NYM,Chris Capuano,1500000,Chris,Capuano,chris,capuano,capuach01
2011,NYM,D. J. Carrasco,1200000,D. J.,Carrasco,dj,carrasco,carradj01
2011,NYM,Scott Hairston,1100000,Scott,Hairston,scott,hairston,hairssc01
2011,NYM,Chris Young,1100000,Chris,Young,chris,young,youngch01
2011,NYM,Tim Byrdak,900000,Tim,Byrdak,tim,byrdak,byrdati01
2011,NYM,Willie Harris,800000,Willie,Harris,willie,harris,harriwi01
2011,NYM,Blaine Boyer,725000,Blaine,Boyer,blaine,boyer,boyerbl01
2011,NYM,Taylor Buchholz,600000,Taylor,Buchholz,taylor,buchholz,buchhta01
2011,NYM,Jonathon Niese,452000,Jonathon,Niese,jonathon,niese,niesejo01
2011,NYM,Bobby Parnell,433500,Bobby,Parnell,bobby,parnell,parnebo01
2011,NYM,Ike Davis,432000,Ike,Davis,ike,davis,davisik01
2011,NYM,Daniel Murphy,422000,Daniel,Murphy,daniel,murphy,murphda01
2011,NYM,Chin-lung Hu,420000,Chin-lung,Hu,chinlung,hu,huch01
2011,NYM,Josh Thole,420000,Josh,Thole,josh,thole,tholejo01
2011,NYM,Pedro Beato,414000,Pedro,Beato,pedro,beato,beatope01
2011,NYM,Lucas Duda,414000,Lucas,Duda,lucas,duda,dudalu01
2011,NYM,Brad Emaus,414000,Brad,Emaus,brad,emaus,emausbr01
2011,NYM,Mike Nickeas,414000,Mike,Nickeas,mike,nickeas,nickemi01
2012,NYM,Johan Santana,23145011,Johan,Santana,johan,santana,santajo01
2012,NYM,Jason Bay,18125000,Jason,Bay,jason,bay,bayja01
2012,NYM,David Wright,15250000,David,Wright,david,wright,wrighda01
2012,NYM,Mike Pelfrey,5687500,Mike,Pelfrey,mike,pelfrey,pelfrmi01
2012,NYM,Frank Francisco,5500000,Frank,Francisco,frank,francisco,francfr01
2012,NYM,R. A. Dickey,4750000,R. A.,Dickey,ra,dickey,dickera01
2012,NYM,Jon Rauch,3500000,Jon,Rauch,jon,rauch,rauchjo01
2012,NYM,Andres Torres,2700000,Andres,Torres,andres,torres,torrean01
2012,NYM,Ramon Ramirez,2650000,Ramon,Ramirez,ramon,ramirez,ramirra01
2012,NYM,D. J. Carrasco,1200000,D. J.,Carrasco,dj,carrasco,carradj01
2012,NYM,Ronny Cedeno,1150000,Ronny,Cedeno,ronny,cedeno,cedenro01
2012,NYM,Scott Hairston,1100000,Scott,Hairston,scott,hairston,hairssc01
2012,NYM,Tim Byrdak,1000000,Tim,Byrdak,tim,byrdak,byrdati01
2012,NYM,Manny Acosta,875000,Manny,Acosta,manny,acosta,acostma01
2012,NYM,Miguel Batista,750000,Miguel,Batista,miguel,batista,batismi01
2012,NYM,Jonathon Niese,519550,Jonathon,Niese,jonathon,niese,niesejo01
2012,NYM,Daniel Murphy,512196,Daniel,Murphy,daniel,murphy,murphda01
2012,NYM,Ike Davis,506690,Ike,Davis,ike,davis,davisik01
2012,NYM,Bobby Parnell,504000,Bobby,Parnell,bobby,parnell,parnebo01
2012,NYM,Dillon Gee,502000,Dillon,Gee,dillon,gee,geedi01
2012,NYM,Josh Thole,498920,Josh,Thole,josh,thole,tholejo01
2012,NYM,Lucas Duda,497318,Lucas,Duda,lucas,duda,dudalu01
2012,NYM,Ruben Tejada,491209,Ruben,Tejada,ruben,tejada,tejadru01
2012,NYM,Justin Turner,491209,Justin,Turner,justin,turner,turneju01
2012,NYM,Pedro Beato,487500,Pedro,Beato,pedro,beato,beatope01
2012,NYM,Mike Nickeas,480880,Mike,Nickeas,mike,nickeas,nickemi01
2012,NYM,Mike Baxter,480000,Mike,Baxter,mike,baxter,batemi01
2013,NYM,David Wright,10192071,David,Wright,david,wright,wrighda01
2013,NYM,John Buck,6500000,John,Buck,john,buck,buckjo01
2013,NYM,Frank Francisco,6500000,Frank,Francisco,frank,francisco,francfr01
2013,NYM,Shaun Marcum,4000000,Shaun,Marcum,shaun,marcum,marcush01
2013,NYM,Ike Davis,3125000,Ike,Davis,ike,davis,davisik01
2013,NYM,Jonathon Niese,3050000,Jonathon,Niese,jonathon,niese,niesejo01
2013,NYM,Daniel Murphy,2925000,Daniel,Murphy,daniel,murphy,murphda01
2013,NYM,Bobby Parnell,1700000,Bobby,Parnell,bobby,parnell,parnebo01
2013,NYM,Brandon Lyon,750000,Brandon,Lyon,brandon,lyon,lyonbr01
2013,NYM,Scott Atchison,700000,Scott,Atchison,scott,atchison,atchisc01
2013,NYM,Greg Burke,550000,Greg,Burke,greg,burke,burkegr01
2013,NYM,Dillon Gee,527375,Dillon,Gee,dillon,gee,geedi01
2013,NYM,Lucas Duda,519240,Lucas,Duda,lucas,duda,dudalu01
2013,NYM,Ruben Tejada,514701,Ruben,Tejada,ruben,tejada,tejadru01
2013,NYM,Justin Turner,504547,Justin,Turner,justin,turner,turneju01
2013,NYM,Jeremy Hefner,500625,Jeremy,Hefner,jeremy,hefner,hefneje01
2013,NYM,Mike Baxter,500318,Mike,Baxter,mike,baxter,batemi01
2013,NYM,Matt Harvey,498750,Matt,Harvey,matt,harvey,harvema01
2013,NYM,Kirk Nieuwenhuis,498124,Kirk,Nieuwenhuis,kirk,nieuwenhuis,nieuwki01
2013,NYM,Jordany Valdespin,496645,Jordany,Valdespin,jordany,valdespin,valdejo01
2013,NYM,Jenrry Mejia,494925,Jenrry,Mejia,jenrry,mejia,mejiaje01
2013,NYM,Collin Cowgill,493520,Collin,Cowgill,collin,cowgill,cowgico01
2013,NYM,Josh Edgin,493500,Josh,Edgin,josh,edgin,edginjo01
2013,NYM,Jeurys Familia,491750,Jeurys,Familia,jeurys,familia,familje01
2013,NYM,Robert Carson,491375,Robert,Carson,robert,carson,carsoro01
2013,NYM,Anthony Recker,490840,Anthony,Recker,anthony,recker,reckean01
2013,NYM,Zach Lutz,490040,Zach,Lutz,zach,lutz,lutzza01
2013,NYM,Scott Rice,490000,Scott,Rice,scott,rice,ricesc01
2013,NYM,LaTroy Hawkins,480000,LaTroy,Hawkins,latroy,hawkins,hawkila01
2013,NYM,Aaron Laffey,480000,Aaron,Laffey,aaron,laffey,laffeaa01
2014,NYM,David Wright,20000000,David,Wright,david,wright,wrighda01
2014,NYM,Curtis Granderson,13000000,Curtis,Granderson,curtis,granderson,grandcu01
2014,NYM,Bartolo Colon,9000000,Bartolo,Colon,bartolo,colon,colonba01
2014,NYM,Chris Young,7250000,Chris,Young,chris,young,youngch01
2014,NYM,Daniel Murphy,5700000,Daniel,Murphy,daniel,murphy,murphda01
2014,NYM,Jonathon Niese,5000000,Jonathon,Niese,jonathon,niese,niesejo01
2014,NYM,Bobby Parnell,3700000,Bobby,Parnell,bobby,parnell,parnebo01
2014,NYM,Dillon Gee,3625000,Dillon,Gee,dillon,gee,geedi01
2014,NYM,Ike Davis,3500000,Ike,Davis,ike,davis,davisik01
2014,NYM,Eric Young,1850000,Eric,Young,eric,young,younger01
2014,NYM,Lucas Duda,1637500,Lucas,Duda,lucas,duda,dudalu01
2014,NYM,John Lannan,1500000,John,Lannan,john,lannan,lannajo01
2014,NYM,Daisuke Matsuzaka,1500000,Daisuke,Matsuzaka,daisuke,matsuzaka,matsuda01
2014,NYM,Ruben Tejada,1100000,Ruben,Tejada,ruben,tejada,tejadru01
2014,NYM,Jose Valverde,1000000,Jose,Valverde,jose,valverde,valvejo01
2014,NYM,Carlos Torres,561875,Carlos,Torres,carlos,torres,torreca01
2014,NYM,Scott Rice,542500,Scott,Rice,scott,rice,ricesc01
2014,NYM,Andrew Brown,538045,Andrew,Brown,andrew,brown,brownan01
2014,NYM,Zack Wheeler,512375,Zack,Wheeler,zack,wheeler,wheelza01
2014,NYM,Jenrry Mejia,509675,Jenrry,Mejia,jenrry,mejia,mejiaje01
2014,NYM,Josh Satin,506809,Josh,Satin,josh,satin,satinjo01
2014,NYM,Juan Lagares,506636,Juan,Lagares,juan,lagares,lagarju01
2014,NYM,Anthony Recker,505340,Anthony,Recker,anthony,recker,reckean01
2014,NYM,Gonzalez Germen,504875,Gonzalez,Germen,gonzalez,germen,germego01
2014,NYM,Jeurys Familia,502550,Jeurys,Familia,jeurys,familia,familje01
2014,NYM,Vic Black,502250,Vic,Black,vic,black,blackvi01
2014,NYM,Travis d'Arnaud,501560,Travis,d'Arnaud,travis,darnaud,darnatr01
2015,NYM,David Wright,20000000,David,Wright,david,wright,wrighda01
2015,NYM,Curtis Granderson,16000000,Curtis,Granderson,curtis,granderson,grandcu01
2015,NYM,Bartolo Colon,11000000,Bartolo,Colon,bartolo,colon,colonba01
2015,NYM,Michael Cuddyer,8500000,Michael,Cuddyer,michael,cuddyer,cuddymi01
2015,NYM,Daniel Murphy,8000000,Daniel,Murphy,daniel,murphy,murphda01
2015,NYM,Jonathon Niese,7000000,Jonathon,Niese,jonathon,niese,niesejo01
2015,NYM,Dillon Gee,5300000,Dillon,Gee,dillon,gee,geedi01
2015,NYM,Lucas Duda,4200000,Lucas,Duda,lucas,duda,dudalu01
2015,NYM,Bobby Parnell,3700000,Bobby,Parnell,bobby,parnell,parnebo01
2015,NYM,Jenrry Mejia,2595000,Jenrry,Mejia,jenrry,mejia,mejiaje01
2015,NYM,Ruben Tejada,1880000,Ruben,Tejada,ruben,tejada,tejadru01
2015,NYM,John Mayberry,1450000,John,Mayberry,john,mayberry,maybejo01
2015,NYM,Buddy Carlyle,725000,Buddy,Carlyle,buddy,carlyle,carlybu01
2015,NYM,Matt Harvey,614125,Matt,Harvey,matt,harvey,harvema01
2015,NYM,Carlos Torres,582125,Carlos,Torres,carlos,torres,torreca01
2015,NYM,Jacob deGrom,556875,Jacob,deGrom,jacob,degrom,degroja01
2015,NYM,Juan Lagares,528696,Juan,Lagares,juan,lagares,lagarju01
2015,NYM,Travis d'Arnaud,525424,Travis,d'Arnaud,travis,darnaud,darnatr01
2015,NYM,Jeurys Familia,523925,Jeurys,Familia,jeurys,familia,familje01
2015,NYM,Alex Torres,522900,Alex,Torres,alex,torres,torreal01
2015,NYM,Anthony Recker,517880,Anthony,Recker,anthony,recker,reckean01
2015,NYM,Wilmer Flores,513543,Wilmer,Flores,wilmer,flores,florewi01
2015,NYM,Eric Campbell,511065,Eric,Campbell,eric,campbell,campber01
2015,NYM,Rafael Montero,511000,Rafael,Montero,rafael,montero,montera01
2015,NYM,Erik Goeddel,509125,Erik,Goeddel,erik,goeddel,goedder01
2016,NYM,Yoenis Cespedes,27328046,Yoenis,Cespedes,yoenis,cespedes,cespeyo01
2016,NYM,David Wright,19364801,David,Wright,david,wright,wrighda01
2016,NYM,Curtis Granderson,16000000,Curtis,Granderson,curtis,granderson,grandcu01
2016,NYM,Neil Walker,10550000,Neil,Walker,neil,walker,walkene01
2016,NYM,Asdrubal Cabrera,8250000,Asdrubal,Cabrera,asdrubal,cabrera,cabreas01
2016,NYM,Bartolo Colon,7250000,Bartolo,Colon,bartolo,colon,colonba01
2016,NYM,Lucas Duda,6725000,Lucas,Duda,lucas,duda,dudalu01
2016,NYM,Alejandro De Aza,5750000,Alejandro De,Aza,alejandrode,aza,azaal01
2016,NYM,Antonio Bastardo,5375000,Antonio,Bastardo,antonio,bastardo,bastaan01
2016,NYM,Addison Reed,5300000,Addison,Reed,addison,reed,reedad01
2016,NYM,Matt Harvey,4325000,Matt,Harvey,matt,harvey,harvema01
2016,NYM,Jeurys Familia,4100000,Jeurys,Familia,jeurys,familia,familje01
2016,NYM,Jerry Blevins,4000000,Jerry,Blevins,jerry,blevins,blevije01
2016,NYM,Juan Lagares,2500000,Juan,Lagares,juan,lagares,lagarju01
2016,NYM,Josh Edgin,625000,Josh,Edgin,josh,edgin,edginjo01
2016,NYM,Jacob deGrom,607000,Jacob,deGrom,jacob,degrom,degroja01
2016,NYM,Jim Henderson,600000,Jim,Henderson,jim,henderson,hendeji01
2016,NYM,Zack Wheeler,546250,Zack,Wheeler,zack,wheeler,wheelza01
2016,NYM,Travis d'Arnaud,542604,Travis,d'Arnaud,travis,darnaud,darnatr01
2016,NYM,Noah Syndergaard,535375,Noah,Syndergaard,noah,syndergaard,syndeno01
2016,NYM,Wilmer Flores,526014,Wilmer,Flores,wilmer,flores,florewi01
2016,NYM,Michael Conforto,517246,Michael,Conforto,michael,conforto,confomi01
2016,NYM,Hansel Robles,516500,Hansel,Robles,hansel,robles,robleha01
2016,NYM,Steven Matz,515750,Steven,Matz,steven,matz,matzst01
2016,NYM,Logan Verrett,514875,Logan,Verrett,logan,verrett,verrelo01
2016,NYM,Eric Campbell,513308,Eric,Campbell,eric,campbell,campber01
2016,NYM,Kevin Plawecki,511360,Kevin,Plawecki,kevin,plawecki,plaweke01
2011,OAK,David DeJesus,6000000,David,DeJesus,david,dejesus,dejesda01
2011,OAK,Mark Ellis,6000000,Mark,Ellis,mark,ellis,ellisma01
2011,OAK,Josh Willingham,6000000,Josh,Willingham,josh,willingham,willijo01
2011,OAK,Coco Crisp,5750000,Coco,Crisp,coco,crisp,crispco01
2011,OAK,Brian Fuentes,5000000,Brian,Fuentes,brian,fuentes,fuentbr01
2011,OAK,Kevin Kouzmanoff,4750000,Kevin,Kouzmanoff,kevin,kouzmanoff,kouzmke01
2011,OAK,Hideki Matsui,4250000,Hideki,Matsui,hideki,matsui,matsuhi01
2011,OAK,Grant Balfour,3750000,Grant,Balfour,grant,balfour,balfogr01
2011,OAK,Kurt Suzuki,3437500,Kurt,Suzuki,kurt,suzuki,suzukku01
2011,OAK,Dallas Braden,3350000,Dallas,Braden,dallas,braden,bradeda01
2011,OAK,Conor Jackson,3200000,Conor,Jackson,conor,jackson,jacksco01
2011,OAK,Michael Wuertz,2800000,Michael,Wuertz,michael,wuertz,wuertmi01
2011,OAK,Rich Harden,1500000,Rich,Harden,rich,harden,harderi01
2011,OAK,Craig Breslow,1400000,Craig,Breslow,craig,breslow,breslcr01
2011,OAK,Ryan Sweeney,1400000,Ryan,Sweeney,ryan,sweeney,sweenry01
2011,OAK,Brett Anderson,1250000,Brett,Anderson,brett,anderson,anderbr06
2011,OAK,Brad Ziegler,1250000,Brad,Ziegler,brad,ziegler,zieglbr01
2011,OAK,Brandon McCarthy,1000000,Brandon,McCarthy,brandon,mccarthy,mccarbr01
2011,OAK,Andy LaRoche,600000,Andy,LaRoche,andy,laroche,larocan01
2011,OAK,Andrew Bailey,465000,Andrew,Bailey,andrew,bailey,bailean01
2011,OAK,Trevor Cahill,440000,Trevor,Cahill,trevor,cahill,cahiltr01
2011,OAK,Daric Barton,425000,Daric,Barton,daric,barton,bartoda01
2011,OAK,Adam Rosales,425000,Adam,Rosales,adam,rosales,rosalad01
2011,OAK,Jerry Blevins,420000,Jerry,Blevins,jerry,blevins,blevije01
2011,OAK,Gio Gonzalez,420000,Gio,Gonzalez,gio,gonzalez,gonzagi01
2011,OAK,Cliff Pennington,420000,Cliff,Pennington,cliff,pennington,pennicl01
2011,OAK,Landon Powell,420000,Landon,Powell,landon,powell,powella01
2011,OAK,Bobby Cramer,414000,Bobby,Cramer,bobby,cramer,cramebo01
2012,OAK,Yoenis Cespedes,9000000,Yoenis,Cespedes,yoenis,cespedes,cespeyo01
2012,OAK,Coco Crisp,6000000,Coco,Crisp,coco,crisp,crispco01
2012,OAK,Kurt Suzuki,5037500,Kurt,Suzuki,kurt,suzuki,suzukku01
2012,OAK,Brian Fuentes,5000000,Brian,Fuentes,brian,fuentes,fuentbr01
2012,OAK,Brandon McCarthy,4275000,Brandon,McCarthy,brandon,mccarthy,mccarbr01
2012,OAK,Grant Balfour,4000000,Grant,Balfour,grant,balfour,balfogr01
2012,OAK,Dallas Braden,3350000,Dallas,Braden,dallas,braden,bradeda01
2012,OAK,Brett Anderson,3250000,Brett,Anderson,brett,anderson,anderbr06
2012,OAK,Seth Smith,2415000,Seth,Smith,seth,smith,smithse01
2012,OAK,Bartolo Colon,2000000,Bartolo,Colon,bartolo,colon,colonba01
2012,OAK,Daric Barton,1100000,Daric,Barton,daric,barton,bartoda01
2012,OAK,Jonny Gomes,1000000,Jonny,Gomes,jonny,gomes,gomesjo01
2012,OAK,Joey Devine,737500,Joey,Devine,joey,devine,devinjo01
2012,OAK,Jerry Blevins,490000,Jerry,Blevins,jerry,blevins,blevije01
2012,OAK,Cliff Pennington,490000,Cliff,Pennington,cliff,pennington,pennicl01
2012,OAK,Josh Reddick,485000,Josh,Reddick,josh,reddick,reddijo01
2012,OAK,Scott Sizemore,485000,Scott,Sizemore,scott,sizemore,sizemsc01
2012,OAK,Brandon Allen,482500,Brandon,Allen,brandon,allen,allenbr01
2012,OAK,Collin Cowgill,482500,Collin,Cowgill,collin,cowgill,cowgico01
2012,OAK,Fautino De Los Santos,482500,Fautino De Los,Santos,fautinodelos,santos,santofa01
2012,OAK,Kila Ka'aihue,482500,Kila,Ka'aihue,kila,kaaihue,kaaihki01
2012,OAK,Jordan Norberto,482500,Jordan,Norberto,jordan,norberto,norbejo01
2012,OAK,Eric Sogard,482500,Eric,Sogard,eric,sogard,sogarer01
2012,OAK,Jemile Weeks,482500,Jemile,Weeks,jemile,weeks,weeksje01
2012,OAK,Andrew Carignan,480000,Andrew,Carignan,andrew,carignan,carigan01
2012,OAK,Ryan Cook,480000,Ryan,Cook,ryan,cook,cookry01
2012,OAK,Josh Donaldson,480000,Josh,Donaldson,josh,donaldson,donaljo02
2012,OAK,Graham Godfrey,480000,Graham,Godfrey,graham,godfrey,godfrgr01
2012,OAK,Tommy Milone,480000,Tommy,Milone,tommy,milone,milonto01
2012,OAK,Anthony Recker,480000,Anthony,Recker,anthony,recker,reckean01
2013,OAK,Chris Young,8700000,Chris,Young,chris,young,youngch01
2013,OAK,Yoenis Cespedes,8500000,Yoenis,Cespedes,yoenis,cespedes,cespeyo01
2013,OAK,Coco Crisp,7000000,Coco,Crisp,coco,crisp,crispco01
2013,OAK,Brett Anderson,5750000,Brett,Anderson,brett,anderson,anderbr06
2013,OAK,Grant Balfour,4500000,Grant,Balfour,grant,balfour,balfogr01
2013,OAK,Seth Smith,3675000,Seth,Smith,seth,smith,smithse01
2013,OAK,Bartolo Colon,3000000,Bartolo,Colon,bartolo,colon,colonba01
2013,OAK,Jed Lowrie,2400000,Jed,Lowrie,jed,lowrie,lowrije01
2013,OAK,John Jaso,1800000,John,Jaso,john,jaso,jasojo01
2013,OAK,Brandon Moss,1600000,Brandon,Moss,brandon,moss,mossbr01
2013,OAK,Chris Resop,1350000,Chris,Resop,chris,resop,resopch01
2013,OAK,Daric Barton,1100000,Daric,Barton,daric,barton,bartoda01
2013,OAK,Jerry Blevins,1100000,Jerry,Blevins,jerry,blevins,blevije01
2013,OAK,Pat Neshek,975000,Pat,Neshek,pat,neshek,neshepa01
2013,OAK,Adam Rosales,700000,Adam,Rosales,adam,rosales,rosalad01
2013,OAK,Travis Blackley,550000,Travis,Blackley,travis,blackley,blacktr01
2013,OAK,Josh Reddick,510000,Josh,Reddick,josh,reddick,reddijo01
2013,OAK,Ryan Cook,505000,Ryan,Cook,ryan,cook,cookry01
2013,OAK,Scott Sizemore,500000,Scott,Sizemore,scott,sizemore,sizemsc01
2013,OAK,Tommy Milone,495000,Tommy,Milone,tommy,milone,milonto01
2013,OAK,Jarrod Parker,495000,Jarrod,Parker,jarrod,parker,parkeja01
2013,OAK,Evan Scribner,495000,Evan,Scribner,evan,scribner,scribev01
2013,OAK,Eric Sogard,495000,Eric,Sogard,eric,sogard,sogarer01
2013,OAK,Josh Donaldson,492500,Josh,Donaldson,josh,donaldson,donaljo02
2013,OAK,Sean Doolittle,492500,Sean,Doolittle,sean,doolittle,doolise01
2013,OAK,Pedro Figueroa,492500,Pedro,Figueroa,pedro,figueroa,figuepe01
2013,OAK,A. J. Griffin,492500,A. J.,Griffin,aj,griffin,griffaj01
2013,OAK,Derek Norris,492500,Derek,Norris,derek,norris,norride01
2013,OAK,Andy Parrino,492500,Andy,Parrino,andy,parrino,parrian01
2013,OAK,Dan Straily,492500,Dan,Straily,dan,straily,straida01
2013,OAK,Nate Freiman,490000,Nate,Freiman,nate,freiman,freimna01
2014,OAK,Yoenis Cespedes,10500000,Yoenis,Cespedes,yoenis,cespedes,cespeyo01
2014,OAK,Jim Johnson,10000000,Jim,Johnson,jim,johnson,johnsji01
2014,OAK,Coco Crisp,7500000,Coco,Crisp,coco,crisp,crispco01
2014,OAK,Scott Kazmir,7000000,Scott,Kazmir,scott,kazmir,kazmisc01
2014,OAK,Jed Lowrie,5250000,Jed,Lowrie,jed,lowrie,lowrije01
2014,OAK,Luke Gregerson,5065000,Luke,Gregerson,luke,gregerson,gregelu01
2014,OAK,Alberto Callaspo,4875000,Alberto,Callaspo,alberto,callaspo,callaal01
2014,OAK,Brandon Moss,4100000,Brandon,Moss,brandon,moss,mossbr01
2014,OAK,Nick Punto,2750000,Nick,Punto,nick,punto,puntoni01
2014,OAK,Josh Reddick,2700000,Josh,Reddick,josh,reddick,reddijo01
2014,OAK,John Jaso,2300000,John,Jaso,john,jaso,jasojo01
2014,OAK,Eric O'Flaherty,1500000,Eric,O'Flaherty,eric,oflaherty,oflaher01
2014,OAK,Daric Barton,1250000,Daric,Barton,daric,barton,bartoda01
2014,OAK,Craig Gentry,1145000,Craig,Gentry,craig,gentry,gentrcr01
2014,OAK,Jesse Chavez,775000,Jesse,Chavez,jesse,chavez,chaveje01
2014,OAK,Sean Doolittle,630000,Sean,Doolittle,sean,doolittle,doolise01
2014,OAK,Fernando Abad,525900,Fernando,Abad,fernando,abad,abadfe01
2014,OAK,Tommy Milone,510000,Tommy,Milone,tommy,milone,milonto01
2014,OAK,Eric Sogard,510000,Eric,Sogard,eric,sogard,sogarer01
2014,OAK,Ryan Cook,505000,Ryan,Cook,ryan,cook,cookry01
2014,OAK,Derek Norris,505000,Derek,Norris,derek,norris,norride01
2014,OAK,Evan Scribner,505000,Evan,Scribner,evan,scribner,scribev01
2014,OAK,Sonny Gray,502500,Sonny,Gray,sonny,gray,grayso01
2014,OAK,Dan Otero,502500,Dan,Otero,dan,otero,oteroda01
2014,OAK,Stephen Vogt,502500,Stephen,Vogt,stephen,vogt,vogtst01
2014,OAK,Josh Donaldson,500000,Josh,Donaldson,josh,donaldson,donaljo02
2015,OAK,Scott Kazmir,13000000,Scott,Kazmir,scott,kazmir,kazmisc01
2015,OAK,Coco Crisp,11000000,Coco,Crisp,coco,crisp,crispco01
2015,OAK,Tyler Clippard,8300001,Tyler,Clippard,tyler,clippard,clippty01
2015,OAK,Ben Zobrist,7500000,Ben,Zobrist,ben,zobrist,zobribe01
2015,OAK,Billy Butler,6666000,Billy,Butler,billy,butler,butlebi01
2015,OAK,Eric O'Flaherty,5500000,Eric,O'Flaherty,eric,oflaherty,oflaher01
2015,OAK,Josh Reddick,4100000,Josh,Reddick,josh,reddick,reddijo01
2015,OAK,Ike Davis,3800000,Ike,Davis,ike,davis,davisik01
2015,OAK,Jesse Chavez,2150000,Jesse,Chavez,jesse,chavez,chaveje01
2015,OAK,Brett Lawrie,1925000,Brett,Lawrie,brett,lawrie,lawribr01
2015,OAK,Sam Fuld,1750000,Sam,Fuld,sam,fuld,fuldsa01
2015,OAK,Danny Valencia,1675000,Danny,Valencia,danny,valencia,valenda01
2015,OAK,Craig Gentry,1600000,Craig,Gentry,craig,gentry,gentrcr01
2015,OAK,Ryan Cook,1400000,Ryan,Cook,ryan,cook,cookry01
2015,OAK,Fernando Abad,1087500,Fernando,Abad,fernando,abad,abadfe01
2015,OAK,Eric Sogard,1075000,Eric,Sogard,eric,sogard,sogarer01
2015,OAK,Sean Doolittle,780000,Sean,Doolittle,sean,doolittle,doolise01
2015,OAK,Fernando Rodriguez,635000,Fernando,Rodriguez,fernando,rodriguez,rodrife01
2015,OAK,Drew Pomeranz,517500,Drew,Pomeranz,drew,pomeranz,pomerdr01
2015,OAK,Sonny Gray,512500,Sonny,Gray,sonny,gray,grayso01
2015,OAK,Dan Otero,512500,Dan,Otero,dan,otero,oteroda01
2015,OAK,Evan Scribner,512500,Evan,Scribner,evan,scribner,scribev01
2015,OAK,Stephen Vogt,512500,Stephen,Vogt,stephen,vogt,vogtst01
2015,OAK,Josh Phegley,510000,Josh,Phegley,josh,phegley,phegljo01
2015,OAK,Marcus Semien,510000,Marcus,Semien,marcus,semien,semiema01
2015,OAK,R. J. Alvarez,507500,R. J.,Alvarez,rj,alvarez,alvarrj01
2015,OAK,Kendall Graveman,507500,Kendall,Graveman,kendall,graveman,graveke01
2015,OAK,Jesse Hahn,507500,Jesse,Hahn,jesse,hahn,hahnje01
2016,OAK,Billy Butler,11666667,Billy,Butler,billy,butler,butlebi01
2016,OAK,Coco Crisp,11000000,Coco,Crisp,coco,crisp,crispco01
2016,OAK,Jed Lowrie,7500000,Jed,Lowrie,jed,lowrie,lowrije01
2016,OAK,Ryan Madson,6666667,Ryan,Madson,ryan,madson,madsory01
2016,OAK,Josh Reddick,6575000,Josh,Reddick,josh,reddick,reddijo01
2016,OAK,Rich Hill,6000000,Rich,Hill,rich,hill,hillri01
2016,OAK,Chris Coghlan,4800000,Chris,Coghlan,chris,coghlan,coghlch01
2016,OAK,John Axford,4500000,John,Axford,john,axford,aforjo01
2016,OAK,Henderson Alvarez,4250000,Henderson,Alvarez,henderson,alvarez,alvarhe01
2016,OAK,Danny Valencia,3150000,Danny,Valencia,danny,valencia,valenda01
2016,OAK,Marc Rzepczynski,2950000,Marc,Rzepczynski,marc,rzepczynski,rzepcma01
2016,OAK,Yonder Alonso,2650000,Yonder,Alonso,yonder,alonso,alonsyo01
2016,OAK,Felix Doubront,2000000,Felix,Doubront,felix,doubront,doubrfe01
2016,OAK,Sam Fuld,1925000,Sam,Fuld,sam,fuld,fuldsa01
2016,OAK,Sean Doolittle,1580000,Sean,Doolittle,sean,doolittle,doolise01
2016,OAK,Eric Sogard,1500000,Eric,Sogard,eric,sogard,sogarer01
2016,OAK,Fernando Rodriguez,1050000,Fernando,Rodriguez,fernando,rodriguez,rodrife01
2016,OAK,Jarrod Parker,850000,Jarrod,Parker,jarrod,parker,parkeja01
2016,OAK,Sonny Gray,527500,Sonny,Gray,sonny,gray,grayso01
2016,OAK,Stephen Vogt,527500,Stephen,Vogt,stephen,vogt,vogtst01
2016,OAK,Khris Davis,524500,Khris,Davis,khris,davis,daviskh01
2016,OAK,Liam Hendriks,523400,Liam,Hendriks,liam,hendriks,hendrli01
2016,OAK,Billy Burns,512500,Billy,Burns,billy,burns,burnsbi01
2016,OAK,Mark Canha,512500,Mark,Canha,mark,canha,canhama01
2016,OAK,Kendall Graveman,512500,Kendall,Graveman,kendall,graveman,graveke01
2016,OAK,Josh Phegley,512500,Josh,Phegley,josh,phegley,phegljo01
2016,OAK,Marcus Semien,512500,Marcus,Semien,marcus,semien,semiema01
2016,OAK,R. J. Alvarez,510000,R. J.,Alvarez,rj,alvarez,alvarrj01
2016,OAK,Chris Bassitt,510000,Chris,Bassitt,chris,bassitt,bassich01
2016,OAK,Ryan Dull,507500,Ryan,Dull,ryan,dull,dullry01
2011,PHI,Roy Halladay,20000000,Roy,Halladay,roy,halladay,hallaro01
2011,PHI,Ryan Howard,20000000,Ryan,Howard,ryan,howard,howarry01
2011,PHI,Roy Oswalt,16000000,Roy,Oswalt,roy,oswalt,oswalro01
2011,PHI,Chase Utley,15285714,Chase,Utley,chase,utley,utleych01
2011,PHI,Raul Ibanez,12166666,Raul,Ibanez,raul,ibanez,ibanera01
2011,PHI,Brad Lidge,12000000,Brad,Lidge,brad,lidge,lidgebr01
2011,PHI,Cliff Lee,11000000,Cliff,Lee,cliff,lee,leecl01
2011,PHI,Joe Blanton,10500000,Joe,Blanton,joe,blanton,blantjo01
2011,PHI,Cole Hamels,9500000,Cole,Hamels,cole,hamels,hamelco01
2011,PHI,Jimmy Rollins,8500000,Jimmy,Rollins,jimmy,rollins,rolliji01
2011,PHI,Shane Victorino,7500000,Shane,Victorino,shane,victorino,victosh01
2011,PHI,Placido Polanco,5416666,Placido,Polanco,placido,polanco,polanpl01
2011,PHI,Ryan Madson,4833333,Ryan,Madson,ryan,madson,madsory01
2011,PHI,Danys Baez,2750000,Danys,Baez,danys,baez,baezda01
2011,PHI,Carlos Ruiz,2750000,Carlos,Ruiz,carlos,ruiz,ruizca01
2011,PHI,Jose Contreras,2500000,Jose,Contreras,jose,contreras,contrjo01
2011,PHI,Kyle Kendrick,2450000,Kyle,Kendrick,kyle,kendrick,kendrky01
2011,PHI,Brian Schneider,1625000,Brian,Schneider,brian,schneider,schnebr01
2011,PHI,Ross Gload,1600000,Ross,Gload,ross,gload,gloadro01
2011,PHI,J. C. Romero,1350000,J. C.,Romero,jc,romero,romerjc01
2011,PHI,Ben Francisco,1175000,Ben,Francisco,ben,francisco,francbe01
2011,PHI,Pete Orr,600000,Pete,Orr,pete,orr,orrpe01
2011,PHI,Wilson Valdez,560000,Wilson,Valdez,wilson,valdez,valdewi01
2011,PHI,David Herndon,425000,David,Herndon,david,herndon,herndda01
2011,PHI,Antonio Bastardo,419000,Antonio,Bastardo,antonio,bastardo,bastaan01
2011,PHI,Brian Bocock,414000,Brian,Bocock,brian,bocock,bococbr01
2011,PHI,Domonic Brown,414000,Domonic,Brown,domonic,brown,browndo01
2011,PHI,Michael Martinez,414000,Michael,Martinez,michael,martinez,martimi01
2011,PHI,John Mayberry,414000,John,Mayberry,john,mayberry,maybejo01
2011,PHI,Brian Schlitter,414000,Brian,Schlitter,brian,schlitter,schlibr01
2012,PHI,Cliff Lee,21500000,Cliff,Lee,cliff,lee,leecl01
2012,PHI,Roy Halladay,20000000,Roy,Halladay,roy,halladay,hallaro01
2012,PHI,Ryan Howard,20000000,Ryan,Howard,ryan,howard,howarry01
2012,PHI,Chase Utley,15285714,Chase,Utley,chase,utley,utleych01
2012,PHI,Cole Hamels,15000000,Cole,Hamels,cole,hamels,hamelco01
2012,PHI,Jonathan Papelbon,11000058,Jonathan,Papelbon,jonathan,papelbon,papeljo01
2012,PHI,Jimmy Rollins,11000000,Jimmy,Rollins,jimmy,rollins,rolliji01
2012,PHI,Joe Blanton,10500000,Joe,Blanton,joe,blanton,blantjo01
2012,PHI,Hunter Pence,10400000,Hunter,Pence,hunter,pence,pencehu01
2012,PHI,Shane Victorino,9500000,Shane,Victorino,shane,victorino,victosh01
2012,PHI,Placido Polanco,6416666,Placido,Polanco,placido,polanco,polanpl01
2012,PHI,Ty Wigginton,4000000,Ty,Wigginton,ty,wigginton,wiggity01
2012,PHI,Carlos Ruiz,3700000,Carlos,Ruiz,carlos,ruiz,ruizca01
2012,PHI,Kyle Kendrick,3585000,Kyle,Kendrick,kyle,kendrick,kendrky01
2012,PHI,Jose Contreras,2500000,Jose,Contreras,jose,contreras,contrjo01
2012,PHI,Jim Thome,1250000,Jim,Thome,jim,thome,thomeji01
2012,PHI,Laynce Nix,1150000,Laynce,Nix,laynce,nix,nila01
2012,PHI,Chad Qualls,1150000,Chad,Qualls,chad,qualls,quallch01
2012,PHI,Juan Pierre,800000,Juan,Pierre,juan,pierre,pierrju01
2012,PHI,Brian Schneider,800000,Brian,Schneider,brian,schneider,schnebr01
2012,PHI,Pete Orr,600000,Pete,Orr,pete,orr,orrpe01
2012,PHI,Antonio Bastardo,505000,Antonio,Bastardo,antonio,bastardo,bastaan01
2012,PHI,David Herndon,495000,David,Herndon,david,herndon,herndda01
2012,PHI,John Mayberry,495000,John,Mayberry,john,mayberry,maybejo01
2012,PHI,Vance Worley,495000,Vance,Worley,vance,worley,worleva01
2012,PHI,Michael Martinez,486500,Michael,Martinez,michael,martinez,martimi01
2012,PHI,Michael Stutes,485000,Michael,Stutes,michael,stutes,stutemi01
2012,PHI,Justin De Fratus,480000,Justin De,Fratus,justinde,fratus,fratuju01
2012,PHI,Freddy Galvis,480000,Freddy,Galvis,freddy,galvis,galvifr01
2012,PHI,Joe Savery,480000,Joe,Savery,joe,savery,saverjo01
2013,PHI,Cliff Lee,25000000,Cliff,Lee,cliff,lee,leecl01
2013,PHI,Cole Hamels,20500000,Cole,Hamels,cole,hamels,hamelco01
2013,PHI,Roy Halladay,20000000,Roy,Halladay,roy,halladay,hallaro01
2013,PHI,Ryan Howard,20000000,Ryan,Howard,ryan,howard,howarry01
2013,PHI,Michael Young,18374975,Michael,Young,michael,young,youngmi01
2013,PHI,Chase Utley,15285714,Chase,Utley,chase,utley,utleych01
2013,PHI,Jonathan Papelbon,13000000,Jonathan,Papelbon,jonathan,papelbon,papeljo01
2013,PHI,Jimmy Rollins,11000000,Jimmy,Rollins,jimmy,rollins,rolliji01
2013,PHI,Mike Adams,5000000,Mike,Adams,mike,adams,adamsmi01
2013,PHI,Carlos Ruiz,5000000,Carlos,Ruiz,carlos,ruiz,ruizca01
2013,PHI,Kyle Kendrick,4500000,Kyle,Kendrick,kyle,kendrick,kendrky01
2013,PHI,John Lannan,2500000,John,Lannan,john,lannan,lannajo01
2013,PHI,Antonio Bastardo,1400000,Antonio,Bastardo,antonio,bastardo,bastaan01
2013,PHI,Laynce Nix,1350000,Laynce,Nix,laynce,nix,nila01
2013,PHI,Chad Durbin,850000,Chad,Durbin,chad,durbin,durbich01
2013,PHI,Kevin Frandsen,850000,Kevin,Frandsen,kevin,frandsen,frandke01
2013,PHI,Delmon Young,750000,Delmon,Young,delmon,young,youngde01
2013,PHI,John Mayberry,517000,John,Mayberry,john,mayberry,maybejo01
2013,PHI,Ben Revere,515000,Ben,Revere,ben,revere,reverbe01
2013,PHI,Raul Valdes,505000,Raul,Valdes,raul,valdes,valdera01
2013,PHI,Domonic Brown,500000,Domonic,Brown,domonic,brown,browndo01
2013,PHI,Jeremy Horst,497000,Jeremy,Horst,jeremy,horst,horstje01
2013,PHI,Erik Kratz,496000,Erik,Kratz,erik,kratz,kratzer01
2013,PHI,Michael Stutes,492500,Michael,Stutes,michael,stutes,stutemi01
2013,PHI,Phillippe Aumont,490000,Phillippe,Aumont,phillippe,aumont,aumonph01
2013,PHI,Freddy Galvis,490000,Freddy,Galvis,freddy,galvis,galvifr01
2014,PHI,Ryan Howard,25000000,Ryan,Howard,ryan,howard,howarry01
2014,PHI,Cliff Lee,25000000,Cliff,Lee,cliff,lee,leecl01
2014,PHI,Cole Hamels,22500000,Cole,Hamels,cole,hamels,hamelco01
2014,PHI,A. J. Burnett,15000000,A. J.,Burnett,aj,burnett,burneaj01
2014,PHI,Chase Utley,15000000,Chase,Utley,chase,utley,utleych01
2014,PHI,Jonathan Papelbon,13000000,Jonathan,Papelbon,jonathan,papelbon,papeljo01
2014,PHI,Jimmy Rollins,11000000,Jimmy,Rollins,jimmy,rollins,rolliji01
2014,PHI,Carlos Ruiz,8500000,Carlos,Ruiz,carlos,ruiz,ruizca01
2014,PHI,Marlon Byrd,8000000,Marlon,Byrd,marlon,byrd,byrdma01
2014,PHI,Kyle Kendrick,7675000,Kyle,Kendrick,kyle,kendrick,kendrky01
2014,PHI,Mike Adams,7000000,Mike,Adams,mike,adams,adamsmi01
2014,PHI,Roberto Hernandez,4500000,Roberto,Hernandez,roberto,hernandez,hernaro01
2014,PHI,Miguel Gonzalez,3666667,Miguel,Gonzalez,miguel,gonzalez,gonzami01
2014,PHI,Antonio Bastardo,2000000,Antonio,Bastardo,antonio,bastardo,bastaan01
2014,PHI,Ben Revere,1950000,Ben,Revere,ben,revere,reverbe01
2014,PHI,John Mayberry,1587500,John,Mayberry,john,mayberry,maybejo01
2014,PHI,Wil Nieves,1125000,Wil,Nieves,wil,nieves,nievewi01
2014,PHI,Jayson Nix,950000,Jayson,Nix,jayson,nix,nija01
2014,PHI,Tony Gwynn,900000,Tony,Gwynn,tony,gwynn,gwynnto01
2014,PHI,Domonic Brown,550000,Domonic,Brown,domonic,brown,browndo01
2014,PHI,Jake Diekman,515500,Jake,Diekman,jake,diekman,diekmja01
2014,PHI,Justin De Fratus,513000,Justin De,Fratus,justinde,fratus,fratuju01
2014,PHI,Brad Lincoln,512300,Brad,Lincoln,brad,lincoln,lincobr01
2014,PHI,Cody Asche,500000,Cody,Asche,cody,asche,ascheco01
2014,PHI,Phillippe Aumont,500000,Phillippe,Aumont,phillippe,aumont,aumonph01
2014,PHI,Freddy Galvis,500000,Freddy,Galvis,freddy,galvis,galvifr01
2014,PHI,Cesar Hernandez,500000,Cesar,Hernandez,cesar,hernandez,hernace01
2014,PHI,Ethan Martin,500000,Ethan,Martin,ethan,martin,martiet01
2014,PHI,Jonathan Pettibone,500000,Jonathan,Pettibone,jonathan,pettibone,pettijo01
2014,PHI,B. J. Rosenberg,500000,B. J.,Rosenberg,bj,rosenberg,rosenbj01
2014,PHI,Darin Ruf,500000,Darin,Ruf,darin,ruf,rufda01
2014,PHI,Cameron Rupp,500000,Cameron,Rupp,cameron,rupp,ruppca01
2015,PHI,Ryan Howard,25000000,Ryan,Howard,ryan,howard,howarry01
2015,PHI,Cole Hamels,23500000,Cole,Hamels,cole,hamels,hamelco01
2015,PHI,Chase Utley,15000000,Chase,Utley,chase,utley,utleych01
2015,PHI,Jonathan Papelbon,13000000,Jonathan,Papelbon,jonathan,papelbon,papeljo01
2015,PHI,Carlos Ruiz,8500000,Carlos,Ruiz,carlos,ruiz,ruizca01
2015,PHI,Aaron Harang,5000000,Aaron,Harang,aaron,harang,haranaa01
2015,PHI,Ben Revere,4100000,Ben,Revere,ben,revere,reverbe01
2015,PHI,Domonic Brown,2600000,Domonic,Brown,domonic,brown,browndo01
2015,PHI,Jeff Williams,2500000,Jeff,Williams,jeff,williams,willije01
2015,PHI,Grady Sizemore,2000000,Grady,Sizemore,grady,sizemore,sizemgr01
2015,PHI,Chad Billingsley,1500000,Chad,Billingsley,chad,billingsley,billich01
2015,PHI,Jeff Francoeur,950000,Jeff,Francoeur,jeff,francoeur,francje01
2015,PHI,Andres Blanco,850000,Andres,Blanco,andres,blanco,blancan01
2015,PHI,Jeanmar Gomez,800000,Jeanmar,Gomez,jeanmar,gomez,gomezje01
2015,PHI,Dustin McGowan,650000,Dustin,McGowan,dustin,mcgowan,mcgowdu01
2015,PHI,Cesar Jimenez,575000,Cesar,Jimenez,cesar,jimenez,jimence01
2015,PHI,Jake Diekman,535500,Jake,Diekman,jake,diekman,diekmja01
2015,PHI,Justin De Fratus,528000,Justin De,Fratus,justinde,fratus,fratuju01
2015,PHI,Ken Giles,519000,Ken,Giles,ken,giles,gileske01
2015,PHI,Cody Asche,517500,Cody,Asche,cody,asche,ascheco01
2015,PHI,Darin Ruf,515000,Darin,Ruf,darin,ruf,rufda01
2015,PHI,Freddy Galvis,513500,Freddy,Galvis,freddy,galvis,galvifr01
2015,PHI,David Buchanan,512500,David,Buchanan,david,buchanan,buchada01
2015,PHI,Cesar Hernandez,510000,Cesar,Hernandez,cesar,hernandez,hernace01
2015,PHI,Luis Garcia,509000,Luis,Garcia,luis,garcia,garcilu04
2015,PHI,Cameron Rupp,508000,Cameron,Rupp,cameron,rupp,ruppca01
2016,PHI,Matt Harrison,13000000,Matt,Harrison,matt,harrison,harrima01
2016,PHI,Carlos Ruiz,8500000,Carlos,Ruiz,carlos,ruiz,ruizca01
2016,PHI,Charlie Morton,8000000,Charlie,Morton,charlie,morton,mortoch01
2016,PHI,Jeremy Hellickson,7000000,Jeremy,Hellickson,jeremy,hellickson,hellije01
2016,PHI,David Hernandez,3900000,David,Hernandez,david,hernandez,hernada01
2016,PHI,Peter Bourjos,2000000,Peter,Bourjos,peter,bourjos,bourjpe01
2016,PHI,Freddy Galvis,2000000,Freddy,Galvis,freddy,galvis,galvifr01
2016,PHI,James Russell,1500000,James,Russell,james,russell,russeja01
2016,PHI,Andres Blanco,1450000,Andres,Blanco,andres,blanco,blancan01
2016,PHI,Jeanmar Gomez,1400000,Jeanmar,Gomez,jeanmar,gomez,gomezje01
2016,PHI,Emmanuel Burriss,925000,Emmanuel,Burriss,emmanuel,burriss,burriem01
2016,PHI,Cody Asche,530000,Cody,Asche,cody,asche,ascheco01
2016,PHI,Odubel Herrera,528000,Odubel,Herrera,odubel,herrera,herreod01
2016,PHI,Darin Ruf,527000,Darin,Ruf,darin,ruf,rufda01
2016,PHI,Cesar Hernandez,525000,Cesar,Hernandez,cesar,hernandez,hernace01
2016,PHI,Brett Oberholtzer,518000,Brett,Oberholtzer,brett,oberholtzer,oberhbr01
2016,PHI,Cameron Rupp,518000,Cameron,Rupp,cameron,rupp,ruppca01
2016,PHI,Maikel Franco,517500,Maikel,Franco,maikel,franco,francma01
2016,PHI,Aaron Nola,517500,Aaron,Nola,aaron,nola,nolaaa01
2016,PHI,Jerad Eickhoff,516000,Jerad,Eickhoff,jerad,eickhoff,eickhje01
2016,PHI,Vince Velasquez,516000,Vince,Velasquez,vince,velasquez,velasvi01
2016,PHI,Aaron Altherr,515500,Aaron,Altherr,aaron,altherr,altheaa01
2016,PHI,Hector Neris,515000,Hector,Neris,hector,neris,nerishe01
2016,PHI,Dalier Hinojosa,514000,Dalier,Hinojosa,dalier,hinojosa,hinojda01
2016,PHI,Mario Hollands,512500,Mario,Hollands,mario,hollands,hollama01
2016,PHI,Manuel Margot,512500,Manuel,Margot,manuel,margot,margoma01
2016,PHI,Tyler Goeddel,507500,Tyler,Goeddel,tyler,goeddel,goeddty01
2016,PHI,Cedric Hunter,507500,Cedric,Hunter,cedric,hunter,huntece01
2016,PHI,Daniel Stumpf,507500,Daniel,Stumpf,daniel,stumpf,stumpda01
2011,PIT,Paul Maholm,6250000,Paul,Maholm,paul,maholm,maholpa01
2011,PIT,Chris Snyder,6250000,Chris,Snyder,chris,snyder,snydech01
2011,PIT,Ryan Doumit,5200000,Ryan,Doumit,ryan,doumit,doumiry01
2011,PIT,Lyle Overbay,5000000,Lyle,Overbay,lyle,overbay,overbly01
2011,PIT,Kevin Correia,4000000,Kevin,Correia,kevin,correia,correke01
2011,PIT,Matt Diaz,2125000,Matt,Diaz,matt,diaz,diazma01
2011,PIT,Pedro Alvarez,2050000,Pedro,Alvarez,pedro,alvarez,alvarpe01
2011,PIT,Ross Ohlendorf,2025000,Ross,Ohlendorf,ross,ohlendorf,ohlenro01
2011,PIT,Ronny Cedeno,1850000,Ronny,Cedeno,ronny,cedeno,cedenro01
2011,PIT,Joel Hanrahan,1400000,Joel,Hanrahan,joel,hanrahan,hanrajo01
2011,PIT,Jeff Karstens,1100000,Jeff,Karstens,jeff,karstens,karstje01
2011,PIT,Evan Meek,461500,Evan,Meek,evan,meek,meekev01
2011,PIT,Garrett Jones,455500,Garrett,Jones,garrett,jones,jonesga01
2011,PIT,Andrew McCutchen,452500,Andrew,McCutchen,andrew,mccutchen,mccutan01
2011,PIT,Scott Olsen,450000,Scott,Olsen,scott,olsen,olsensc01
2011,PIT,James McDonald,443000,James,McDonald,james,mcdonald,mcdonja01
2011,PIT,John Bowker,441500,John,Bowker,john,bowker,bowkejo01
2011,PIT,Charlie Morton,441000,Charlie,Morton,charlie,morton,mortoch01
2011,PIT,Neil Walker,437000,Neil,Walker,neil,walker,walkene01
2011,PIT,Chris Resop,431500,Chris,Resop,chris,resop,resopch01
2011,PIT,Garrett Olson,430000,Garrett,Olson,garrett,olson,olsonga01
2011,PIT,Jose Tabata,428000,Jose,Tabata,jose,tabata,tabatjo01
2011,PIT,Steve Pearce,427500,Steve,Pearce,steve,pearce,pearcst01
2011,PIT,Jason Jaramillo,422500,Jason,Jaramillo,jason,jaramillo,jaramja01
2011,PIT,Kevin Hart,417000,Kevin,Hart,kevin,hart,hartke01
2011,PIT,Jose Ascanio,416000,Jose,Ascanio,jose,ascanio,ascanjo01
2011,PIT,Brad Lincoln,414500,Brad,Lincoln,brad,lincoln,lincobr01
2011,PIT,Michael Crotta,414000,Michael,Crotta,michael,crotta,crottmi01
2011,PIT,Josh Rodriguez,414000,Josh,Rodriguez,josh,rodriguez,rodrijo07
2012,PIT,A. J. Burnett,16500000,A. J.,Burnett,aj,burnett,burneaj01
2012,PIT,Clint Barmes,5000000,Clint,Barmes,clint,barmes,barmecl01
2012,PIT,Erik Bedard,4500000,Erik,Bedard,erik,bedard,bedarer01
2012,PIT,Joel Hanrahan,4100000,Joel,Hanrahan,joel,hanrahan,hanrajo01
2012,PIT,Rod Barajas,4000000,Rod,Barajas,rod,barajas,barajro01
2012,PIT,Kevin Correia,4000000,Kevin,Correia,kevin,correia,correke01
2012,PIT,Jeff Karstens,3100000,Jeff,Karstens,jeff,karstens,karstje01
2012,PIT,Casey McGehee,2537500,Casey,McGehee,casey,mcgehee,mcgehca01
2012,PIT,Charlie Morton,2445000,Charlie,Morton,charlie,morton,mortoch01
2012,PIT,Garrett Jones,2250000,Garrett,Jones,garrett,jones,jonesga01
2012,PIT,Pedro Alvarez,2200000,Pedro,Alvarez,pedro,alvarez,alvarpe01
2012,PIT,Nate McLouth,1750000,Nate,McLouth,nate,mclouth,mclouna01
2012,PIT,Juan Cruz,1250000,Juan,Cruz,juan,cruz,cruzju01
2012,PIT,Jason Grilli,1100000,Jason,Grilli,jason,grilli,grillja01
2012,PIT,Jose Tabata,916666,Jose,Tabata,jose,tabata,tabatjo01
2012,PIT,Evan Meek,875000,Evan,Meek,evan,meek,meekev01
2012,PIT,Chris Resop,850000,Chris,Resop,chris,resop,resopch01
2012,PIT,Andrew McCutchen,708333,Andrew,McCutchen,andrew,mccutchen,mccutan01
2012,PIT,James McDonald,502500,James,McDonald,james,mcdonald,mcdonja01
2012,PIT,Neil Walker,500000,Neil,Walker,neil,walker,walkene01
2012,PIT,Chris Leroux,486000,Chris,Leroux,chris,leroux,lerouch01
2012,PIT,Michael McKenry,485000,Michael,McKenry,michael,mckenry,mckenmi01
2012,PIT,Josh Harrison,484000,Josh,Harrison,josh,harrison,harrijo01
2012,PIT,Alex Presley,484000,Alex,Presley,alex,presley,preslal01
2012,PIT,Tony Watson,484000,Tony,Watson,tony,watson,watsoto01
2012,PIT,Yamaico Navarro,483000,Yamaico,Navarro,yamaico,navarro,navarya01
2012,PIT,Jared Hughes,481000,Jared,Hughes,jared,hughes,hugheja01
2012,PIT,Matt Hague,480000,Matt,Hague,matt,hague,haguema01
2013,PIT,A. J. Burnett,16500000,A. J.,Burnett,aj,burnett,burneaj01
2013,PIT,Wandy Rodriguez,13500000,Wandy,Rodriguez,wandy,rodriguez,rodriwa01
2013,PIT,Russell Martin,7500000,Russell,Martin,russell,martin,martiru01
2013,PIT,Clint Barmes,5500000,Clint,Barmes,clint,barmes,barmecl01
2013,PIT,Andrew McCutchen,4708333,Andrew,McCutchen,andrew,mccutchen,mccutan01
2013,PIT,Garrett Jones,4500000,Garrett,Jones,garrett,jones,jonesga01
2013,PIT,Neil Walker,3300000,Neil,Walker,neil,walker,walkene01
2013,PIT,James McDonald,3025000,James,McDonald,james,mcdonald,mcdonja01
2013,PIT,Jason Grilli,2500000,Jason,Grilli,jason,grilli,grillja01
2013,PIT,Charlie Morton,2000000,Charlie,Morton,charlie,morton,mortoch01
2013,PIT,Gaby Sanchez,1750000,Gaby,Sanchez,gaby,sanchez,sanchga02
2013,PIT,John McDonald,1500000,John,McDonald,john,mcdonald,mcdonjo01
2013,PIT,Jonathan Sanchez,1375000,Jonathan,Sanchez,jonathan,sanchez,sanchjo01
2013,PIT,Brandon Inge,1250000,Brandon,Inge,brandon,inge,ingebr01
2013,PIT,Francisco Liriano,1000000,Francisco,Liriano,francisco,liriano,liriafr01
2013,PIT,Jose Tabata,916667,Jose,Tabata,jose,tabata,tabatjo01
2013,PIT,Pedro Alvarez,700000,Pedro,Alvarez,pedro,alvarez,alvarpe01
2013,PIT,Mark Melancon,521000,Mark,Melancon,mark,melancon,melanma01
2013,PIT,Tony Watson,505500,Tony,Watson,tony,watson,watsoto01
2013,PIT,Michael McKenry,505000,Michael,McKenry,michael,mckenry,mckenmi01
2013,PIT,Travis Snider,505000,Travis,Snider,travis,snider,snidetr01
2013,PIT,Jared Hughes,504500,Jared,Hughes,jared,hughes,hugheja01
2013,PIT,Josh Harrison,503000,Josh,Harrison,josh,harrison,harrijo01
2013,PIT,Chris Leroux,502000,Chris,Leroux,chris,leroux,lerouch01
2013,PIT,Jeanmar Gomez,500000,Jeanmar,Gomez,jeanmar,gomez,gomezje01
2013,PIT,Starling Marte,500000,Starling,Marte,starling,marte,martest01
2013,PIT,Jeff Locke,497500,Jeff,Locke,jeff,locke,lockeje01
2013,PIT,Justin Wilson,493500,Justin,Wilson,justin,wilson,wilsoju01
2014,PIT,Wandy Rodriguez,13000000,Wandy,Rodriguez,wandy,rodriguez,rodriwa01
2014,PIT,Russell Martin,8500000,Russell,Martin,russell,martin,martiru01
2014,PIT,Andrew McCutchen,7250000,Andrew,McCutchen,andrew,mccutchen,mccutan01
2014,PIT,Francisco Liriano,6000000,Francisco,Liriano,francisco,liriano,liriafr01
2014,PIT,Neil Walker,5750000,Neil,Walker,neil,walker,walkene01
2014,PIT,Edinson Volquez,5000000,Edinson,Volquez,edinson,volquez,volqued01
2014,PIT,Pedro Alvarez,4250000,Pedro,Alvarez,pedro,alvarez,alvarpe01
2014,PIT,Jason Grilli,4250000,Jason,Grilli,jason,grilli,grillja01
2014,PIT,Charlie Morton,4000000,Charlie,Morton,charlie,morton,mortoch01
2014,PIT,Jose Tabata,3000000,Jose,Tabata,jose,tabata,tabatjo01
2014,PIT,Mark Melancon,2595000,Mark,Melancon,mark,melancon,melanma01
2014,PIT,Gaby Sanchez,2300000,Gaby,Sanchez,gaby,sanchez,sanchga02
2014,PIT,Clint Barmes,2000000,Clint,Barmes,clint,barmes,barmecl01
2014,PIT,Travis Snider,1200000,Travis,Snider,travis,snider,snidetr01
2014,PIT,Chris Stewart,1000000,Chris,Stewart,chris,stewart,stewach01
2014,PIT,Vin Mazzaro,950000,Vin,Mazzaro,vin,mazzaro,mazzavi01
2014,PIT,Tony Watson,518500,Tony,Watson,tony,watson,watsoto01
2014,PIT,Jordy Mercer,515500,Jordy,Mercer,jordy,mercer,mercejo01
2014,PIT,Justin Wilson,515000,Justin,Wilson,justin,wilson,wilsoju01
2014,PIT,Jeanmar Gomez,514500,Jeanmar,Gomez,jeanmar,gomez,gomezje01
2014,PIT,Josh Harrison,513000,Josh,Harrison,josh,harrison,harrijo01
2014,PIT,Jeff Locke,513000,Jeff,Locke,jeff,locke,lockeje01
2014,PIT,Gerrit Cole,512500,Gerrit,Cole,gerrit,cole,colege01
2014,PIT,Bryan Morris,511500,Bryan,Morris,bryan,morris,morribr01
2014,PIT,Brandon Cumpton,507000,Brandon,Cumpton,brandon,cumpton,cumptbr01
2014,PIT,Tony Sanchez,507000,Tony,Sanchez,tony,sanchez,sanchto01
2014,PIT,Stolmy Pimentel,505500,Stolmy,Pimentel,stolmy,pimentel,pimenst01
2014,PIT,Starling Marte,500000,Starling,Marte,starling,marte,martest01
2015,PIT,Francisco Liriano,11666666,Francisco,Liriano,francisco,liriano,liriafr01
2015,PIT,Andrew McCutchen,10000000,Andrew,McCutchen,andrew,mccutchen,mccutan01
2015,PIT,A. J. Burnett,8500000,A. J.,Burnett,aj,burnett,burneaj01
2015,PIT,Charlie Morton,8000000,Charlie,Morton,charlie,morton,mortoch01
2015,PIT,Neil Walker,8000000,Neil,Walker,neil,walker,walkene01
2015,PIT,Pedro Alvarez,5750000,Pedro,Alvarez,pedro,alvarez,alvarpe01
2015,PIT,Mark Melancon,5400000,Mark,Melancon,mark,melancon,melanma01
2015,PIT,Jose Tabata,4000000,Jose,Tabata,jose,tabata,tabatjo01
2015,PIT,Antonio Bastardo,3100000,Antonio,Bastardo,antonio,bastardo,bastaan01
2015,PIT,Josh Harrison,3050000,Josh,Harrison,josh,harrison,harrijo01
2015,PIT,Corey Hart,2500000,Corey,Hart,corey,hart,hartco01
2015,PIT,Jung Ho Kang,2500000,Jung Ho,Kang,jungho,kang,kangju01
2015,PIT,Vance Worley,2450000,Vance,Worley,vance,worley,worleva01
2015,PIT,Sean Rodriguez,1900000,Sean,Rodriguez,sean,rodriguez,rodrise01
2015,PIT,Tony Watson,1750000,Tony,Watson,tony,watson,watsoto01
2015,PIT,Starling Marte,1333333,Starling,Marte,starling,marte,martest01
2015,PIT,Chris Stewart,1225000,Chris,Stewart,chris,stewart,stewach01
2015,PIT,Jared Hughes,1075000,Jared,Hughes,jared,hughes,hugheja01
2015,PIT,Radhames Liz,1000000,Radhames,Liz,radhames,liz,lizra01
2015,PIT,Francisco Cervelli,987500,Francisco,Cervelli,francisco,cervelli,cervefr01
2015,PIT,Jordy Mercer,538000,Jordy,Mercer,jordy,mercer,mercejo01
2015,PIT,Gerrit Cole,531000,Gerrit,Cole,gerrit,cole,colege01
2015,PIT,Jeff Locke,531000,Jeff,Locke,jeff,locke,lockeje01
2015,PIT,Gregory Polanco,525000,Gregory,Polanco,gregory,polanco,polangr01
2015,PIT,Pedro Florimon,521000,Pedro,Florimon,pedro,florimon,floripe01
2015,PIT,Tony Sanchez,518000,Tony,Sanchez,tony,sanchez,sanchto01
2015,PIT,Arquimedes Caminero,515500,Arquimedes,Caminero,arquimedes,caminero,caminar01
2015,PIT,Andrew Lambo,515500,Andrew,Lambo,andrew,lambo,lamboan01
2015,PIT,Jaff Decker,510000,Jaff,Decker,jaff,decker,deckeja01
2016,PIT,Francisco Liriano,13666667,Francisco,Liriano,francisco,liriano,liriafr01
2016,PIT,Andrew McCutchen,13208333,Andrew,McCutchen,andrew,mccutchen,mccutan01
2016,PIT,Mark Melancon,9650000,Mark,Melancon,mark,melancon,melanma01
2016,PIT,Jonathon Niese,9000000,Jonathon,Niese,jonathon,niese,niesejo01
2016,PIT,Mike Morse,8000000,Mike,Morse,mike,morse,morsemi01
2016,PIT,Josh Harrison,5250000,Josh,Harrison,josh,harrison,harrijo01
2016,PIT,John Jaso,4000000,John,Jaso,john,jaso,jasojo01
2016,PIT,Neftali Feliz,3900000,Neftali,Feliz,neftali,feliz,felizne01
2016,PIT,Francisco Cervelli,3500000,Francisco,Cervelli,francisco,cervelli,cervefr01
2016,PIT,Tony Watson,3450000,Tony,Watson,tony,watson,watsoto01
2016,PIT,Starling Marte,3333333,Starling,Marte,starling,marte,martest01
2016,PIT,Jeff Locke,3025000,Jeff,Locke,jeff,locke,lockeje01
2016,PIT,David Freese,3000000,David,Freese,david,freese,freesda01
2016,PIT,Juan Nicasio,3000000,Juan,Nicasio,juan,nicasio,nicasju01
2016,PIT,Jung Ho Kang,2500000,Jung Ho,Kang,jungho,kang,kangju01
2016,PIT,Sean Rodriguez,2500000,Sean,Rodriguez,sean,rodriguez,rodrise01
2016,PIT,Jared Hughes,2175000,Jared,Hughes,jared,hughes,hugheja01
2016,PIT,Jordy Mercer,2075000,Jordy,Mercer,jordy,mercer,mercejo01
2016,PIT,Ryan Vogelsong,2000000,Ryan,Vogelsong,ryan,vogelsong,vogelry01
2016,PIT,Chris Stewart,1350000,Chris,Stewart,chris,stewart,stewach01
2016,PIT,Matt Joyce,1000000,Matt,Joyce,matt,joyce,joycema01
2016,PIT,Cory Luebke,1000000,Cory,Luebke,cory,luebke,luebkco01
2016,PIT,Cole Figueroa,550000,Cole,Figueroa,cole,figueroa,figueco01
2016,PIT,Gerrit Cole,548000,Gerrit,Cole,gerrit,cole,colege01
2016,PIT,Gregory Polanco,535000,Gregory,Polanco,gregory,polanco,polangr01
2016,PIT,Arquimedes Caminero,532500,Arquimedes,Caminero,arquimedes,caminero,caminar01
2016,PIT,Kyle Lobstein,520000,Kyle,Lobstein,kyle,lobstein,lobstky01
2016,PIT,Elias Diaz,510000,Elias,Diaz,elias,diaz,diazel01
2011,SD,Heath Bell,7500000,Heath,Bell,heath,bell,bellhe01
2011,SD,Ryan Ludwick,6775000,Ryan,Ludwick,ryan,ludwick,ludwiry01
2011,SD,Jason Bartlett,4000000,Jason,Bartlett,jason,bartlett,bartlja01
2011,SD,Orlando Hudson,4000000,Orlando,Hudson,orlando,hudson,hudsoor01
2011,SD,Aaron Harang,3500000,Aaron,Harang,aaron,harang,haranaa01
2011,SD,Mike Adams,2535000,Mike,Adams,mike,adams,adamsmi01
2011,SD,Chase Headley,2325000,Chase,Headley,chase,headley,headlch01
2011,SD,Brad Hawpe,2000000,Brad,Hawpe,brad,hawpe,hawpebr01
2011,SD,Chad Qualls,1500000,Chad,Qualls,chad,qualls,quallch01
2011,SD,Tim Stauffer,1075000,Tim,Stauffer,tim,stauffer,staufti01
2011,SD,Dustin Moseley,900000,Dustin,Moseley,dustin,moseley,moseldu01
2011,SD,Jorge Cantu,850000,Jorge,Cantu,jorge,cantu,cantujo01
2011,SD,Chris Denorfia,800000,Chris,Denorfia,chris,denorfia,denorch01
2011,SD,Pat Neshek,625000,Pat,Neshek,pat,neshek,neshepa01
2011,SD,Alberto Gonzalez,600000,Alberto,Gonzalez,alberto,gonzalez,gonzaal01
2011,SD,Clayton Richard,468800,Clayton,Richard,clayton,richard,richacl01
2011,SD,Mat Latos,460700,Mat,Latos,mat,latos,latosma01
2011,SD,Luke Gregerson,447800,Luke,Gregerson,luke,gregerson,gregelu01
2011,SD,Will Venable,444400,Will,Venable,will,venable,venabwi01
2011,SD,Nick Hundley,439900,Nick,Hundley,nick,hundley,hundlni01
2011,SD,Joe Thatcher,433900,Joe,Thatcher,joe,thatcher,thatcjo01
2011,SD,Cameron Maybin,429100,Cameron,Maybin,cameron,maybin,maybica01
2011,SD,Kyle Blanks,424700,Kyle,Blanks,kyle,blanks,blankky01
2011,SD,Eric Patterson,423300,Eric,Patterson,eric,patterson,patteer01
2011,SD,Rob Johnson,421700,Rob,Johnson,rob,johnson,johnsro01
2011,SD,Ernesto Frieri,417100,Ernesto,Frieri,ernesto,frieri,frierer01
2011,SD,Cory Luebke,415600,Cory,Luebke,cory,luebke,luebkco01
2011,SD,Jarrett Hoffpauir,414800,Jarrett,Hoffpauir,jarrett,hoffpauir,hoffpja01
2011,SD,Sam Deduno,414240,Sam,Deduno,sam,deduno,dedunsa01
2011,SD,Mike Baxter,414100,Mike,Baxter,mike,baxter,batemi01
2011,SD,Cedric Hunter,414000,Cedric,Hunter,cedric,hunter,huntece01
2012,SD,Huston Street,7500000,Huston,Street,huston,street,streehu01
2012,SD,Carlos Quentin,7025000,Carlos,Quentin,carlos,quentin,quentca01
2012,SD,Jason Bartlett,5500000,Jason,Bartlett,jason,bartlett,bartlja01
2012,SD,Orlando Hudson,5500000,Orlando,Hudson,orlando,hudson,hudsoor01
2012,SD,Chase Headley,3475000,Chase,Headley,chase,headley,headlch01
2012,SD,Tim Stauffer,3200000,Tim,Stauffer,tim,stauffer,staufti01
2012,SD,Clayton Richard,2705000,Clayton,Richard,clayton,richard,richacl01
2012,SD,Edinson Volquez,2237500,Edinson,Volquez,edinson,volquez,volqued01
2012,SD,Dustin Moseley,2012500,Dustin,Moseley,dustin,moseley,moseldu01
2012,SD,Nick Hundley,2000000,Nick,Hundley,nick,hundley,hundlni01
2012,SD,Luke Gregerson,1550000,Luke,Gregerson,luke,gregerson,gregelu01
2012,SD,Will Venable,1475000,Will,Venable,will,venable,venabwi01
2012,SD,Yonder Alonso,1400000,Yonder,Alonso,yonder,alonso,alonsyo01
2012,SD,Mark Kotsay,1250000,Mark,Kotsay,mark,kotsay,kotsama01
2012,SD,Chris Denorfia,1165000,Chris,Denorfia,chris,denorfia,denorch01
2012,SD,Jeremy Hermida,800000,Jeremy,Hermida,jeremy,hermida,hermije01
2012,SD,John Baker,750000,John,Baker,john,baker,bakerjo01
2012,SD,Joe Thatcher,700000,Joe,Thatcher,joe,thatcher,thatcjo01
2012,SD,Cameron Maybin,600000,Cameron,Maybin,cameron,maybin,maybica01
2012,SD,Micah Owings,500000,Micah,Owings,micah,owings,owingmi01
2012,SD,Cory Luebke,497800,Cory,Luebke,cory,luebke,luebkco01
2012,SD,Kyle Blanks,492400,Kyle,Blanks,kyle,blanks,blankky01
2012,SD,Ernesto Frieri,489100,Ernesto,Frieri,ernesto,frieri,frierer01
2012,SD,Jesus Guzman,486600,Jesus,Guzman,jesus,guzman,guzmaje01
2012,SD,Andrew Cashner,486100,Andrew,Cashner,andrew,cashner,cashnan01
2012,SD,Anthony Bass,485300,Anthony,Bass,anthony,bass,bassan01
2012,SD,Logan Forsythe,481400,Logan,Forsythe,logan,forsythe,forsylo01
2012,SD,Andy Parrino,481000,Andy,Parrino,andy,parrino,parrian01
2013,SD,Carlos Quentin,9500000,Carlos,Quentin,carlos,quentin,quentca01
2013,SD,Chase Headley,8575000,Chase,Headley,chase,headley,headlch01
2013,SD,Huston Street,7000000,Huston,Street,huston,street,streehu01
2013,SD,Edinson Volquez,5725000,Edinson,Volquez,edinson,volquez,volqued01
2013,SD,Clayton Richard,5240000,Clayton,Richard,clayton,richard,richacl01
2013,SD,Luke Gregerson,3200000,Luke,Gregerson,luke,gregerson,gregelu01
2013,SD,Cameron Maybin,3100000,Cameron,Maybin,cameron,maybin,maybica01
2013,SD,Nick Hundley,3000000,Nick,Hundley,nick,hundley,hundlni01
2013,SD,Jason Marquis,3000000,Jason,Marquis,jason,marquis,marquja01
2013,SD,Will Venable,2675000,Will,Venable,will,venable,venabwi01
2013,SD,Chris Denorfia,2000000,Chris,Denorfia,chris,denorfia,denorch01
2013,SD,Joe Thatcher,1350000,Joe,Thatcher,joe,thatcher,thatcjo01
2013,SD,Mark Kotsay,1300000,Mark,Kotsay,mark,kotsay,kotsama01
2013,SD,Everth Cabrera,1275000,Everth,Cabrera,everth,cabrera,cabreev01
2013,SD,Yonder Alonso,1120000,Yonder,Alonso,yonder,alonso,alonsyo01
2013,SD,Yasmani Grandal,990000,Yasmani,Grandal,yasmani,grandal,grandya01
2013,SD,John Baker,930000,John,Baker,john,baker,bakerjo01
2013,SD,Kyle Blanks,605000,Kyle,Blanks,kyle,blanks,blankky01
2013,SD,Eric Stults,507600,Eric,Stults,eric,stults,stulter01
2013,SD,Anthony Bass,503600,Anthony,Bass,anthony,bass,bassan01
2013,SD,Jesus Guzman,503200,Jesus,Guzman,jesus,guzman,guzmaje01
2013,SD,Andrew Cashner,500800,Andrew,Cashner,andrew,cashner,cashnan01
2013,SD,Tyson Ross,500500,Tyson,Ross,tyson,ross,rossty01
2013,SD,Logan Forsythe,499000,Logan,Forsythe,logan,forsythe,forsylo01
2013,SD,Dale Thayer,498900,Dale,Thayer,dale,thayer,thayeda01
2013,SD,Brad Brach,498200,Brad,Brach,brad,brach,brachbr01
2013,SD,Alexi Amarista,497400,Alexi,Amarista,alexi,amarista,amarial01
2013,SD,Tommy Layne,491300,Tommy,Layne,tommy,layne,layneto01
2014,SD,Chase Headley,10525000,Chase,Headley,chase,headley,headlch01
2014,SD,Carlos Quentin,9500000,Carlos,Quentin,carlos,quentin,quentca01
2014,SD,Huston Street,7000000,Huston,Street,huston,street,streehu01
2014,SD,Ian Kennedy,6100000,Ian,Kennedy,ian,kennedy,kenneia01
2014,SD,Joaquin Benoit,6000000,Joaquin,Benoit,joaquin,benoit,benoijo01
2014,SD,Cameron Maybin,5000000,Cameron,Maybin,cameron,maybin,maybica01
2014,SD,Seth Smith,4500000,Seth,Smith,seth,smith,smithse01
2014,SD,Will Venable,4250000,Will,Venable,will,venable,venabwi01
2014,SD,Eric Stults,2750000,Eric,Stults,eric,stults,stulter01
2014,SD,Everth Cabrera,2450000,Everth,Cabrera,everth,cabrera,cabreev01
2014,SD,Andrew Cashner,2400000,Andrew,Cashner,andrew,cashner,cashnan01
2014,SD,Chris Denorfia,2250000,Chris,Denorfia,chris,denorfia,denorch01
2014,SD,Tyson Ross,1980000,Tyson,Ross,tyson,ross,rossty01
2014,SD,Tim Stauffer,1600000,Tim,Stauffer,tim,stauffer,staufti01
2014,SD,Troy Patton,1275000,Troy,Patton,troy,patton,pattotr01
2014,SD,Kyle Blanks,988000,Kyle,Blanks,kyle,blanks,blankky01
2014,SD,Yonder Alonso,980000,Yonder,Alonso,yonder,alonso,alonsyo01
2014,SD,Yasmani Grandal,792000,Yasmani,Grandal,yasmani,grandal,grandya01
2014,SD,Xavier Nady,775000,Xavier,Nady,xavier,nady,nadya01
2014,SD,Dale Thayer,515800,Dale,Thayer,dale,thayer,thayeda01
2014,SD,Alexi Amarista,511100,Alexi,Amarista,alexi,amarista,amarial01
2014,SD,Jedd Gyorko,510900,Jedd,Gyorko,jedd,gyorko,gyorkje01
2014,SD,Nick Vincent,510200,Nick,Vincent,nick,vincent,vinceni01
2014,SD,Alex Torres,509000,Alex,Torres,alex,torres,torreal01
2014,SD,Rene Rivera,506400,Rene,Rivera,rene,rivera,riverre01
2014,SD,Robbie Erlin,504500,Robbie,Erlin,robbie,erlin,erlinro01
2014,SD,Joe Wieland,501600,Joe,Wieland,joe,wieland,wielajo01
2014,SD,Tommy Medica,501200,Tommy,Medica,tommy,medica,medicto01
2015,SD,Matt Kemp,21250000,Matt,Kemp,matt,kemp,kempma01
2015,SD,Justin Upton,14500000,Justin,Upton,justin,upton,uptonju01
2015,SD,B. J. Upton,14450000,B. J.,Upton,bj,upton,uptonbj01
2015,SD,James Shields,10000000,James,Shields,james,shields,shielja01
2015,SD,Ian Kennedy,9850000,Ian,Kennedy,ian,kennedy,kenneia01
2015,SD,Craig Kimbrel,9000000,Craig,Kimbrel,craig,kimbrel,kimbrcr01
2015,SD,Joaquin Benoit,8000000,Joaquin,Benoit,joaquin,benoit,benoijo01
2015,SD,Tyson Ross,5250000,Tyson,Ross,tyson,ross,rossty01
2015,SD,Will Venable,4250000,Will,Venable,will,venable,venabwi01
2015,SD,Andrew Cashner,4050000,Andrew,Cashner,andrew,cashner,cashnan01
2015,SD,Shawn Kelley,2835000,Shawn,Kelley,shawn,kelley,kellesh01
2015,SD,Brandon Morrow,2500000,Brandon,Morrow,brandon,morrow,morrobr01
2015,SD,Jedd Gyorko,2000000,Jedd,Gyorko,jedd,gyorko,gyorkje01
2015,SD,Yonder Alonso,1650000,Yonder,Alonso,yonder,alonso,alonsyo01
2015,SD,Dale Thayer,1375000,Dale,Thayer,dale,thayer,thayeda01
2015,SD,Clint Barmes,1300000,Clint,Barmes,clint,barmes,barmecl01
2015,SD,Alexi Amarista,1150000,Alexi,Amarista,alexi,amarista,amarial01
2015,SD,Wil Nieves,850000,Wil,Nieves,wil,nieves,nievewi01
2015,SD,Derek Norris,545000,Derek,Norris,derek,norris,norride01
2015,SD,Will Middlebrooks,540500,Will,Middlebrooks,will,middlebrooks,middlwi01
2015,SD,Nick Vincent,525300,Nick,Vincent,nick,vincent,vinceni01
2015,SD,Wil Myers,519800,Wil,Myers,wil,myers,myerswi01
2015,SD,Odrisamer Despaigne,517300,Odrisamer,Despaigne,odrisamer,despaigne,despaod01
2015,SD,Yangervis Solarte,516400,Yangervis,Solarte,yangervis,solarte,solarya01
2015,SD,Frank Garces,508500,Frank,Garces,frank,garces,garcefr01
2015,SD,Cory Spangenberg,508500,Cory,Spangenberg,cory,spangenberg,spangco01
2016,SD,Matt Kemp,21500000,Matt,Kemp,matt,kemp,kempma01
2016,SD,James Shields,21000000,James,Shields,james,shields,shielja01
2016,SD,B. J. Upton,15450000,B. J.,Upton,bj,upton,uptonbj01
2016,SD,Tyson Ross,9625000,Tyson,Ross,tyson,ross,rossty01
2016,SD,Andrew Cashner,7150000,Andrew,Cashner,andrew,cashner,cashnan01
2016,SD,Jon Jay,6225000,Jon,Jay,jon,jay,jayjo01
2016,SD,Alexei Ramirez,3000000,Alexei,Ramirez,alexei,ramirez,ramiral01
2016,SD,Derek Norris,2925000,Derek,Norris,derek,norris,norride01
2016,SD,Fernando Rodney,1600000,Fernando,Rodney,fernando,rodney,rodnefe01
2016,SD,Matt Thornton,1600000,Matt,Thornton,matt,thornton,thornma01
2016,SD,Carlos Villanueva,1490314,Carlos,Villanueva,carlos,villanueva,villaca01
2016,SD,Drew Pomeranz,1350000,Drew,Pomeranz,drew,pomeranz,pomerdr01
2016,SD,Brett Wallace,1000000,Brett,Wallace,brett,wallace,wallabr01
2016,SD,Adam Rosales,800000,Adam,Rosales,adam,rosales,rosalad01
2016,SD,Brandon Maurer,526400,Brandon,Maurer,brandon,maurer,maurebr01
2016,SD,Yangervis Solarte,525500,Yangervis,Solarte,yangervis,solarte,solarya01
2016,SD,Wil Myers,523900,Wil,Myers,wil,myers,myerswi01
2016,SD,Kevin Quackenbush,521200,Kevin,Quackenbush,kevin,quackenbush,quackke01
2016,SD,Buddy Baumann,520000,Buddy,Baumann,buddy,baumann,baumabu01
2016,SD,Ryan Buchter,520000,Ryan,Buchter,ryan,buchter,buchtry01
2016,SD,Cory Spangenberg,517700,Cory,Spangenberg,cory,spangenberg,spangco01
2016,SD,Christian Bethancourt,511200,Christian,Bethancourt,christian,bethancourt,bethach01
2016,SD,Colin Rea,510200,Colin,Rea,colin,rea,reaco01
2016,SD,Jon Edwards,509600,Jon,Edwards,jon,edwards,edwarjo01
2016,SD,Travis Jankowski,508800,Travis,Jankowski,travis,jankowski,jankotr01
2016,SD,Jabari Blash,507500,Jabari,Blash,jabari,blash,blashja01
2016,SD,Luis Perdomo,507500,Luis,Perdomo,luis,perdomo,perdolu01
2011,SEA,Ichiro Suzuki,18000000,Ichiro,Suzuki,ichiro,suzuki,suzukic01
2011,SEA,Milton Bradley,13000000,Milton,Bradley,milton,bradley,bradlmi01
2011,SEA,Felix Hernandez,11700000,Felix,Hernandez,felix,hernandez,hernafe01
2011,SEA,Chone Figgins,9500000,Chone,Figgins,chone,figgins,figgich01
2011,SEA,Jack Wilson,5000000,Jack,Wilson,jack,wilson,wilsoja04
2011,SEA,David Aardsma,4500000,David,Aardsma,david,aardsma,aardsda01
2011,SEA,Franklin Gutierrez,4312500,Franklin,Gutierrez,franklin,gutierrez,gutiefr01
2011,SEA,Jack Cust,2500000,Jack,Cust,jack,cust,custja01
2011,SEA,Miguel Olivo,2500000,Miguel,Olivo,miguel,olivo,olivomi01
2011,SEA,Jason Vargas,2450000,Jason,Vargas,jason,vargas,vargaja01
2011,SEA,Brandon League,2250000,Brandon,League,brandon,league,leagubr01
2011,SEA,Erik Bedard,1000000,Erik,Bedard,erik,bedard,bedarer01
2011,SEA,Chris Ray,1000000,Chris,Ray,chris,ray,raych01
2011,SEA,Brendan Ryan,1000000,Brendan,Ryan,brendan,ryan,ryanbr01
2011,SEA,Jamey Wright,900000,Jamey,Wright,jamey,wright,wrighja01
2011,SEA,Adam Kennedy,750000,Adam,Kennedy,adam,kennedy,kennead01
2011,SEA,Luis Rodriguez,600000,Luis,Rodriguez,luis,rodriguez,rodrilu01
2011,SEA,Ryan Langerhans,525000,Ryan,Langerhans,ryan,langerhans,langery01
2011,SEA,Doug Fister,436500,Doug,Fister,doug,fister,fistedo01
2011,SEA,Aaron Laffey,431600,Aaron,Laffey,aaron,laffey,laffeaa01
2011,SEA,David Pauley,422000,David,Pauley,david,pauley,pauleda01
2011,SEA,Shawn Kelley,420000,Shawn,Kelley,shawn,kelley,kellesh01
2011,SEA,Michael Saunders,420000,Michael,Saunders,michael,saunders,saundmi01
2011,SEA,Justin Smoak,419000,Justin,Smoak,justin,smoak,smoakju01
2011,SEA,Adam Moore,417500,Adam,Moore,adam,moore,mooread01
2011,SEA,Matt Mangini,414500,Matt,Mangini,matt,mangini,mangima01
2011,SEA,Josh Lueke,414000,Josh,Lueke,josh,lueke,luekejo01
2011,SEA,Michael Pineda,414000,Michael,Pineda,michael,pineda,pinedmi01
2011,SEA,Tom Wilhelmsen,414000,Tom,Wilhelmsen,tom,wilhelmsen,wilheto01
2012,SEA,Felix Hernandez,19700000,Felix,Hernandez,felix,hernandez,hernafe01
2012,SEA,Ichiro Suzuki,18000000,Ichiro,Suzuki,ichiro,suzuki,suzukic01
2012,SEA,Chone Figgins,9500000,Chone,Figgins,chone,figgins,figgich01
2012,SEA,Franklin Gutierrez,5812500,Franklin,Gutierrez,franklin,gutierrez,gutiefr01
2012,SEA,Brandon League,5000000,Brandon,League,brandon,league,leagubr01
2012,SEA,Jason Vargas,4850000,Jason,Vargas,jason,vargas,vargaja01
2012,SEA,Miguel Olivo,3750000,Miguel,Olivo,miguel,olivo,olivomi01
2012,SEA,Dustin Ackley,2100000,Dustin,Ackley,dustin,ackley,ackledu01
2012,SEA,Brendan Ryan,1750000,Brendan,Ryan,brendan,ryan,ryanbr01
2012,SEA,Hisashi Iwakuma,1500000,Hisashi,Iwakuma,hisashi,iwakuma,iwakuhi01
2012,SEA,George Sherrill,1100000,George,Sherrill,george,sherrill,sherrge01
2012,SEA,Kevin Millwood,1000000,Kevin,Millwood,kevin,millwood,millwke01
2012,SEA,Munenori Kawasaki,625000,Munenori,Kawasaki,munenori,kawasaki,kawasmu01
2012,SEA,John Jaso,495200,John,Jaso,john,jaso,jasojo01
2012,SEA,Justin Smoak,495100,Justin,Smoak,justin,smoak,smoakju01
2012,SEA,Michael Saunders,489100,Michael,Saunders,michael,saunders,saundmi01
2012,SEA,Mike Carp,488800,Mike,Carp,mike,carp,carpmi01
2012,SEA,Casper Wells,488200,Casper,Wells,casper,wells,wellsca01
2012,SEA,Hector Noesi,488000,Hector,Noesi,hector,noesi,noesihe01
2012,SEA,Jesus Montero,486900,Jesus,Montero,jesus,montero,monteje01
2012,SEA,Blake Beavan,486500,Blake,Beavan,blake,beavan,beavabl01
2012,SEA,Kyle Seager,484300,Kyle,Seager,kyle,seager,seageky01
2012,SEA,Adam Moore,483600,Adam,Moore,adam,moore,mooread01
2012,SEA,Tom Wilhelmsen,482900,Tom,Wilhelmsen,tom,wilhelmsen,wilheto01
2012,SEA,Alex Liddi,481300,Alex,Liddi,alex,liddi,liddial01
2012,SEA,Steve Delabar,480700,Steve,Delabar,steve,delabar,delabst01
2012,SEA,Lucas Luetge,480000,Lucas,Luetge,lucas,luetge,luetglu01
2012,SEA,Erasmo Ramirez,480000,Erasmo,Ramirez,erasmo,ramirez,ramirer01
2013,SEA,Felix Hernandez,20557143,Felix,Hernandez,felix,hernandez,hernafe01
2013,SEA,Franklin Gutierrez,7312500,Franklin,Gutierrez,franklin,gutierrez,gutiefr01
2013,SEA,Mike Morse,7000000,Mike,Morse,mike,morse,morsemi01
2013,SEA,Hisashi Iwakuma,6500000,Hisashi,Iwakuma,hisashi,iwakuma,iwakuhi01
2013,SEA,Joe Saunders,6000000,Joe,Saunders,joe,saunders,saundjo01
2013,SEA,Kendrys Morales,5250000,Kendrys,Morales,kendrys,morales,moralke01
2013,SEA,Brendan Ryan,3250000,Brendan,Ryan,brendan,ryan,ryanbr01
2013,SEA,Raul Ibanez,2750000,Raul,Ibanez,raul,ibanez,ibanera01
2013,SEA,Dustin Ackley,2700000,Dustin,Ackley,dustin,ackley,ackledu01
2013,SEA,Robert Andino,1600000,Robert,Andino,robert,andino,andinro01
2013,SEA,Oliver Perez,1500000,Oliver,Perez,oliver,perez,perezol01
2013,SEA,Kelly Shoppach,1500000,Kelly,Shoppach,kelly,shoppach,shoppke01
2013,SEA,Kameron Loe,1050000,Kameron,Loe,kameron,loe,loeka01
2013,SEA,Jason Bay,1000000,Jason,Bay,jason,bay,bayja01
2013,SEA,Justin Smoak,514000,Justin,Smoak,justin,smoak,smoakju01
2013,SEA,Michael Saunders,512600,Michael,Saunders,michael,saunders,saundmi01
2013,SEA,Kyle Seager,510400,Kyle,Seager,kyle,seager,seageky01
2013,SEA,Tom Wilhelmsen,509100,Tom,Wilhelmsen,tom,wilhelmsen,wilheto01
2013,SEA,Blake Beavan,506700,Blake,Beavan,blake,beavan,beavabl01
2013,SEA,Casper Wells,505400,Casper,Wells,casper,wells,wellsca01
2013,SEA,Charlie Furbush,504500,Charlie,Furbush,charlie,furbush,furbuch01
2013,SEA,Jesus Montero,503300,Jesus,Montero,jesus,montero,monteje01
2013,SEA,Lucas Luetge,495500,Lucas,Luetge,lucas,luetge,luetglu01
2013,SEA,Stephen Pryor,492200,Stephen,Pryor,stephen,pryor,pryorst01
2013,SEA,Carter Capps,491700,Carter,Capps,carter,capps,cappsca01
2013,SEA,Brandon Maurer,490000,Brandon,Maurer,brandon,maurer,maurebr01
2014,SEA,Robinson Cano,24000000,Robinson,Cano,robinson,cano,canoro01
2014,SEA,Felix Hernandez,22857000,Felix,Hernandez,felix,hernandez,hernafe01
2014,SEA,Fernando Rodney,7000000,Fernando,Rodney,fernando,rodney,rodnefe01
2014,SEA,Hisashi Iwakuma,6500000,Hisashi,Iwakuma,hisashi,iwakuma,iwakuhi01
2014,SEA,Corey Hart,6000000,Corey,Hart,corey,hart,hartco01
2014,SEA,Austin Jackson,6000000,Austin,Jackson,austin,jackson,jacksau01
2014,SEA,Willie Bloomquist,2800000,Willie,Bloomquist,willie,bloomquist,bloomwi01
2014,SEA,Justin Smoak,2637500,Justin,Smoak,justin,smoak,smoakju01
2014,SEA,Michael Saunders,2300000,Michael,Saunders,michael,saunders,saundmi01
2014,SEA,Logan Morrison,1750000,Logan,Morrison,logan,morrison,morrilo01
2014,SEA,Dustin Ackley,1700000,Dustin,Ackley,dustin,ackley,ackledu01
2014,SEA,Chris Young,1250000,Chris,Young,chris,young,youngch01
2014,SEA,John Buck,1000000,John,Buck,john,buck,buckjo01
2014,SEA,Joe Beimel,850000,Joe,Beimel,joe,beimel,beimejo01
2014,SEA,Charlie Furbush,750000,Charlie,Furbush,charlie,furbush,furbuch01
2014,SEA,Kyle Seager,540100,Kyle,Seager,kyle,seager,seageky01
2014,SEA,Tom Wilhelmsen,528800,Tom,Wilhelmsen,tom,wilhelmsen,wilheto01
2014,SEA,Yoervis Medina,512600,Yoervis,Medina,yoervis,medina,medinyo01
2014,SEA,Erasmo Ramirez,511800,Erasmo,Ramirez,erasmo,ramirez,ramirer01
2014,SEA,Danny Farquhar,510800,Danny,Farquhar,danny,farquhar,farquda01
2014,SEA,Nick Franklin,510200,Nick,Franklin,nick,franklin,frankni01
2014,SEA,Brad Miller,510100,Brad,Miller,brad,miller,millebr01
2014,SEA,Brandon Maurer,504600,Brandon,Maurer,brandon,maurer,maurebr01
2014,SEA,Mike Zunino,504100,Mike,Zunino,mike,zunino,zuninmi01
2014,SEA,James Paxton,503500,James,Paxton,james,paxton,patoja01
2015,SEA,Felix Hernandez,24857000,Felix,Hernandez,felix,hernandez,hernafe01
2015,SEA,Robinson Cano,24000000,Robinson,Cano,robinson,cano,canoro01
2015,SEA,Nelson Cruz,14250000,Nelson,Cruz,nelson,cruz,cruzne01
2015,SEA,Austin Jackson,7700000,Austin,Jackson,austin,jackson,jacksau01
2015,SEA,Hisashi Iwakuma,7000000,Hisashi,Iwakuma,hisashi,iwakuma,iwakuhi01
2015,SEA,Fernando Rodney,7000000,Fernando,Rodney,fernando,rodney,rodnefe01
2015,SEA,J. A. Happ,6700000,J. A.,Happ,ja,happ,happja01
2015,SEA,Seth Smith,6000000,Seth,Smith,seth,smith,smithse01
2015,SEA,Kyle Seager,4500000,Kyle,Seager,kyle,seager,seageky01
2015,SEA,Willie Bloomquist,3000000,Willie,Bloomquist,willie,bloomquist,bloomwi01
2015,SEA,Logan Morrison,2725000,Logan,Morrison,logan,morrison,morrilo01
2015,SEA,Dustin Ackley,2600000,Dustin,Ackley,dustin,ackley,ackledu01
2015,SEA,Justin Ruggiano,2505000,Justin,Ruggiano,justin,ruggiano,ruggiju01
2015,SEA,Rickie Weeks,2000000,Rickie,Weeks,rickie,weeks,weeksri01
2015,SEA,Tom Wilhelmsen,1400000,Tom,Wilhelmsen,tom,wilhelmsen,wilheto01
2015,SEA,Charlie Furbush,1300000,Charlie,Furbush,charlie,furbush,furbuch01
2015,SEA,Brad Miller,527600,Brad,Miller,brad,miller,millebr01
2015,SEA,Yoervis Medina,527300,Yoervis,Medina,yoervis,medina,medinyo01
2015,SEA,Danny Farquhar,527000,Danny,Farquhar,danny,farquhar,farquda01
2015,SEA,Mike Zunino,523500,Mike,Zunino,mike,zunino,zuninmi01
2015,SEA,James Paxton,519000,James,Paxton,james,paxton,patoja01
2015,SEA,Taijuan Walker,513100,Taijuan,Walker,taijuan,walker,walketa01
2015,SEA,Edgar Olmos,512500,Edgar,Olmos,edgar,olmos,olmosed01
2015,SEA,Chris Taylor,512400,Chris,Taylor,chris,taylor,tayloch03
2015,SEA,Jesus Sucre,509300,Jesus,Sucre,jesus,sucre,sucreje01
2016,SEA,Felix Hernandez,25857143,Felix,Hernandez,felix,hernandez,hernafe01
2016,SEA,Robinson Cano,24000000,Robinson,Cano,robinson,cano,canoro01
2016,SEA,Nelson Cruz,14250000,Nelson,Cruz,nelson,cruz,cruzne01
2016,SEA,Hisashi Iwakuma,10976096,Hisashi,Iwakuma,hisashi,iwakuma,iwakuhi01
2016,SEA,Adam Lind,8000000,Adam,Lind,adam,lind,lindad01
2016,SEA,Kyle Seager,8000000,Kyle,Seager,kyle,seager,seageky01
2016,SEA,Joaquin Benoit,7500000,Joaquin,Benoit,joaquin,benoit,benoijo01
2016,SEA,Seth Smith,6750000,Seth,Smith,seth,smith,smithse01
2016,SEA,Nori Aoki,5500000,Nori,Aoki,nori,aoki,aokino01
2016,SEA,Chris Iannetta,4250000,Chris,Iannetta,chris,iannetta,iannech01
2016,SEA,Leonys Martin,4150000,Leonys,Martin,leonys,martin,martile01
2016,SEA,Steve Cishek,4000000,Steve,Cishek,steve,cishek,cishest01
2016,SEA,Charlie Furbush,1600000,Charlie,Furbush,charlie,furbush,furbuch01
2016,SEA,Franklin Gutierrez,1500000,Franklin,Gutierrez,franklin,gutierrez,gutiefr01
2016,SEA,Joel Peralta,1250000,Joel,Peralta,joel,peralta,peraljo01
2016,SEA,Ryan Cook,1100000,Ryan,Cook,ryan,cook,cookry01
2016,SEA,Dae-ho Lee,1000000,Dae-ho,Lee,daeho,lee,leeda01
2016,SEA,Evan Scribner,807500,Evan,Scribner,evan,scribner,scribev01
2016,SEA,Vidal Nuno,532900,Vidal,Nuno,vidal,nuno,nunovi01
2016,SEA,Taijuan Walker,528600,Taijuan,Walker,taijuan,walker,walketa01
2016,SEA,Nick Vincent,525500,Nick,Vincent,nick,vincent,vinceni01
2016,SEA,Nate Karns,523700,Nate,Karns,nate,karns,karnsna01
2016,SEA,Steve Clevenger,516500,Steve,Clevenger,steve,clevenger,clevest01
2016,SEA,Ketel Marte,515400,Ketel,Marte,ketel,marte,marteke01
2016,SEA,Mike Montgomery,515000,Mike,Montgomery,mike,montgomery,montgmi01
2016,SEA,Luis Sardinas,512000,Luis,Sardinas,luis,sardinas,sardilu01
2016,SEA,Jesus Sucre,512000,Jesus,Sucre,jesus,sucre,sucreje01
2016,SEA,Tony Zych,511000,Tony,Zych,tony,zych,zychto01
2011,SF,Barry Zito,18500000,Barry,Zito,barry,zito,zitoba01
2011,SF,Tim Lincecum,14000000,Tim,Lincecum,tim,lincecum,linceti01
2011,SF,Aaron Rowand,13600000,Aaron,Rowand,aaron,rowand,rowanaa01
2011,SF,Aubrey Huff,10000000,Aubrey,Huff,aubrey,huff,huffau01
2011,SF,Matt Cain,7333333,Matt,Cain,matt,cain,cainma01
2011,SF,Miguel Tejada,6500000,Miguel,Tejada,miguel,tejada,tejadmi01
2011,SF,Brian Wilson,6500000,Brian,Wilson,brian,wilson,wilsobr01
2011,SF,Cody Ross,6300000,Cody,Ross,cody,ross,rossco01
2011,SF,Mark DeRosa,6000000,Mark,DeRosa,mark,derosa,derosma01
2011,SF,Freddy Sanchez,6000000,Freddy,Sanchez,freddy,sanchez,sanchfr01
2011,SF,Jonathan Sanchez,4800000,Jonathan,Sanchez,jonathan,sanchez,sanchjo01
2011,SF,Jeremy Affeldt,4500000,Jeremy,Affeldt,jeremy,affeldt,affelje01
2011,SF,Javier Lopez,2375000,Javier,Lopez,javier,lopez,lopezja01
2011,SF,Andres Torres,2200000,Andres,Torres,andres,torres,torrean01
2011,SF,Ramon Ramirez,1650000,Ramon,Ramirez,ramon,ramirez,ramirra01
2011,SF,Santiago Casilla,1300000,Santiago,Casilla,santiago,casilla,casilsa01
2011,SF,Mike Fontenot,1050000,Mike,Fontenot,mike,fontenot,fontemi01
2011,SF,Pat Burrell,1000000,Pat,Burrell,pat,burrell,burrepa01
2011,SF,Guillermo Mota,925000,Guillermo,Mota,guillermo,mota,motagu01
2011,SF,Buster Posey,575000,Buster,Posey,buster,posey,poseybu01
2011,SF,Pablo Sandoval,500000,Pablo,Sandoval,pablo,sandoval,sandopa01
2011,SF,Madison Bumgarner,450000,Madison,Bumgarner,madison,bumgarner,bumgama01
2011,SF,Sergio Romo,450000,Sergio,Romo,sergio,romo,romose01
2011,SF,Nate Schierholtz,432500,Nate,Schierholtz,nate,schierholtz,schiena01
2011,SF,Eli Whiteside,425000,Eli,Whiteside,eli,whiteside,whiteel04
2011,SF,Dan Runzler,418500,Dan,Runzler,dan,runzler,runzlda01
2011,SF,Brandon Belt,414000,Brandon,Belt,brandon,belt,beltbr01
2012,SF,Barry Zito,19000000,Barry,Zito,barry,zito,zitoba01
2012,SF,Tim Lincecum,18250000,Tim,Lincecum,tim,lincecum,linceti01
2012,SF,Matt Cain,15333333,Matt,Cain,matt,cain,cainma01
2012,SF,Aubrey Huff,10000000,Aubrey,Huff,aubrey,huff,huffau01
2012,SF,Brian Wilson,8500000,Brian,Wilson,brian,wilson,wilsobr01
2012,SF,Melky Cabrera,6000000,Melky,Cabrera,melky,cabrera,cabreme01
2012,SF,Freddy Sanchez,6000000,Freddy,Sanchez,freddy,sanchez,sanchfr01
2012,SF,Jeremy Affeldt,5000000,Jeremy,Affeldt,jeremy,affeldt,affelje01
2012,SF,Angel Pagan,4850000,Angel,Pagan,angel,pagan,paganan01
2012,SF,Javier Lopez,4250000,Javier,Lopez,javier,lopez,lopezja01
2012,SF,Pablo Sandoval,3200000,Pablo,Sandoval,pablo,sandoval,sandopa01
2012,SF,Ryan Vogelsong,3000000,Ryan,Vogelsong,ryan,vogelsong,vogelry01
2012,SF,Santiago Casilla,2200000,Santiago,Casilla,santiago,casilla,casilsa01
2012,SF,Sergio Romo,1575000,Sergio,Romo,sergio,romo,romose01
2012,SF,Nate Schierholtz,1300000,Nate,Schierholtz,nate,schierholtz,schiena01
2012,SF,Ryan Theriot,1250000,Ryan,Theriot,ryan,theriot,theriry01
2012,SF,Guillermo Mota,1000000,Guillermo,Mota,guillermo,mota,motagu01
2012,SF,Clay Hensley,750000,Clay,Hensley,clay,hensley,henslcl01
2012,SF,Emmanuel Burriss,625000,Emmanuel,Burriss,emmanuel,burriss,burriem01
2012,SF,Buster Posey,615000,Buster,Posey,buster,posey,poseybu01
2012,SF,Madison Bumgarner,560000,Madison,Bumgarner,madison,bumgarner,bumgama01
2012,SF,Gregor Blanco,516000,Gregor,Blanco,gregor,blanco,blancgr01
2012,SF,Dan Runzler,483000,Dan,Runzler,dan,runzler,runzlda01
2012,SF,George Kontos,481350,George,Kontos,george,kontos,kontoge01
2012,SF,Brandon Belt,481000,Brandon,Belt,brandon,belt,beltbr01
2012,SF,Brandon Crawford,481000,Brandon,Crawford,brandon,crawford,crawfbr01
2012,SF,Dan Otero,480000,Dan,Otero,dan,otero,oteroda01
2012,SF,Brett Pill,480000,Brett,Pill,brett,pill,pillbr01
2012,SF,Hector Sanchez,480000,Hector,Sanchez,hector,sanchez,sanchhe01
2012,SF,Eric Surkamp,480000,Eric,Surkamp,eric,surkamp,surkaer01
2013,SF,Tim Lincecum,22250000,Tim,Lincecum,tim,lincecum,linceti01
2013,SF,Matt Cain,20833333,Matt,Cain,matt,cain,cainma01
2013,SF,Barry Zito,20000000,Barry,Zito,barry,zito,zitoba01
2013,SF,Hunter Pence,13800000,Hunter,Pence,hunter,pence,pencehu01
2013,SF,Angel Pagan,8250000,Angel,Pagan,angel,pagan,paganan01
2013,SF,Buster Posey,8000000,Buster,Posey,buster,posey,poseybu01
2013,SF,Marco Scutaro,6666667,Marco,Scutaro,marco,scutaro,scutama01
2013,SF,Jeremy Affeldt,6000000,Jeremy,Affeldt,jeremy,affeldt,affelje01
2013,SF,Pablo Sandoval,5700000,Pablo,Sandoval,pablo,sandoval,sandopa01
2013,SF,Ryan Vogelsong,5000000,Ryan,Vogelsong,ryan,vogelsong,vogelry01
2013,SF,Javier Lopez,4250000,Javier,Lopez,javier,lopez,lopezja01
2013,SF,Santiago Casilla,4166667,Santiago,Casilla,santiago,casilla,casilsa01
2013,SF,Sergio Romo,3500000,Sergio,Romo,sergio,romo,romose01
2013,SF,Jose Mijares,1800000,Jose,Mijares,jose,mijares,mijarjo01
2013,SF,Andres Torres,1500000,Andres,Torres,andres,torres,torrean01
2013,SF,Gregor Blanco,1350000,Gregor,Blanco,gregor,blanco,blancgr01
2013,SF,Joaquin Arias,925000,Joaquin,Arias,joaquin,arias,ariasjo01
2013,SF,Madison Bumgarner,916667,Madison,Bumgarner,madison,bumgarner,bumgama01
2013,SF,Chad Gaudin,750000,Chad,Gaudin,chad,gaudin,gaudich01
2013,SF,Brandon Belt,531500,Brandon,Belt,brandon,belt,beltbr01
2013,SF,Brandon Crawford,530000,Brandon,Crawford,brandon,crawford,crawfbr01
2013,SF,Hector Sanchez,502500,Hector,Sanchez,hector,sanchez,sanchhe01
2013,SF,Tony Abreu,498000,Tony,Abreu,tony,abreu,abreuto01
2013,SF,George Kontos,494500,George,Kontos,george,kontos,kontoge01
2013,SF,Brett Pill,494000,Brett,Pill,brett,pill,pillbr01
2013,SF,Jean Machi,490500,Jean,Machi,jean,machi,machije01
2013,SF,Francisco Peguero,490500,Francisco,Peguero,francisco,peguero,peguefr01
2013,SF,Eric Surkamp,490500,Eric,Surkamp,eric,surkamp,surkaer01
2014,SF,Matt Cain,20000000,Matt,Cain,matt,cain,cainma01
2014,SF,Tim Lincecum,17000000,Tim,Lincecum,tim,lincecum,linceti01
2014,SF,Hunter Pence,16000000,Hunter,Pence,hunter,pence,pencehu01
2014,SF,Jake Peavy,14500000,Jake,Peavy,jake,peavy,peavyja01
2014,SF,Buster Posey,12500000,Buster,Posey,buster,posey,poseybu01
2014,SF,Tim Hudson,11000000,Tim,Hudson,tim,hudson,hudsoti01
2014,SF,Angel Pagan,10250000,Angel,Pagan,angel,pagan,paganan01
2014,SF,Pablo Sandoval,8250000,Pablo,Sandoval,pablo,sandoval,sandopa01
2014,SF,Marco Scutaro,6666667,Marco,Scutaro,marco,scutaro,scutama01
2014,SF,Jeremy Affeldt,6000000,Jeremy,Affeldt,jeremy,affeldt,affelje01
2014,SF,Mike Morse,6000000,Mike,Morse,mike,morse,morsemi01
2014,SF,Sergio Romo,5500000,Sergio,Romo,sergio,romo,romose01
2014,SF,Ryan Vogelsong,5000000,Ryan,Vogelsong,ryan,vogelsong,vogelry01
2014,SF,Santiago Casilla,4500000,Santiago,Casilla,santiago,casilla,casilsa01
2014,SF,Javier Lopez,4000000,Javier,Lopez,javier,lopez,lopezja01
2014,SF,Madison Bumgarner,3750000,Madison,Bumgarner,madison,bumgarner,bumgama01
2014,SF,Brandon Belt,2900000,Brandon,Belt,brandon,belt,beltbr01
2014,SF,Gregor Blanco,2525000,Gregor,Blanco,gregor,blanco,blancgr01
2014,SF,Joaquin Arias,1150000,Joaquin,Arias,joaquin,arias,ariasjo01
2014,SF,Tyler Colvin,1000000,Tyler,Colvin,tyler,colvin,colvity01
2014,SF,J. C. Gutierrez,850000,J. C.,Gutierrez,jc,gutierrez,gutiejc01
2014,SF,Yusmeiro Petit,845000,Yusmeiro,Petit,yusmeiro,petit,petityu01
2014,SF,Tony Abreu,745000,Tony,Abreu,tony,abreu,abreuto01
2014,SF,Brandon Crawford,560000,Brandon,Crawford,brandon,crawford,crawfbr01
2014,SF,Hector Sanchez,512000,Hector,Sanchez,hector,sanchez,sanchhe01
2014,SF,Jean Machi,505000,Jean,Machi,jean,machi,machije01
2014,SF,Juan Perez,501000,Juan,Perez,juan,perez,perezju01
2014,SF,Ehire Adrianza,500500,Ehire,Adrianza,ehire,adrianza,adriaeh01
2015,SF,Matt Cain,21000000,Matt,Cain,matt,cain,cainma01
2015,SF,Hunter Pence,18500000,Hunter,Pence,hunter,pence,pencehu01
2015,SF,Tim Lincecum,18000000,Tim,Lincecum,tim,lincecum,linceti01
2015,SF,Buster Posey,16500000,Buster,Posey,buster,posey,poseybu01
2015,SF,Tim Hudson,12000000,Tim,Hudson,tim,hudson,hudsoti01
2015,SF,Angel Pagan,10250000,Angel,Pagan,angel,pagan,paganan01
2015,SF,Jake Peavy,9000000,Jake,Peavy,jake,peavy,peavyja01
2015,SF,Madison Bumgarner,6750000,Madison,Bumgarner,madison,bumgarner,bumgama01
2015,SF,Jeremy Affeldt,6000000,Jeremy,Affeldt,jeremy,affeldt,affelje01
2015,SF,Sergio Romo,6000000,Sergio,Romo,sergio,romo,romose01
2015,SF,Santiago Casilla,5000000,Santiago,Casilla,santiago,casilla,casilsa01
2015,SF,Casey McGehee,4800000,Casey,McGehee,casey,mcgehee,mcgehca01
2015,SF,Nori Aoki,4000000,Nori,Aoki,nori,aoki,aokino01
2015,SF,Javier Lopez,4000000,Javier,Lopez,javier,lopez,lopezja01
2015,SF,Ryan Vogelsong,4000000,Ryan,Vogelsong,ryan,vogelsong,vogelry01
2015,SF,Brandon Belt,3600000,Brandon,Belt,brandon,belt,beltbr01
2015,SF,Gregor Blanco,3600000,Gregor,Blanco,gregor,blanco,blancgr01
2015,SF,Brandon Crawford,3175000,Brandon,Crawford,brandon,crawford,crawfbr01
2015,SF,Yusmeiro Petit,2100000,Yusmeiro,Petit,yusmeiro,petit,petityu01
2015,SF,Joaquin Arias,1450000,Joaquin,Arias,joaquin,arias,ariasjo01
2015,SF,Travis Ishikawa,1100000,Travis,Ishikawa,travis,ishikawa,ishiktr01
2015,SF,Justin Maxwell,1000000,Justin,Maxwell,justin,maxwell,maweju01
2015,SF,Hector Sanchez,800000,Hector,Sanchez,hector,sanchez,sanchhe01
2015,SF,Jean Machi,527500,Jean,Machi,jean,machi,machije01
2015,SF,Joe Panik,522500,Joe,Panik,joe,panik,panikjo01
2015,SF,George Kontos,517500,George,Kontos,george,kontos,kontoge01
2015,SF,Matt Duffy,509000,Matt,Duffy,matt,duffy,duffyma01
2016,SF,Matt Cain,20833333,Matt,Cain,matt,cain,cainma01
2016,SF,Buster Posey,20777778,Buster,Posey,buster,posey,poseybu01
2016,SF,Hunter Pence,18700000,Hunter,Pence,hunter,pence,pencehu01
2016,SF,Johnny Cueto,17500000,Johnny,Cueto,johnny,cueto,cuetojo01
2016,SF,Jake Peavy,15000000,Jake,Peavy,jake,peavy,peavyja01
2016,SF,Angel Pagan,11250000,Angel,Pagan,angel,pagan,paganan01
2016,SF,Jeff Samardzija,10800000,Jeff,Samardzija,jeff,samardzija,samarje01
2016,SF,Madison Bumgarner,9916667,Madison,Bumgarner,madison,bumgarner,bumgama01
2016,SF,Sergio Romo,9000000,Sergio,Romo,sergio,romo,romose01
2016,SF,Santiago Casilla,6500000,Santiago,Casilla,santiago,casilla,casilsa01
2016,SF,Brandon Belt,6200000,Brandon,Belt,brandon,belt,beltbr01
2016,SF,Brandon Crawford,6000000,Brandon,Crawford,brandon,crawford,crawfbr01
2016,SF,Javier Lopez,5000000,Javier,Lopez,javier,lopez,lopezja01
2016,SF,Denard Span,5000000,Denard,Span,denard,span,spande01
2016,SF,Gregor Blanco,3900000,Gregor,Blanco,gregor,blanco,blancgr01
2016,SF,George Kontos,1150000,George,Kontos,george,kontos,kontoge01
2016,SF,Cory Gearrin,550000,Cory,Gearrin,cory,gearrin,gearrco01
2016,SF,Joe Panik,545000,Joe,Panik,joe,panik,panikjo01
2016,SF,Matt Duffy,537500,Matt,Duffy,matt,duffy,duffyma01
2016,SF,Chris Heston,530000,Chris,Heston,chris,heston,hestoch01
2016,SF,Hunter Strickland,517500,Hunter,Strickland,hunter,strickland,strichu01
2016,SF,Ehire Adrianza,512500,Ehire,Adrianza,ehire,adrianza,adriaeh01
2016,SF,Josh Osich,512500,Josh,Osich,josh,osich,osichjo01
2016,SF,Kelby Tomlinson,512500,Kelby,Tomlinson,kelby,tomlinson,tomlike01
2016,SF,Trevor Brown,508500,Trevor,Brown,trevor,brown,browntr01
2011,STL,Matt Holliday,16317774,Matt,Holliday,matt,holliday,hollima01
2011,STL,Albert Pujols,14508395,Albert,Pujols,albert,pujols,pujolal01
2011,STL,Chris Carpenter,14259403,Chris,Carpenter,chris,carpenter,carpech01
2011,STL,Kyle Lohse,12187500,Kyle,Lohse,kyle,lohse,lohseky01
2011,STL,Lance Berkman,8000000,Lance,Berkman,lance,berkman,berkmla01
2011,STL,Jake Westbrook,8000000,Jake,Westbrook,jake,westbrook,westbja01
2011,STL,Adam Wainwright,6687500,Adam,Wainwright,adam,wainwright,wainwad01
2011,STL,Yadier Molina,5312500,Yadier,Molina,yadier,molina,molinya01
2011,STL,Ryan Theriot,3300000,Ryan,Theriot,ryan,theriot,theriry01
2011,STL,Ryan Franklin,3250000,Ryan,Franklin,ryan,franklin,frankry01
2011,STL,Skip Schumaker,2750000,Skip,Schumaker,skip,schumaker,schumsk01
2011,STL,Trever Miller,2000000,Trever,Miller,trever,miller,milletr01
2011,STL,Kyle McClellan,1375000,Kyle,McClellan,kyle,mcclellan,mccleky01
2011,STL,Gerald Laird,1000000,Gerald,Laird,gerald,laird,lairdge01
2011,STL,Miguel Batista,750000,Miguel,Batista,miguel,batista,batismi01
2011,STL,Nick Punto,750000,Nick,Punto,nick,punto,puntoni01
2011,STL,Brian Tallet,750000,Brian,Tallet,brian,tallet,tallebr01
2011,STL,Colby Rasmus,443000,Colby,Rasmus,colby,rasmus,rasmuco01
2011,STL,Jaime Garcia,437000,Jaime,Garcia,jaime,garcia,garcija01
2011,STL,Jason Motte,435000,Jason,Motte,jason,motte,motteja01
2011,STL,Mitchell Boggs,431000,Mitchell,Boggs,mitchell,boggs,boggsmi01
2011,STL,David Freese,416000,David,Freese,david,freese,freesda01
2011,STL,Jon Jay,416000,Jon,Jay,jon,jay,jayjo01
2011,STL,Tyler Greene,415500,Tyler,Greene,tyler,greene,greenty01
2011,STL,Bryan Augenstein,414000,Bryan,Augenstein,bryan,augenstein,augenbr01
2011,STL,Allen Craig,414000,Allen,Craig,allen,craig,craigal01
2011,STL,Daniel Descalso,414000,Daniel,Descalso,daniel,descalso,descada01
2012,STL,Matt Holliday,16292362,Matt,Holliday,matt,holliday,hollima01
2012,STL,Carlos Beltran,13000000,Carlos,Beltran,carlos,beltran,beltrca01
2012,STL,Kyle Lohse,12187500,Kyle,Lohse,kyle,lohse,lohseky01
2012,STL,Lance Berkman,12000000,Lance,Berkman,lance,berkman,berkmla01
2012,STL,Adam Wainwright,9000000,Adam,Wainwright,adam,wainwright,wainwad01
2012,STL,Chris Carpenter,8500000,Chris,Carpenter,chris,carpenter,carpech01
2012,STL,Jake Westbrook,8500000,Jake,Westbrook,jake,westbrook,westbja01
2012,STL,Yadier Molina,7000000,Yadier,Molina,yadier,molina,molinya01
2012,STL,Rafael Furcal,6500000,Rafael,Furcal,rafael,furcal,furcara01
2012,STL,Jaime Garcia,3375000,Jaime,Garcia,jaime,garcia,garcija01
2012,STL,Kyle McClellan,2500000,Kyle,McClellan,kyle,mcclellan,mccleky01
2012,STL,Jason Motte,1950000,Jason,Motte,jason,motte,motteja01
2012,STL,Skip Schumaker,1500000,Skip,Schumaker,skip,schumaker,schumsk01
2012,STL,Scott Linebrink,850000,Scott,Linebrink,scott,linebrink,linebsc01
2012,STL,J. C. Romero,750000,J. C.,Romero,jc,romero,romerjc01
2012,STL,David Freese,508000,David,Freese,david,freese,freesda01
2012,STL,Mitchell Boggs,506000,Mitchell,Boggs,mitchell,boggs,boggsmi01
2012,STL,Jon Jay,504000,Jon,Jay,jon,jay,jayjo01
2012,STL,Marc Rzepczynski,504000,Marc,Rzepczynski,marc,rzepczynski,rzepcma01
2012,STL,Fernando Salas,498000,Fernando,Salas,fernando,salas,salasfe01
2012,STL,Allen Craig,495000,Allen,Craig,allen,craig,craigal01
2012,STL,Daniel Descalso,495000,Daniel,Descalso,daniel,descalso,descada01
2012,STL,Tyler Greene,483000,Tyler,Greene,tyler,greene,greenty01
2012,STL,Lance Lynn,482000,Lance,Lynn,lance,lynn,lynnla01
2012,STL,Tony Cruz,481000,Tony,Cruz,tony,cruz,cruzto01
2012,STL,Matt Carpenter,480000,Matt,Carpenter,matt,carpenter,carpema01
2012,STL,Erik Komatsu,480000,Erik,Komatsu,erik,komatsu,komater01
2012,STL,Shane Robinson,480000,Shane,Robinson,shane,robinson,robinsh01
2013,STL,Matt Holliday,16272110,Matt,Holliday,matt,holliday,hollima01
2013,STL,Yadier Molina,14200000,Yadier,Molina,yadier,molina,molinya01
2013,STL,Carlos Beltran,13000000,Carlos,Beltran,carlos,beltran,beltrca01
2013,STL,Adam Wainwright,12000000,Adam,Wainwright,adam,wainwright,wainwad01
2013,STL,Jake Westbrook,8750000,Jake,Westbrook,jake,westbrook,westbja01
2013,STL,Jaime Garcia,5875000,Jaime,Garcia,jaime,garcia,garcija01
2013,STL,Edward Mujica,3200000,Edward,Mujica,edward,mujica,mujiced01
2013,STL,David Freese,3150000,David,Freese,david,freese,freesda01
2013,STL,Ty Wigginton,2500000,Ty,Wigginton,ty,wigginton,wiggity01
2013,STL,Allen Craig,1750000,Allen,Craig,allen,craig,craigal01
2013,STL,Randy Choate,1500000,Randy,Choate,randy,choate,choatra01
2013,STL,Mitchell Boggs,1475000,Mitchell,Boggs,mitchell,boggs,boggsmi01
2013,STL,Marc Rzepczynski,1100000,Marc,Rzepczynski,marc,rzepczynski,rzepcma01
2013,STL,Jon Jay,524000,Jon,Jay,jon,jay,jayjo01
2013,STL,Lance Lynn,513000,Lance,Lynn,lance,lynn,lynnla01
2013,STL,Fernando Salas,512000,Fernando,Salas,fernando,salas,salasfe01
2013,STL,Daniel Descalso,511000,Daniel,Descalso,daniel,descalso,descada01
2013,STL,Matt Carpenter,504000,Matt,Carpenter,matt,carpenter,carpema01
2013,STL,Tony Cruz,503000,Tony,Cruz,tony,cruz,cruzto01
2013,STL,Shane Robinson,498000,Shane,Robinson,shane,robinson,robinsh01
2013,STL,Joe Kelly,493000,Joe,Kelly,joe,kelly,kellyjo01
2013,STL,Matt Adams,490000,Matt,Adams,matt,adams,adamsma01
2013,STL,Adron Chambers,490000,Adron,Chambers,adron,chambers,chambad01
2013,STL,Maikel Cleto,490000,Maikel,Cleto,maikel,cleto,cletoma01
2013,STL,Ryan Jackson,490000,Ryan,Jackson,ryan,jackson,jacksry01
2013,STL,Pete Kozma,490000,Pete,Kozma,pete,kozma,kozmape01
2013,STL,Shelby Miller,490000,Shelby,Miller,shelby,miller,millesh01
2013,STL,Trevor Rosenthal,490000,Trevor,Rosenthal,trevor,rosenthal,rosentr01
2014,STL,Adam Wainwright,19500000,Adam,Wainwright,adam,wainwright,wainwad01
2014,STL,Matt Holliday,17000000,Matt,Holliday,matt,holliday,hollima01
2014,STL,Jhonny Peralta,15500000,Jhonny,Peralta,jhonny,peralta,peraljh01
2014,STL,John Lackey,15250000,John,Lackey,john,lackey,lackejo01
2014,STL,Yadier Molina,15000000,Yadier,Molina,yadier,molina,molinya01
2014,STL,Jaime Garcia,7750000,Jaime,Garcia,jaime,garcia,garcija01
2014,STL,Jason Motte,7500000,Jason,Motte,jason,motte,motteja01
2014,STL,Mark Ellis,5250000,Mark,Ellis,mark,ellis,ellisma01
2014,STL,Jon Jay,3250000,Jon,Jay,jon,jay,jayjo01
2014,STL,Randy Choate,3000000,Randy,Choate,randy,choate,choatra01
2014,STL,Daniel Descalso,1290000,Daniel,Descalso,daniel,descalso,descada01
2014,STL,Peter Bourjos,1200000,Peter,Bourjos,peter,bourjos,bourjpe01
2014,STL,Matt Carpenter,1000000,Matt,Carpenter,matt,carpenter,carpema01
2014,STL,Pat Neshek,1000000,Pat,Neshek,pat,neshek,neshepa01
2014,STL,Lance Lynn,535000,Lance,Lynn,lance,lynn,lynnla01
2014,STL,Joe Kelly,523000,Joe,Kelly,joe,kelly,kellyjo01
2014,STL,Tony Cruz,521000,Tony,Cruz,tony,cruz,cruzto01
2014,STL,Shelby Miller,521000,Shelby,Miller,shelby,miller,millesh01
2014,STL,Trevor Rosenthal,521000,Trevor,Rosenthal,trevor,rosenthal,rosentr01
2014,STL,Shane Robinson,519000,Shane,Robinson,shane,robinson,robinsh01
2014,STL,Pete Kozma,518000,Pete,Kozma,pete,kozma,kozmape01
2014,STL,Matt Adams,516000,Matt,Adams,matt,adams,adamsma01
2014,STL,Michael Wacha,510000,Michael,Wacha,michael,wacha,wachami01
2014,STL,Seth Maness,509000,Seth,Maness,seth,maness,manesse01
2014,STL,Carlos Martinez,505000,Carlos,Martinez,carlos,martinez,martica01
2014,STL,Kevin Siegrist,505000,Kevin,Siegrist,kevin,siegrist,siegrke01
2014,STL,Keith Butler,500000,Keith,Butler,keith,butler,butleke01
2014,STL,Kolten Wong,500000,Kolten,Wong,kolten,wong,wongko01
2015,STL,Adam Wainwright,19500000,Adam,Wainwright,adam,wainwright,wainwad01
2015,STL,Matt Holliday,17000000,Matt,Holliday,matt,holliday,hollima01
2015,STL,Yadier Molina,15000000,Yadier,Molina,yadier,molina,molinya01
2015,STL,Jhonny Peralta,15000000,Jhonny,Peralta,jhonny,peralta,peraljh01
2015,STL,Jaime Garcia,9250000,Jaime,Garcia,jaime,garcia,garcija01
2015,STL,Jason Heyward,7800000,Jason,Heyward,jason,heyward,heywaja01
2015,STL,Lance Lynn,7000000,Lance,Lynn,lance,lynn,lynnla01
2015,STL,Jon Jay,4125000,Jon,Jay,jon,jay,jayjo01
2015,STL,Matt Carpenter,3750000,Matt,Carpenter,matt,carpenter,carpema01
2015,STL,Matt Belisle,3500000,Matt,Belisle,matt,belisle,belisma01
2015,STL,Randy Choate,3000000,Randy,Choate,randy,choate,choatra01
2015,STL,Jordan Walden,2675000,Jordan,Walden,jordan,walden,waldejo01
2015,STL,Mark Reynolds,2000000,Mark,Reynolds,mark,reynolds,reynoma01
2015,STL,Carlos Villanueva,2000000,Carlos,Villanueva,carlos,villanueva,villaca01
2015,STL,Peter Bourjos,1650000,Peter,Bourjos,peter,bourjos,bourjpe01
2015,STL,Tony Cruz,775000,Tony,Cruz,tony,cruz,cruzto01
2015,STL,Trevor Rosenthal,535000,Trevor,Rosenthal,trevor,rosenthal,rosentr01
2015,STL,Matt Adams,534000,Matt,Adams,matt,adams,adamsma01
2015,STL,Seth Maness,530000,Seth,Maness,seth,maness,manesse01
2015,STL,Pete Kozma,522000,Pete,Kozma,pete,kozma,kozmape01
2015,STL,Carlos Martinez,520000,Carlos,Martinez,carlos,martinez,martica01
2015,STL,Michael Wacha,520000,Michael,Wacha,michael,wacha,wachami01
2015,STL,Kolten Wong,520000,Kolten,Wong,kolten,wong,wongko01
2015,STL,Kevin Siegrist,518000,Kevin,Siegrist,kevin,siegrist,siegrke01
2015,STL,Randal Grichuk,510000,Randal,Grichuk,randal,grichuk,grichra01
2015,STL,John Lackey,507500,John,Lackey,john,lackey,lackejo01
2016,STL,Adam Wainwright,19500000,Adam,Wainwright,adam,wainwright,wainwad01
2016,STL,Matt Holliday,17000000,Matt,Holliday,matt,holliday,hollima01
2016,STL,Yadier Molina,14200000,Yadier,Molina,yadier,molina,molinya01
2016,STL,Jhonny Peralta,12500000,Jhonny,Peralta,jhonny,peralta,peraljh01
2016,STL,Mike Leake,12000000,Mike,Leake,mike,leake,leakemi01
2016,STL,Jaime Garcia,11500000,Jaime,Garcia,jaime,garcia,garcija01
2016,STL,Brandon Moss,8250000,Brandon,Moss,brandon,moss,mossbr01
2016,STL,Lance Lynn,7500000,Lance,Lynn,lance,lynn,lynnla01
2016,STL,Matt Carpenter,6500000,Matt,Carpenter,matt,carpenter,carpema01
2016,STL,Trevor Rosenthal,5600000,Trevor,Rosenthal,trevor,rosenthal,rosentr01
2016,STL,Jedd Gyorko,4000000,Jedd,Gyorko,jedd,gyorko,gyorkje01
2016,STL,Jonathan Broxton,3750000,Jonathan,Broxton,jonathan,broxton,brotjo01
2016,STL,Jordan Walden,3675000,Jordan,Walden,jordan,walden,waldejo01
2016,STL,Seunghwan Oh,2500000,Seunghwan,Oh,seunghwan,oh,ohse01
2016,STL,Brayan Pena,2500000,Brayan,Pena,brayan,pena,penabr01
2016,STL,Matt Adams,1650000,Matt,Adams,matt,adams,adamsma01
2016,STL,Ruben Tejada,1500000,Ruben,Tejada,ruben,tejada,tejadru01
2016,STL,Seth Maness,1400000,Seth,Maness,seth,maness,manesse01
2016,STL,Kolten Wong,1250000,Kolten,Wong,kolten,wong,wongko01
2016,STL,Eric Fryer,575000,Eric,Fryer,eric,fryer,fryerer01
2016,STL,Carlos Martinez,539000,Carlos,Martinez,carlos,martinez,martica01
2016,STL,Kevin Siegrist,539000,Kevin,Siegrist,kevin,siegrist,siegrke01
2016,STL,Michael Wacha,539000,Michael,Wacha,michael,wacha,wachami01
2016,STL,Randal Grichuk,520000,Randal,Grichuk,randal,grichuk,grichra01
2016,STL,Tyler Lyons,512500,Tyler,Lyons,tyler,lyons,lyonsty01
2016,STL,Stephen Piscotty,512500,Stephen,Piscotty,stephen,piscotty,piscost01
2016,STL,Tommy Pham,510000,Tommy,Pham,tommy,pham,phamto01
2016,STL,Mitch Harris,509000,Mitch,Harris,mitch,harris,harrimi04
2016,STL,Matthew Bowman,507500,Matthew,Bowman,matthew,bowman,bowmama01
2016,STL,Greg Garcia,507500,Greg,Garcia,greg,garcia,garcigr01
2016,STL,Jeremy Hazelbaker,507500,Jeremy,Hazelbaker,jeremy,hazelbaker,hazelje01
2011,TB,Johnny Damon,5250000,Johnny,Damon,johnny,damon,damonjo01
2011,TB,B. J. Upton,4825000,B. J.,Upton,bj,upton,uptonbj01
2011,TB,Ben Zobrist,4687300,Ben,Zobrist,ben,zobrist,zobribe01
2011,TB,James Shields,4250000,James,Shields,james,shields,shielja01
2011,TB,Kelly Shoppach,3000000,Kelly,Shoppach,kelly,shoppach,shoppke01
2011,TB,Kyle Farnsworth,2600000,Kyle,Farnsworth,kyle,farnsworth,farnsky01
2011,TB,David Price,2084671,David,Price,david,price,priceda01
2011,TB,Manny Ramirez,2020000,Manny,Ramirez,manny,ramirez,ramirma01
2011,TB,Evan Longoria,2000000,Evan,Longoria,evan,longoria,longoev01
2011,TB,J. P. Howell,1100000,J. P.,Howell,jp,howell,howeljp01
2011,TB,Dan Johnson,1000000,Dan,Johnson,dan,johnson,johnsda01
2011,TB,Joel Peralta,925000,Joel,Peralta,joel,peralta,peraljo01
2011,TB,Andy Sonnanstine,912500,Andy,Sonnanstine,andy,sonnanstine,sonnaan01
2011,TB,Jeff Niemann,903000,Jeff,Niemann,jeff,niemann,niemaje01
2011,TB,Juan Cruz,850000,Juan,Cruz,juan,cruz,cruzju01
2011,TB,Wade Davis,434100,Wade,Davis,wade,davis,daviswa01
2011,TB,Sean Rodriguez,428600,Sean,Rodriguez,sean,rodriguez,rodrise01
2011,TB,John Jaso,427200,John,Jaso,john,jaso,jasojo01
2011,TB,Matt Joyce,426500,Matt,Joyce,matt,joyce,joycema01
2011,TB,Reid Brignac,425400,Reid,Brignac,reid,brignac,brignre01
2011,TB,Adam Russell,420800,Adam,Russell,adam,russell,russead01
2011,TB,Jeremy Hellickson,418400,Jeremy,Hellickson,jeremy,hellickson,hellije01
2011,TB,Sam Fuld,418300,Sam,Fuld,sam,fuld,fuldsa01
2011,TB,Cesar Ramos,416700,Cesar,Ramos,cesar,ramos,ramosce01
2011,TB,Jake McGee,415200,Jake,McGee,jake,mcgee,mcgeeja01
2011,TB,Elliot Johnson,414900,Elliot,Johnson,elliot,johnson,johnsel01
2012,TB,James Shields,8000000,James,Shields,james,shields,shielja01
2012,TB,Carlos Pena,7250000,Carlos,Pena,carlos,pena,penaca01
2012,TB,B. J. Upton,7000000,B. J.,Upton,bj,upton,uptonbj01
2012,TB,Luke Scott,5000000,Luke,Scott,luke,scott,scottlu01
2012,TB,Ben Zobrist,4687300,Ben,Zobrist,ben,zobrist,zobribe01
2012,TB,Evan Longoria,4500000,Evan,Longoria,evan,longoria,longoev01
2012,TB,David Price,4350000,David,Price,david,price,priceda01
2012,TB,Kyle Farnsworth,3300000,Kyle,Farnsworth,kyle,farnsworth,farnsky01
2012,TB,Jeff Niemann,2750000,Jeff,Niemann,jeff,niemann,niemaje01
2012,TB,Joel Peralta,2175000,Joel,Peralta,joel,peralta,peraljo01
2012,TB,Fernando Rodney,1750000,Fernando,Rodney,fernando,rodney,rodnefe01
2012,TB,Jeff Keppinger,1525000,Jeff,Keppinger,jeff,keppinger,keppije01
2012,TB,Wade Davis,1500000,Wade,Davis,wade,davis,daviswa01
2012,TB,Jose Molina,1500000,Jose,Molina,jose,molina,molinjo01
2012,TB,J. P. Howell,1350000,J. P.,Howell,jp,howell,howeljp01
2012,TB,Matt Moore,1100000,Matt,Moore,matt,moore,moorema01
2012,TB,Burke Badenhop,1075000,Burke,Badenhop,burke,badenhop,badenbu01
2012,TB,Matt Joyce,499500,Matt,Joyce,matt,joyce,joycema01
2012,TB,Sean Rodriguez,492800,Sean,Rodriguez,sean,rodriguez,rodrise01
2012,TB,Reid Brignac,490600,Reid,Brignac,reid,brignac,brignre01
2012,TB,Jeremy Hellickson,489500,Jeremy,Hellickson,jeremy,hellickson,hellije01
2012,TB,Sam Fuld,489400,Sam,Fuld,sam,fuld,fuldsa01
2012,TB,Desmond Jennings,486900,Desmond,Jennings,desmond,jennings,jennide01
2012,TB,Elliot Johnson,486100,Elliot,Johnson,elliot,johnson,johnsel01
2012,TB,Jake McGee,484200,Jake,McGee,jake,mcgee,mcgeeja01
2012,TB,Jose Lobaton,481500,Jose,Lobaton,jose,lobaton,lobatjo01
2012,TB,Robinson Chirinos,480700,Robinson,Chirinos,robinson,chirinos,chiriro01
2012,TB,Stephen Vogt,480000,Stephen,Vogt,stephen,vogt,vogtst01
2013,TB,David Price,9831954,David,Price,david,price,priceda01
2013,TB,Ben Zobrist,5687300,Ben,Zobrist,ben,zobrist,zobribe01
2013,TB,Yunel Escobar,5000000,Yunel,Escobar,yunel,escobar,escobyu01
2013,TB,Roberto Hernandez,3250000,Roberto,Hernandez,roberto,hernandez,hernaro01
2013,TB,Joel Peralta,3000000,Joel,Peralta,joel,peralta,peraljo01
2013,TB,Ryan Roberts,2950000,Ryan,Roberts,ryan,roberts,roberry01
2013,TB,Luke Scott,2750000,Luke,Scott,luke,scott,scottlu01
2013,TB,Evan Longoria,2500018,Evan,Longoria,evan,longoria,longoev01
2013,TB,Fernando Rodney,2500000,Fernando,Rodney,fernando,rodney,rodnefe01
2013,TB,Kelly Johnson,2450000,Kelly,Johnson,kelly,johnson,johnske01
2013,TB,Matt Joyce,2450000,Matt,Joyce,matt,joyce,joycema01
2013,TB,James Loney,2000000,James,Loney,james,loney,loneyja01
2013,TB,Jose Molina,1500000,Jose,Molina,jose,molina,molinjo01
2013,TB,Kyle Farnsworth,1250000,Kyle,Farnsworth,kyle,farnsworth,farnsky01
2013,TB,Matt Moore,1100000,Matt,Moore,matt,moore,moorema01
2013,TB,Sean Rodriguez,1000000,Sean,Rodriguez,sean,rodriguez,rodrise01
2013,TB,Sam Fuld,725000,Sam,Fuld,sam,fuld,fuldsa01
2013,TB,Jake McGee,506200,Jake,McGee,jake,mcgee,mcgeeja01
2013,TB,Jeremy Hellickson,503000,Jeremy,Hellickson,jeremy,hellickson,hellije01
2013,TB,Alex Cobb,502200,Alex,Cobb,alex,cobb,cobbal01
2013,TB,Desmond Jennings,501800,Desmond,Jennings,desmond,jennings,jennide01
2013,TB,Cesar Ramos,501300,Cesar,Ramos,cesar,ramos,ramosce01
2013,TB,Alex Torres,496500,Alex,Torres,alex,torres,torreal01
2014,TB,David Price,14000000,David,Price,david,price,priceda01
2014,TB,Heath Bell,9000000,Heath,Bell,heath,bell,bellhe01
2014,TB,Evan Longoria,7500000,Evan,Longoria,evan,longoria,longoev01
2014,TB,Ben Zobrist,7000000,Ben,Zobrist,ben,zobrist,zobribe01
2014,TB,Yunel Escobar,5000000,Yunel,Escobar,yunel,escobar,escobyu01
2014,TB,David DeJesus,4250000,David,DeJesus,david,dejesus,dejesda01
2014,TB,Grant Balfour,4000000,Grant,Balfour,grant,balfour,balfogr01
2014,TB,Matt Joyce,3700000,Matt,Joyce,matt,joyce,joycema01
2014,TB,Joel Peralta,3000000,Joel,Peralta,joel,peralta,peraljo01
2014,TB,Ryan Hanigan,2750000,Ryan,Hanigan,ryan,hanigan,hanigry01
2014,TB,Jose Molina,1750000,Jose,Molina,jose,molina,molinjo01
2014,TB,Juan Carlos Oviedo,1500000,Juan Carlos,Oviedo,juancarlos,oviedo,oviedju01
2014,TB,Sean Rodriguez,1475000,Sean,Rodriguez,sean,rodriguez,rodrise01
2014,TB,Jake McGee,1450000,Jake,McGee,jake,mcgee,mcgeeja01
2014,TB,James Loney,1000000,James,Loney,james,loney,loneyja01
2014,TB,Cesar Ramos,750000,Cesar,Ramos,cesar,ramos,ramosce01
2014,TB,Desmond Jennings,517000,Desmond,Jennings,desmond,jennings,jennide01
2014,TB,Alex Cobb,516900,Alex,Cobb,alex,cobb,cobbal01
2014,TB,Logan Forsythe,509700,Logan,Forsythe,logan,forsythe,forsylo01
2014,TB,Brandon Gomes,507800,Brandon,Gomes,brandon,gomes,gomesbr01
2014,TB,Josh Lueke,504200,Josh,Lueke,josh,lueke,luekejo01
2014,TB,Wil Myers,504200,Wil,Myers,wil,myers,myerswi01
2014,TB,Jake Odorizzi,503100,Jake,Odorizzi,jake,odorizzi,odorija01
2014,TB,Brandon Guyer,501200,Brandon,Guyer,brandon,guyer,guyerbr01
2014,TB,Chris Archer,500000,Chris,Archer,chris,archer,archech01
2015,TB,Evan Longoria,11000000,Evan,Longoria,evan,longoria,longoev01
2015,TB,James Loney,8666666,James,Loney,james,loney,loneyja01
2015,TB,Asdrubal Cabrera,7500000,Asdrubal,Cabrera,asdrubal,cabrera,cabreas01
2015,TB,David DeJesus,5000000,David,DeJesus,david,dejesus,dejesda01
2015,TB,Jake McGee,3550000,Jake,McGee,jake,mcgee,mcgeeja01
2015,TB,John Jaso,3175000,John,Jaso,john,jaso,jasojo01
2015,TB,Desmond Jennings,3100000,Desmond,Jennings,desmond,jennings,jennide01
2015,TB,Kevin Jepsen,3025000,Kevin,Jepsen,kevin,jepsen,jepseke01
2015,TB,Matt Moore,3000000,Matt,Moore,matt,moore,moorema01
2015,TB,Drew Smyly,2650000,Drew,Smyly,drew,smyly,smylydr01
2015,TB,Wesley Wright,1700000,Wesley,Wright,wesley,wright,wrighwe01
2015,TB,Rene Rivera,1200000,Rene,Rivera,rene,rivera,riverre01
2015,TB,Chris Archer,1166667,Chris,Archer,chris,archer,archech01
2015,TB,Logan Forsythe,1100000,Logan,Forsythe,logan,forsythe,forsylo01
2015,TB,Nick Franklin,1021800,Nick,Franklin,nick,franklin,frankni01
2015,TB,Ernesto Frieri,800000,Ernesto,Frieri,ernesto,frieri,frierer01
2015,TB,Bobby Wilson,700000,Bobby,Wilson,bobby,wilson,wilsobo01
2015,TB,Erasmo Ramirez,522800,Erasmo,Ramirez,erasmo,ramirez,ramirer01
2015,TB,Jake Odorizzi,522000,Jake,Odorizzi,jake,odorizzi,odorija01
2015,TB,Brad Boxberger,521400,Brad,Boxberger,brad,boxberger,bobebr01
2015,TB,Brandon Guyer,515800,Brandon,Guyer,brandon,guyer,guyerbr01
2015,TB,Kevin Kiermaier,513800,Kevin,Kiermaier,kevin,kiermaier,kiermke01
2015,TB,Jeff Beliveau,513600,Jeff,Beliveau,jeff,beliveau,belivje01
2015,TB,Kirby Yates,512800,Kirby,Yates,kirby,yates,yateski01
2015,TB,Alex Colome,510800,Alex,Colome,alex,colome,colomal01
2015,TB,Nate Karns,508800,Nate,Karns,nate,karns,karnsna01
2015,TB,Steven Souza,508700,Steven,Souza,steven,souza,souzast01
2015,TB,Tim Beckham,508100,Tim,Beckham,tim,beckham,beckhti01
2015,TB,Matt Andriese,507500,Matt,Andriese,matt,andriese,andrima01
2016,TB,Evan Longoria,12600018,Evan,Longoria,evan,longoria,longoev01
2016,TB,Matt Moore,5100000,Matt,Moore,matt,moore,moorema01
2016,TB,Steve Pearce,4750000,Steve,Pearce,steve,pearce,pearcst01
2016,TB,Logan Morrison,4200000,Logan,Morrison,logan,morrison,morrilo01
2016,TB,Alex Cobb,4000000,Alex,Cobb,alex,cobb,cobbal01
2016,TB,Drew Smyly,3750000,Drew,Smyly,drew,smyly,smylydr01
2016,TB,Desmond Jennings,3300000,Desmond,Jennings,desmond,jennings,jennide01
2016,TB,Chris Archer,2916667,Chris,Archer,chris,archer,archech01
2016,TB,Erasmo Ramirez,2375000,Erasmo,Ramirez,erasmo,ramirez,ramirer01
2016,TB,Logan Forsythe,2250000,Logan,Forsythe,logan,forsythe,forsylo01
2016,TB,Hank Conger,1500000,Hank,Conger,hank,conger,congeha01
2016,TB,Brandon Guyer,1185000,Brandon,Guyer,brandon,guyer,guyerbr01
2016,TB,Ryan Webb,1000000,Ryan,Webb,ryan,webb,webbry01
2016,TB,Dana Eveland,895000,Dana,Eveland,dana,eveland,evelada01
2016,TB,Brad Miller,527600,Brad,Miller,brad,miller,millebr01
2016,TB,Danny Farquhar,527000,Danny,Farquhar,danny,farquhar,farquda01
2016,TB,Chase Whitley,524525,Chase,Whitley,chase,whitley,whitlch01
2016,TB,Xavier Cedeno,524100,Xavier,Cedeno,xavier,cedeno,cedena01
2016,TB,Corey Dickerson,522900,Corey,Dickerson,corey,dickerson,dickeco01
2016,TB,Alex Colome,521700,Alex,Colome,alex,colome,colomal01
2016,TB,Jake Odorizzi,520700,Jake,Odorizzi,jake,odorizzi,odorija01
2016,TB,Steve Geltz,519300,Steve,Geltz,steve,geltz,geltzst01
2016,TB,Brad Boxberger,519200,Brad,Boxberger,brad,boxberger,bobebr01
2016,TB,Steven Souza,516100,Steven,Souza,steven,souza,souzast01
2016,TB,Tim Beckham,514500,Tim,Beckham,tim,beckham,beckhti01
2016,TB,Kevin Kiermaier,514400,Kevin,Kiermaier,kevin,kiermaier,kiermke01
2016,TB,Curt Casali,513600,Curt,Casali,curt,casali,casalcu01
2016,TB,Enny Romero,510000,Enny,Romero,enny,romero,romeren01
2011,TEX,Michael Young,16174974,Michael,Young,michael,young,youngmi01
2011,TEX,Adrian Beltre,14000000,Adrian,Beltre,adrian,beltre,beltrad01
2011,TEX,Josh Hamilton,8750000,Josh,Hamilton,josh,hamilton,hamiljo01
2011,TEX,C. J. Wilson,7000000,C. J.,Wilson,cj,wilson,wilsocj01
2011,TEX,Ian Kinsler,6200000,Ian,Kinsler,ian,kinsler,kinslia01
2011,TEX,Mike Napoli,5800000,Mike,Napoli,mike,napoli,napolmi01
2011,TEX,Scott Feldman,4400000,Scott,Feldman,scott,feldman,feldmsc01
2011,TEX,Arthur Rhodes,3900000,Arthur,Rhodes,arthur,rhodes,rhodear01
2011,TEX,Nelson Cruz,3650000,Nelson,Cruz,nelson,cruz,cruzne01
2011,TEX,Darren Oliver,3250000,Darren,Oliver,darren,oliver,oliveda01
2011,TEX,Yorvit Torrealba,3000000,Yorvit,Torrealba,yorvit,torrealba,torreyo01
2011,TEX,Brandon Webb,3000000,Brandon,Webb,brandon,webb,webbbr01
2011,TEX,David Murphy,2400000,David,Murphy,david,murphy,murphda01
2011,TEX,Colby Lewis,2000000,Colby,Lewis,colby,lewis,lewisco01
2011,TEX,Darren O'Day,1251000,Darren,O'Day,darren,oday,odayda01
2011,TEX,Mark Lowe,1200000,Mark,Lowe,mark,lowe,lowema01
2011,TEX,Dave Bush,1000000,Dave,Bush,dave,bush,bushda01
2011,TEX,Andres Blanco,520000,Andres,Blanco,andres,blanco,blancan01
2011,TEX,Julio Borbon,490000,Julio,Borbon,julio,borbon,borboju01
2011,TEX,Neftali Feliz,457160,Neftali,Feliz,neftali,feliz,felizne01
2011,TEX,Elvis Andrus,452180,Elvis,Andrus,elvis,andrus,andruel01
2011,TEX,Tommy Hunter,442160,Tommy,Hunter,tommy,hunter,hunteto01
2011,TEX,Derek Holland,431810,Derek,Holland,derek,holland,hollade01
2011,TEX,Alexi Ogando,430150,Alexi,Ogando,alexi,ogando,ogandal01
2011,TEX,Matt Harrison,428830,Matt,Harrison,matt,harrison,harrima01
2011,TEX,Mitch Moreland,426000,Mitch,Moreland,mitch,moreland,morelmi01
2011,TEX,Pedro Strop,416000,Pedro,Strop,pedro,strop,stroppe01
2011,TEX,Omar Beltre,415000,Omar,Beltre,omar,beltre,beltrom01
2011,TEX,Mason Tobin,414000,Mason,Tobin,mason,tobin,tobinma01
2012,TEX,Michael Young,16174974,Michael,Young,michael,young,youngmi01
2012,TEX,Josh Hamilton,15250000,Josh,Hamilton,josh,hamilton,hamiljo01
2012,TEX,Adrian Beltre,15000000,Adrian,Beltre,adrian,beltre,beltrad01
2012,TEX,Mike Napoli,9400000,Mike,Napoli,mike,napoli,napolmi01
2012,TEX,Ian Kinsler,7200000,Ian,Kinsler,ian,kinsler,kinslia01
2012,TEX,Joe Nathan,7000000,Joe,Nathan,joe,nathan,nathajo01
2012,TEX,Scott Feldman,6500000,Scott,Feldman,scott,feldman,feldmsc01
2012,TEX,Nelson Cruz,6250000,Nelson,Cruz,nelson,cruz,cruzne01
2012,TEX,Yu Darvish,5500000,Yu,Darvish,yu,darvish,darviyu01
2012,TEX,Mike Adams,4400000,Mike,Adams,mike,adams,adamsmi01
2012,TEX,Colby Lewis,4000000,Colby,Lewis,colby,lewis,lewisco01
2012,TEX,Koji Uehara,4000000,Koji,Uehara,koji,uehara,ueharko01
2012,TEX,David Murphy,3625000,David,Murphy,david,murphy,murphda01
2012,TEX,Yorvit Torrealba,3250000,Yorvit,Torrealba,yorvit,torrealba,torreyo01
2012,TEX,Matt Harrison,2950000,Matt,Harrison,matt,harrison,harrima01
2012,TEX,Elvis Andrus,2625000,Elvis,Andrus,elvis,andrus,andruel01
2012,TEX,Mark Lowe,1700000,Mark,Lowe,mark,lowe,lowema01
2012,TEX,Derek Holland,1000000,Derek,Holland,derek,holland,hollade01
2012,TEX,Yoshinori Tateyama,1000000,Yoshinori,Tateyama,yoshinori,tateyama,tateyyo01
2012,TEX,Alberto Gonzalez,750000,Alberto,Gonzalez,alberto,gonzalez,gonzaal01
2012,TEX,Neftali Feliz,502000,Neftali,Feliz,neftali,feliz,felizne01
2012,TEX,Alexi Ogando,497600,Alexi,Ogando,alexi,ogando,ogandal01
2012,TEX,Mitch Moreland,491100,Mitch,Moreland,mitch,moreland,morelmi01
2012,TEX,Craig Gentry,484300,Craig,Gentry,craig,gentry,gentrcr01
2012,TEX,Brandon Snyder,481000,Brandon,Snyder,brandon,snyder,snydebr01
2012,TEX,Robbie Ross,480000,Robbie,Ross,robbie,ross,rossro01
2013,TEX,Adrian Beltre,16000000,Adrian,Beltre,adrian,beltre,beltrad01
2013,TEX,Ian Kinsler,13000000,Ian,Kinsler,ian,kinsler,kinslia01
2013,TEX,Nelson Cruz,10250000,Nelson,Cruz,nelson,cruz,cruzne01
2013,TEX,Lance Berkman,10000000,Lance,Berkman,lance,berkman,berkmla01
2013,TEX,Yu Darvish,9500000,Yu,Darvish,yu,darvish,darviyu01
2013,TEX,Joe Nathan,8000000,Joe,Nathan,joe,nathan,nathajo01
2013,TEX,A. J. Pierzynski,7500000,A. J.,Pierzynski,aj,pierzynski,pierzaj01
2013,TEX,David Murphy,5775000,David,Murphy,david,murphy,murphda01
2013,TEX,Matt Harrison,5200000,Matt,Harrison,matt,harrison,harrima01
2013,TEX,Elvis Andrus,5050000,Elvis,Andrus,elvis,andrus,andruel01
2013,TEX,Derek Holland,3400000,Derek,Holland,derek,holland,hollade01
2013,TEX,Leonys Martin,3250000,Leonys,Martin,leonys,martin,martile01
2013,TEX,Neftali Feliz,2900000,Neftali,Feliz,neftali,feliz,felizne01
2013,TEX,Geovany Soto,2750000,Geovany,Soto,geovany,soto,sotoge01
2013,TEX,Joakim Soria,2000000,Joakim,Soria,joakim,soria,soriajo01
2013,TEX,Jason Frasor,1500000,Jason,Frasor,jason,frasor,frasoja01
2013,TEX,Alexi Ogando,506000,Alexi,Ogando,alexi,ogando,ogandal01
2013,TEX,Mitch Moreland,502700,Mitch,Moreland,mitch,moreland,morelmi01
2013,TEX,Craig Gentry,501000,Craig,Gentry,craig,gentry,gentrcr01
2013,TEX,Josh Lindblom,500100,Josh,Lindblom,josh,lindblom,lindbjo01
2013,TEX,Robbie Ross,497400,Robbie,Ross,robbie,ross,rossro01
2013,TEX,Julio Borbon,496000,Julio,Borbon,julio,borbon,borboju01
2013,TEX,Michael Kirkman,495800,Michael,Kirkman,michael,kirkman,kirkmmi01
2013,TEX,Tanner Scheppers,493600,Tanner,Scheppers,tanner,scheppers,schepta01
2013,TEX,Cory Burns,492000,Cory,Burns,cory,burns,burnsco01
2013,TEX,Martin Perez,492000,Martin,Perez,martin,perez,perezma01
2013,TEX,Jurickson Profar,491000,Jurickson,Profar,jurickson,profar,profaju01
2013,TEX,Leury Garcia,490000,Leury,Garcia,leury,garcia,garcile01
2013,TEX,Joe Ortiz,490000,Joe,Ortiz,joe,ortiz,ortizjo06
2014,TEX,Prince Fielder,24000000,Prince,Fielder,prince,fielder,fieldpr01
2014,TEX,Adrian Beltre,17000000,Adrian,Beltre,adrian,beltre,beltrad01
2014,TEX,Shin-Soo Choo,14000000,Shin-Soo,Choo,shinsoo,choo,choosh01
2014,TEX,Alex Rios,12500000,Alex,Rios,alex,rios,riosal01
2014,TEX,Yu Darvish,10000000,Yu,Darvish,yu,darvish,darviyu01
2014,TEX,Elvis Andrus,6475000,Elvis,Andrus,elvis,andrus,andruel01
2014,TEX,Leonys Martin,3750000,Leonys,Martin,leonys,martin,martile01
2014,TEX,Geovany Soto,3050000,Geovany,Soto,geovany,soto,sotoge01
2014,TEX,Neftali Feliz,3000000,Neftali,Feliz,neftali,feliz,felizne01
2014,TEX,Mitch Moreland,2650000,Mitch,Moreland,mitch,moreland,morelmi01
2014,TEX,Alexi Ogando,2625000,Alexi,Ogando,alexi,ogando,ogandal01
2014,TEX,Neal Cotts,2200000,Neal,Cotts,neal,cotts,cottsne01
2014,TEX,Jeff Williams,2100000,Jeff,Williams,jeff,williams,willije01
2014,TEX,J. P. Arencibia,1800000,J. P.,Arencibia,jp,arencibia,arencjp01
2014,TEX,Jason Frasor,1750000,Jason,Frasor,jason,frasor,frasoja01
2014,TEX,Donnie Murphy,825000,Donnie,Murphy,donnie,murphy,murphdo01
2014,TEX,Martin Perez,750000,Martin,Perez,martin,perez,perezma01
2014,TEX,Adam Rosales,750000,Adam,Rosales,adam,rosales,rosalad01
2014,TEX,Robbie Ross,512745,Robbie,Ross,robbie,ross,rossro01
2014,TEX,Chris Gimenez,510000,Chris,Gimenez,chris,gimenez,gimench01
2014,TEX,Robinson Chirinos,502232,Robinson,Chirinos,robinson,chirinos,chiriro01
2014,TEX,Shawn Tolleson,502082,Shawn,Tolleson,shawn,tolleson,tollesh01
2014,TEX,Michael Choice,502000,Michael,Choice,michael,choice,choicmi01
2014,TEX,Jim Adduci,501000,Jim,Adduci,jim,adduci,adducji01
2015,TEX,Prince Fielder,24000000,Prince,Fielder,prince,fielder,fieldpr01
2015,TEX,Josh Hamilton,22708749,Josh,Hamilton,josh,hamilton,hamiljo01
2015,TEX,Adrian Beltre,16000000,Adrian,Beltre,adrian,beltre,beltrad01
2015,TEX,Elvis Andrus,15000000,Elvis,Andrus,elvis,andrus,andruel01
2015,TEX,Shin-Soo Choo,14000000,Shin-Soo,Choo,shinsoo,choo,choosh01
2015,TEX,Yovani Gallardo,14000000,Yovani,Gallardo,yovani,gallardo,gallayo01
2015,TEX,Derek Holland,7400000,Derek,Holland,derek,holland,hollade01
2015,TEX,Leonys Martin,4750000,Leonys,Martin,leonys,martin,martile01
2015,TEX,Neftali Feliz,4125000,Neftali,Feliz,neftali,feliz,felizne01
2015,TEX,Colby Lewis,4000000,Colby,Lewis,colby,lewis,lewisco01
2015,TEX,Ross Detwiler,3450000,Ross,Detwiler,ross,detwiler,detwiro01
2015,TEX,Mitch Moreland,2950000,Mitch,Moreland,mitch,moreland,morelmi01
2015,TEX,Kyuji Fujikawa,1100000,Kyuji,Fujikawa,kyuji,fujikawa,fujikky01
2015,TEX,Martin Perez,1000000,Martin,Perez,martin,perez,perezma01
2015,TEX,Carlos Corporan,975000,Carlos,Corporan,carlos,corporan,corpoca01
2015,TEX,Adam Rosales,900000,Adam,Rosales,adam,rosales,rosalad01
2015,TEX,Anthony Bass,725000,Anthony,Bass,anthony,bass,bassan01
2015,TEX,Shawn Tolleson,519700,Shawn,Tolleson,shawn,tolleson,tollesh01
2015,TEX,Robinson Chirinos,518290,Robinson,Chirinos,robinson,chirinos,chiriro01
2015,TEX,Sam Freeman,517000,Sam,Freeman,sam,freeman,freemsa01
2015,TEX,Tanner Scheppers,515200,Tanner,Scheppers,tanner,scheppers,schepta01
2015,TEX,Nick Martinez,515000,Nick,Martinez,nick,martinez,martini02
2015,TEX,Rougned Odor,513850,Rougned,Odor,rougned,odor,odorro01
2015,TEX,Phil Klein,509500,Phil,Klein,phil,klein,kleinph01
2015,TEX,Roman Mendez,509500,Roman,Mendez,roman,mendez,mendero01
2015,TEX,Alex Claudio,508500,Alex,Claudio,alex,claudio,claudal01
2015,TEX,Jon Edwards,508500,Jon,Edwards,jon,edwards,edwarjo01
2015,TEX,Ryan Rua,508500,Ryan,Rua,ryan,rua,ruary01
2015,TEX,Jake Smolinski,508500,Jake,Smolinski,jake,smolinski,smolija01
2015,TEX,Wandy Rodriguez,507000,Wandy,Rodriguez,wandy,rodriguez,rodriwa01
2016,TEX,Prince Fielder,24000000,Prince,Fielder,prince,fielder,fieldpr01
2016,TEX,Josh Hamilton,24000000,Josh,Hamilton,josh,hamilton,hamiljo01
2016,TEX,Cole Hamels,22500000,Cole,Hamels,cole,hamels,hamelco01
2016,TEX,Shin-Soo Choo,20000000,Shin-Soo,Choo,shinsoo,choo,choosh01
2016,TEX,Adrian Beltre,18000000,Adrian,Beltre,adrian,beltre,beltrad01
2016,TEX,Elvis Andrus,15333333,Elvis,Andrus,elvis,andrus,andruel01
2016,TEX,Yu Darvish,10000000,Yu,Darvish,yu,darvish,darviyu01
2016,TEX,Ian Desmond,8000000,Ian,Desmond,ian,desmond,desmoia01
2016,TEX,Colby Lewis,6000000,Colby,Lewis,colby,lewis,lewisco01
2016,TEX,Mitch Moreland,5700000,Mitch,Moreland,mitch,moreland,morelmi01
2016,TEX,Shawn Tolleson,3275000,Shawn,Tolleson,shawn,tolleson,tollesh01
2016,TEX,Martin Perez,3150000,Martin,Perez,martin,perez,perezma01
2016,TEX,Tom Wilhelmsen,3100000,Tom,Wilhelmsen,tom,wilhelmsen,wilheto01
2016,TEX,Justin Ruggiano,1650000,Justin,Ruggiano,justin,ruggiano,ruggiju01
2016,TEX,Robinson Chirinos,1550000,Robinson,Chirinos,robinson,chirinos,chiriro01
2016,TEX,Tony Barnette,1500000,Tony,Barnette,tony,barnette,barneto01
2016,TEX,Jake Diekman,1255000,Jake,Diekman,jake,diekman,diekmja01
2016,TEX,Chris Gimenez,975000,Chris,Gimenez,chris,gimenez,gimench01
2016,TEX,Tanner Scheppers,900000,Tanner,Scheppers,tanner,scheppers,schepta01
2016,TEX,Sam Dyson,525270,Sam,Dyson,sam,dyson,dysonsa01
2016,TEX,Rougned Odor,522700,Rougned,Odor,rougned,odor,odorro01
2016,TEX,Bryan Holaday,519000,Bryan,Holaday,bryan,holaday,holadbr01
2016,TEX,Keone Kela,518000,Keone,Kela,keone,kela,kelake01
2016,TEX,Delino DeShields,517300,Delino,DeShields,delino,deshields,deshide01
2016,TEX,Hanser Alberto,511500,Hanser,Alberto,hanser,alberto,alberha01
2016,TEX,Ryan Rua,510120,Ryan,Rua,ryan,rua,ruary01
2016,TEX,Phil Klein,509500,Phil,Klein,phil,klein,kleinph01
2016,TEX,Andrew Faulkner,508500,Andrew,Faulkner,andrew,faulkner,faulkan01
2016,TEX,Luke Jackson,508500,Luke,Jackson,luke,jackson,jackslu01
2011,TOR,Jose Bautista,8000000,Jose,Bautista,jose,bautista,bautijo01
2011,TOR,Juan Rivera,5250000,Juan,Rivera,juan,rivera,riverju01
2011,TOR,Adam Lind,5150000,Adam,Lind,adam,lind,lindad01
2011,TOR,Aaron Hill,5000000,Aaron,Hill,aaron,hill,hillaa01
2011,TOR,Frank Francisco,4000000,Frank,Francisco,frank,francisco,francfr01
2011,TOR,Jason Frasor,3500000,Jason,Frasor,jason,frasor,frasoja01
2011,TOR,Jon Rauch,3500000,Jon,Rauch,jon,rauch,rauchjo01
2011,TOR,Octavio Dotel,3000000,Octavio,Dotel,octavio,dotel,doteloc01
2011,TOR,Yunel Escobar,2900000,Yunel,Escobar,yunel,escobar,escobyu01
2011,TOR,Rajai Davis,2500000,Rajai,Davis,rajai,davis,davisra01
2011,TOR,Edwin Encarnacion,2500000,Edwin,Encarnacion,edwin,encarnacion,encared01
2011,TOR,Brandon Morrow,2300000,Brandon,Morrow,brandon,morrow,morrobr01
2011,TOR,Shawn Camp,2250000,Shawn,Camp,shawn,camp,campsh01
2011,TOR,John McDonald,1500000,John,McDonald,john,mcdonald,mcdonjo01
2011,TOR,Carlos Villanueva,1415000,Carlos,Villanueva,carlos,villanueva,villaca01
2011,TOR,Jose Molina,1200000,Jose,Molina,jose,molina,molinjo01
2011,TOR,Casey Janssen,1095000,Casey,Janssen,casey,janssen,janssca01
2011,TOR,Ricky Romero,1000000,Ricky,Romero,ricky,romero,romerri01
2011,TOR,Corey Patterson,900000,Corey,Patterson,corey,patterson,patteco01
2011,TOR,Jesse Litsch,830000,Jesse,Litsch,jesse,litsch,litscje01
2011,TOR,Jesse Carlson,450000,Jesse,Carlson,jesse,carlson,carlsje01
2011,TOR,Dustin McGowan,450000,Dustin,McGowan,dustin,mcgowan,mcgowdu01
2011,TOR,Brett Cecil,443100,Brett,Cecil,brett,cecil,cecilbr01
2011,TOR,Jo-Jo Reyes,439100,Jo-Jo,Reyes,jojo,reyes,reyesjo01
2011,TOR,Jayson Nix,438100,Jayson,Nix,jayson,nix,nija01
2011,TOR,David Purcey,436400,David,Purcey,david,purcey,purceda01
2011,TOR,Travis Snider,435800,Travis,Snider,travis,snider,snidetr01
2011,TOR,Marc Rzepczynski,429600,Marc,Rzepczynski,marc,rzepczynski,rzepcma01
2011,TOR,Mike McCoy,422300,Mike,McCoy,mike,mccoy,mccoymi01
2011,TOR,J. P. Arencibia,417400,J. P.,Arencibia,jp,arencibia,arencjp01
2011,TOR,Kyle Drabek,416000,Kyle,Drabek,kyle,drabek,drabeky01
2012,TOR,Jose Bautista,14000000,Jose,Bautista,jose,bautista,bautijo01
2012,TOR,Kelly Johnson,6375000,Kelly,Johnson,kelly,johnson,johnske01
2012,TOR,Ricky Romero,5250000,Ricky,Romero,ricky,romero,romerri01
2012,TOR,Adam Lind,5150000,Adam,Lind,adam,lind,lindad01
2012,TOR,Yunel Escobar,5000000,Yunel,Escobar,yunel,escobar,escobyu01
2012,TOR,Francisco Cordero,4500000,Francisco,Cordero,francisco,cordero,cordefr01
2012,TOR,Brandon Morrow,4000000,Brandon,Morrow,brandon,morrow,morrobr01
2012,TOR,Darren Oliver,4000000,Darren,Oliver,darren,oliver,oliveda01
2012,TOR,Jason Frasor,3750000,Jason,Frasor,jason,frasor,frasoja01
2012,TOR,Edwin Encarnacion,3500000,Edwin,Encarnacion,edwin,encarnacion,encared01
2012,TOR,Rajai Davis,2750000,Rajai,Davis,rajai,davis,davisra01
2012,TOR,Colby Rasmus,2700000,Colby,Rasmus,colby,rasmus,rasmuco01
2012,TOR,Carlos Villanueva,2277500,Carlos,Villanueva,carlos,villanueva,villaca01
2012,TOR,Casey Janssen,2000000,Casey,Janssen,casey,janssen,janssca01
2012,TOR,Ben Francisco,1537500,Ben,Francisco,ben,francisco,francbe01
2012,TOR,Jeff Mathis,1500000,Jeff,Mathis,jeff,mathis,mathije01
2012,TOR,Sergio Santos,1000000,Sergio,Santos,sergio,santos,santose01
2012,TOR,Jesse Litsch,975000,Jesse,Litsch,jesse,litsch,litscje01
2012,TOR,Omar Vizquel,750000,Omar,Vizquel,omar,vizquel,vizquom01
2012,TOR,Dustin McGowan,600000,Dustin,McGowan,dustin,mcgowan,mcgowdu01
2012,TOR,J. P. Arencibia,489600,J. P.,Arencibia,jp,arencibia,arencjp01
2012,TOR,Kyle Drabek,485900,Kyle,Drabek,kyle,drabek,drabeky01
2012,TOR,Eric Thames,485900,Eric,Thames,eric,thames,thameer01
2012,TOR,Luis Perez,485700,Luis,Perez,luis,perez,perezlu01
2012,TOR,Henderson Alvarez,482900,Henderson,Alvarez,henderson,alvarez,alvarhe01
2012,TOR,Brett Lawrie,482500,Brett,Lawrie,brett,lawrie,lawribr01
2012,TOR,Joel Carreno,481700,Joel,Carreno,joel,carreno,carrejo01
2013,TOR,Jose Bautista,14000000,Jose,Bautista,jose,bautista,bautijo01
2013,TOR,Josh Johnson,13750000,Josh,Johnson,josh,johnson,johnsjo01
2013,TOR,Mark Buehrle,12000000,Mark,Buehrle,mark,buehrle,buehrma01
2013,TOR,Jose Reyes,10000000,Jose,Reyes,jose,reyes,reyesjo01
2013,TOR,Melky Cabrera,8000000,Melky,Cabrera,melky,cabrera,cabreme01
2013,TOR,Edwin Encarnacion,8000000,Edwin,Encarnacion,edwin,encarnacion,encared01
2013,TOR,Brandon Morrow,8000000,Brandon,Morrow,brandon,morrow,morrobr01
2013,TOR,Ricky Romero,7500000,Ricky,Romero,ricky,romero,romerri01
2013,TOR,Adam Lind,5150000,Adam,Lind,adam,lind,lindad01
2013,TOR,R. A. Dickey,5000000,R. A.,Dickey,ra,dickey,dickera01
2013,TOR,Colby Rasmus,4675000,Colby,Rasmus,colby,rasmus,rasmuco01
2013,TOR,Casey Janssen,3900000,Casey,Janssen,casey,janssen,janssca01
2013,TOR,J. A. Happ,3700000,J. A.,Happ,ja,happ,happja01
2013,TOR,Maicer Izturis,3000000,Maicer,Izturis,maicer,izturis,izturma01
2013,TOR,Darren Oliver,3000000,Darren,Oliver,darren,oliver,oliveda01
2013,TOR,Sergio Santos,2750000,Sergio,Santos,sergio,santos,santose01
2013,TOR,Emilio Bonifacio,2600000,Emilio,Bonifacio,emilio,bonifacio,bonifem01
2013,TOR,Rajai Davis,2500000,Rajai,Davis,rajai,davis,davisra01
2013,TOR,Dustin McGowan,1500000,Dustin,McGowan,dustin,mcgowan,mcgowdu01
2013,TOR,Josh Thole,1250000,Josh,Thole,josh,thole,tholejo01
2013,TOR,Henry Blanco,750000,Henry,Blanco,henry,blanco,blanche01
2013,TOR,Mark DeRosa,750000,Mark,DeRosa,mark,derosa,derosma01
2013,TOR,Brett Cecil,510000,Brett,Cecil,brett,cecil,cecilbr01
2013,TOR,Esmil Rogers,509000,Esmil,Rogers,esmil,rogers,rogeres01
2013,TOR,J. P. Arencibia,505600,J. P.,Arencibia,jp,arencibia,arencjp01
2013,TOR,Brett Lawrie,500000,Brett,Lawrie,brett,lawrie,lawribr01
2013,TOR,Luis Perez,500000,Luis,Perez,luis,perez,perezlu01
2013,TOR,Kyle Drabek,499500,Kyle,Drabek,kyle,drabek,drabeky01
2013,TOR,Steve Delabar,498900,Steve,Delabar,steve,delabar,delabst01
2013,TOR,Jeremy Jeffress,495900,Jeremy,Jeffress,jeremy,jeffress,jeffrje01
2013,TOR,Aaron Loup,494200,Aaron,Loup,aaron,loup,loupaa01
2014,TOR,Jose Reyes,16000000,Jose,Reyes,jose,reyes,reyesjo01
2014,TOR,Jose Bautista,14000000,Jose,Bautista,jose,bautista,bautijo01
2014,TOR,R. A. Dickey,12000000,R. A.,Dickey,ra,dickey,dickera01
2014,TOR,Edwin Encarnacion,9000000,Edwin,Encarnacion,edwin,encarnacion,encared01
2014,TOR,Melky Cabrera,8000000,Melky,Cabrera,melky,cabrera,cabreme01
2014,TOR,Brandon Morrow,8000000,Brandon,Morrow,brandon,morrow,morrobr01
2014,TOR,Adam Lind,7000000,Adam,Lind,adam,lind,lindad01
2014,TOR,Colby Rasmus,7000000,Colby,Rasmus,colby,rasmus,rasmuco01
2014,TOR,J. A. Happ,5200000,J. A.,Happ,ja,happ,happja01
2014,TOR,Casey Janssen,4000000,Casey,Janssen,casey,janssen,janssca01
2014,TOR,Sergio Santos,3750000,Sergio,Santos,sergio,santos,santose01
2014,TOR,Maicer Izturis,3000000,Maicer,Izturis,maicer,izturis,izturma01
2014,TOR,Dioner Navarro,3000000,Dioner,Navarro,dioner,navarro,navardi01
2014,TOR,Esmil Rogers,1850000,Esmil,Rogers,esmil,rogers,rogeres01
2014,TOR,Dustin McGowan,1500000,Dustin,McGowan,dustin,mcgowan,mcgowdu01
2014,TOR,Brett Cecil,1300000,Brett,Cecil,brett,cecil,cecilbr01
2014,TOR,Josh Thole,1250000,Josh,Thole,josh,thole,tholejo01
2014,TOR,Brett Lawrie,516100,Brett,Lawrie,brett,lawrie,lawribr01
2014,TOR,Steve Delabar,515900,Steve,Delabar,steve,delabar,delabst01
2014,TOR,Aaron Loup,512400,Aaron,Loup,aaron,loup,loupaa01
2014,TOR,Erik Kratz,510200,Erik,Kratz,erik,kratz,kratzer01
2014,TOR,Todd Redmond,505700,Todd,Redmond,todd,redmond,redmoto01
2014,TOR,Moises Sierra,504700,Moises,Sierra,moises,sierra,sierrmo01
2014,TOR,Drew Hutchison,503200,Drew,Hutchison,drew,hutchison,hutchdr01
2014,TOR,Ryan Goins,501900,Ryan,Goins,ryan,goins,goinsry01
2015,TOR,Jose Reyes,22000000,Jose,Reyes,jose,reyes,reyesjo01
2015,TOR,Mark Buehrle,20000000,Mark,Buehrle,mark,buehrle,buehrma01
2015,TOR,Jose Bautista,14000000,Jose,Bautista,jose,bautista,bautijo01
2015,TOR,R. A. Dickey,12000000,R. A.,Dickey,ra,dickey,dickera01
2015,TOR,Edwin Encarnacion,10000000,Edwin,Encarnacion,edwin,encarnacion,encared01
2015,TOR,Russell Martin,7000000,Russell,Martin,russell,martin,martiru01
2015,TOR,Dioner Navarro,5000000,Dioner,Navarro,dioner,navarro,navardi01
2015,TOR,Josh Donaldson,4300000,Josh,Donaldson,josh,donaldson,donaljo02
2015,TOR,Marco Estrada,3900000,Marco,Estrada,marco,estrada,estrama01
2015,TOR,Michael Saunders,2875000,Michael,Saunders,michael,saunders,saundmi01
2015,TOR,Brett Cecil,2475000,Brett,Cecil,brett,cecil,cecilbr01
2015,TOR,Josh Thole,1750000,Josh,Thole,josh,thole,tholejo01
2015,TOR,Aaron Sanchez,1021600,Aaron,Sanchez,aaron,sanchez,sanchaa01
2015,TOR,Justin Smoak,1000000,Justin,Smoak,justin,smoak,smoakju01
2015,TOR,Aaron Loup,527500,Aaron,Loup,aaron,loup,loupaa01
2015,TOR,Drew Hutchison,520100,Drew,Hutchison,drew,hutchison,hutchdr01
2015,TOR,Todd Redmond,520000,Todd,Redmond,todd,redmond,redmoto01
2015,TOR,Liam Hendriks,518400,Liam,Hendriks,liam,hendriks,hendrli01
2015,TOR,Steven Tolleson,517300,Steven,Tolleson,steven,tolleson,tollest01
2015,TOR,Marcus Stroman,514700,Marcus,Stroman,marcus,stroman,stromma01
2015,TOR,Ryan Goins,512800,Ryan,Goins,ryan,goins,goinsry01
2015,TOR,Kevin Pillar,512000,Kevin,Pillar,kevin,pillar,pillake01
2015,TOR,Colt Hynes,510800,Colt,Hynes,colt,hynes,hynesco01
2015,TOR,Daniel Norris,508700,Daniel,Norris,daniel,norris,norrida01
2015,TOR,Dalton Pompey,508500,Dalton,Pompey,dalton,pompey,pompeda01
2016,TOR,Troy Tulowitzki,20000000,Troy,Tulowitzki,troy,tulowitzki,tulowtr01
2016,TOR,Russell Martin,15000000,Russell,Martin,russell,martin,martiru01
2016,TOR,Jose Bautista,14000000,Jose,Bautista,jose,bautista,bautijo01
2016,TOR,R. A. Dickey,12000000,R. A.,Dickey,ra,dickey,dickera01
2016,TOR,Josh Donaldson,11650000,Josh,Donaldson,josh,donaldson,donaljo02
2016,TOR,Marco Estrada,11500000,Marco,Estrada,marco,estrada,estrama01
2016,TOR,Edwin Encarnacion,10000000,Edwin,Encarnacion,edwin,encarnacion,encared01
2016,TOR,J. A. Happ,10000000,J. A.,Happ,ja,happ,happja01
2016,TOR,Drew Storen,8375000,Drew,Storen,drew,storen,storedr01
2016,TOR,Jesse Chavez,4000000,Jesse,Chavez,jesse,chavez,chaveje01
2016,TOR,Justin Smoak,3900000,Justin,Smoak,justin,smoak,smoakju01
2016,TOR,Brett Cecil,3800000,Brett,Cecil,brett,cecil,cecilbr01
2016,TOR,Michael Saunders,2900000,Michael,Saunders,michael,saunders,saundmi01
2016,TOR,Franklin Morales,2000000,Franklin,Morales,franklin,morales,moralfr01
2016,TOR,Darwin Barney,1050000,Darwin,Barney,darwin,barney,barneda01
2016,TOR,Aaron Loup,1050000,Aaron,Loup,aaron,loup,loupaa01
2016,TOR,Gavin Floyd,1000000,Gavin,Floyd,gavin,floyd,floydga01
2016,TOR,Josh Thole,800000,Josh,Thole,josh,thole,tholejo01
2016,TOR,Ezequiel Carrera,521800,Ezequiel,Carrera,ezequiel,carrera,carreez01
2016,TOR,Chris Colabello,521300,Chris,Colabello,chris,colabello,colabch01
2016,TOR,Kevin Pillar,521100,Kevin,Pillar,kevin,pillar,pillake01
2016,TOR,Ryan Goins,520200,Ryan,Goins,ryan,goins,goinsry01
2016,TOR,Aaron Sanchez,517800,Aaron,Sanchez,aaron,sanchez,sanchaa01
2016,TOR,Roberto Osuna,516100,Roberto,Osuna,roberto,osuna,osunaro01
2016,TOR,Marcus Stroman,515900,Marcus,Stroman,marcus,stroman,stromma01
2016,TOR,Bo Schultz,513300,Bo,Schultz,bo,schultz,schulbo01
2016,TOR,Devon Travis,511200,Devon,Travis,devon,travis,travide01
2016,TOR,Arnold Leon,510500,Arnold,Leon,arnold,leon,leonar01
2016,TOR,Joe Biagini,507500,Joe,Biagini,joe,biagini,biagijo01
2011,WSH,Jayson Werth,10571428,Jayson,Werth,jayson,werth,werthja01
2011,WSH,Ryan Zimmerman,9025000,Ryan,Zimmerman,ryan,zimmerman,zimmery01
2011,WSH,Jason Marquis,7500000,Jason,Marquis,jason,marquis,marquja01
2011,WSH,Adam LaRoche,7000000,Adam,LaRoche,adam,laroche,larocad01
2011,WSH,Stephen Strasburg,4375000,Stephen,Strasburg,stephen,strasburg,strasst01
2011,WSH,Ivan Rodriguez,3000000,Ivan,Rodriguez,ivan,rodriguez,rodriiv01
2011,WSH,John Lannan,2750000,John,Lannan,john,lannan,lannajo01
2011,WSH,Tom Gorzelanny,2100000,Tom,Gorzelanny,tom,gorzelanny,gorzeto01
2011,WSH,Jerry Hairston,2000000,Jerry,Hairston,jerry,hairston,hairsje01
2011,WSH,Rick Ankiel,1500000,Rick,Ankiel,rick,ankiel,ankieri01
2011,WSH,Sean Burnett,1350000,Sean,Burnett,sean,burnett,burnese01
2011,WSH,Todd Coffey,1350000,Todd,Coffey,todd,coffey,coffeto01
2011,WSH,Livan Hernandez,1250000,Livan,Hernandez,livan,hernandez,hernali01
2011,WSH,Chien-Ming Wang,1200000,Chien-Ming,Wang,chienming,wang,wangch01
2011,WSH,Mike Morse,1050000,Mike,Morse,mike,morse,morsemi01
2011,WSH,Alex Cora,900000,Alex,Cora,alex,cora,coraal01
2011,WSH,Chad Gaudin,900000,Chad,Gaudin,chad,gaudin,gaudich01
2011,WSH,Matt Stairs,850000,Matt,Stairs,matt,stairs,stairma01
2011,WSH,Laynce Nix,700000,Laynce,Nix,laynce,nix,nila01
2011,WSH,Doug Slaten,695000,Doug,Slaten,doug,slaten,slatedo01
2011,WSH,Tyler Clippard,443000,Tyler,Clippard,tyler,clippard,clippty01
2011,WSH,Ian Desmond,441500,Ian,Desmond,ian,desmond,desmoia01
2011,WSH,Drew Storen,418000,Drew,Storen,drew,storen,storedr01
2011,WSH,Danny Espinosa,415000,Danny,Espinosa,danny,espinosa,espinda01
2011,WSH,Wilson Ramos,415000,Wilson,Ramos,wilson,ramos,ramoswi01
2011,WSH,Henry Rodriguez,415000,Henry,Rodriguez,henry,rodriguez,rodrihe01
2011,WSH,Jordan Zimmermann,415000,Jordan,Zimmermann,jordan,zimmermann,zimmejo01
2011,WSH,Brian Broderick,414000,Brian,Broderick,brian,broderick,brodebr01
2011,WSH,Elvin Ramirez,414000,Elvin,Ramirez,elvin,ramirez,ramirel01
2012,WSH,Jayson Werth,13571428,Jayson,Werth,jayson,werth,werthja01
2012,WSH,Ryan Zimmerman,12000000,Ryan,Zimmerman,ryan,zimmerman,zimmery01
2012,WSH,Edwin Jackson,10957715,Edwin,Jackson,edwin,jackson,jacksed01
2012,WSH,Adam LaRoche,8000000,Adam,LaRoche,adam,laroche,larocad01
2012,WSH,Stephen Strasburg,4875000,Stephen,Strasburg,stephen,strasburg,strasst01
2012,WSH,Chien-Ming Wang,4000000,Chien-Ming,Wang,chienming,wang,wangch01
2012,WSH,Mike Morse,3500000,Mike,Morse,mike,morse,morsemi01
2012,WSH,Gio Gonzalez,3350000,Gio,Gonzalez,gio,gonzalez,gonzagi01
2012,WSH,Tom Gorzelanny,3000000,Tom,Gorzelanny,tom,gorzelanny,gorzeto01
2012,WSH,Sean Burnett,2350000,Sean,Burnett,sean,burnett,burnese01
2012,WSH,Jordan Zimmermann,2300000,Jordan,Zimmermann,jordan,zimmermann,zimmejo01
2012,WSH,Tyler Clippard,1650000,Tyler,Clippard,tyler,clippard,clippty01
2012,WSH,Rick Ankiel,1250000,Rick,Ankiel,rick,ankiel,ankieri01
2012,WSH,Brad Lidge,1000000,Brad,Lidge,brad,lidge,lidgebr01
2012,WSH,Jesus Flores,815000,Jesus,Flores,jesus,flores,floreje01
2012,WSH,Mark DeRosa,800000,Mark,DeRosa,mark,derosa,derosma01
2012,WSH,Chad Tracy,750000,Chad,Tracy,chad,tracy,tracych01
2012,WSH,Xavier Nady,700000,Xavier,Nady,xavier,nady,nadya01
2012,WSH,Brett Carroll,580000,Brett,Carroll,brett,carroll,carrobr01
2012,WSH,Ian Desmond,512500,Ian,Desmond,ian,desmond,desmoia01
2012,WSH,Danny Espinosa,506000,Danny,Espinosa,danny,espinosa,espinda01
2012,WSH,Drew Storen,498750,Drew,Storen,drew,storen,storedr01
2012,WSH,Roger Bernadina,493500,Roger,Bernadina,roger,bernadina,bernaro01
2012,WSH,Wilson Ramos,491250,Wilson,Ramos,wilson,ramos,ramoswi01
2012,WSH,Henry Rodriguez,491000,Henry,Rodriguez,henry,rodriguez,rodrihe01
2012,WSH,Ross Detwiler,485000,Ross,Detwiler,ross,detwiler,detwiro01
2012,WSH,Craig Stammen,485000,Craig,Stammen,craig,stammen,stammcr01
2012,WSH,Steve Lombardozzi,481000,Steve,Lombardozzi,steve,lombardozzi,lombast01
2012,WSH,Chris Marrero,481000,Chris,Marrero,chris,marrero,marrech01
2012,WSH,Ryan Mattheus,481000,Ryan,Mattheus,ryan,mattheus,matthry01
2013,WSH,Jayson Werth,16571429,Jayson,Werth,jayson,werth,werthja01
2013,WSH,Ryan Zimmerman,14100000,Ryan,Zimmerman,ryan,zimmerman,zimmery01
2013,WSH,Dan Haren,13000000,Dan,Haren,dan,haren,harenda01
2013,WSH,Rafael Soriano,11742091,Rafael,Soriano,rafael,soriano,soriara01
2013,WSH,Adam LaRoche,10000000,Adam,LaRoche,adam,laroche,larocad01
2013,WSH,Kurt Suzuki,6487500,Kurt,Suzuki,kurt,suzuki,suzukku01
2013,WSH,Gio Gonzalez,6350000,Gio,Gonzalez,gio,gonzalez,gonzagi01
2013,WSH,Jordan Zimmermann,5350000,Jordan,Zimmermann,jordan,zimmermann,zimmejo01
2013,WSH,Denard Span,4750000,Denard,Span,denard,span,spande01
2013,WSH,Tyler Clippard,4000000,Tyler,Clippard,tyler,clippard,clippty01
2013,WSH,Stephen Strasburg,3900000,Stephen,Strasburg,stephen,strasburg,strasst01
2013,WSH,Ian Desmond,3800000,Ian,Desmond,ian,desmond,desmoia01
2013,WSH,Drew Storen,2500000,Drew,Storen,drew,storen,storedr01
2013,WSH,Ross Detwiler,2337500,Ross,Detwiler,ross,detwiler,detwiro01
2013,WSH,Bryce Harper,2000000,Bryce,Harper,bryce,harper,harpebr03
2013,WSH,Roger Bernadina,1212500,Roger,Bernadina,roger,bernadina,bernaro01
2013,WSH,Chad Tracy,1000000,Chad,Tracy,chad,tracy,tracych01
2013,WSH,Craig Stammen,875000,Craig,Stammen,craig,stammen,stammcr01
2013,WSH,Zach Duke,700000,Zach,Duke,zach,duke,dukeza01
2013,WSH,Danny Espinosa,526250,Danny,Espinosa,danny,espinosa,espinda01
2013,WSH,Ryan Mattheus,504500,Ryan,Mattheus,ryan,mattheus,matthry01
2013,WSH,Steve Lombardozzi,501250,Steve,Lombardozzi,steve,lombardozzi,lombast01
2013,WSH,Wilson Ramos,501250,Wilson,Ramos,wilson,ramos,ramoswi01
2013,WSH,Henry Rodriguez,501000,Henry,Rodriguez,henry,rodriguez,rodrihe01
2013,WSH,Tyler Moore,493000,Tyler,Moore,tyler,moore,moorety01
2014,WSH,Jayson Werth,20000000,Jayson,Werth,jayson,werth,werthja01
2014,WSH,Ryan Zimmerman,14000000,Ryan,Zimmerman,ryan,zimmerman,zimmery01
2014,WSH,Adam LaRoche,12000000,Adam,LaRoche,adam,laroche,larocad01
2014,WSH,Rafael Soriano,11000000,Rafael,Soriano,rafael,soriano,soriara01
2014,WSH,Gio Gonzalez,8500000,Gio,Gonzalez,gio,gonzalez,gonzagi01
2014,WSH,Jordan Zimmermann,7500000,Jordan,Zimmermann,jordan,zimmermann,zimmejo01
2014,WSH,Doug Fister,7200000,Doug,Fister,doug,fister,fistedo01
2014,WSH,Ian Desmond,6500000,Ian,Desmond,ian,desmond,desmoia01
2014,WSH,Denard Span,6500000,Denard,Span,denard,span,spande01
2014,WSH,Tyler Clippard,5875000,Tyler,Clippard,tyler,clippard,clippty01
2014,WSH,Nate McLouth,5000000,Nate,McLouth,nate,mclouth,mclouna01
2014,WSH,Stephen Strasburg,3975000,Stephen,Strasburg,stephen,strasburg,strasst01
2014,WSH,Drew Storen,3450000,Drew,Storen,drew,storen,storedr01
2014,WSH,Ross Detwiler,3000000,Ross,Detwiler,ross,detwiler,detwiro01
2014,WSH,Scott Hairston,2500000,Scott,Hairston,scott,hairston,hairssc01
2014,WSH,Bryce Harper,2150000,Bryce,Harper,bryce,harper,harpebr03
2014,WSH,Wilson Ramos,2095000,Wilson,Ramos,wilson,ramos,ramoswi01
2014,WSH,Anthony Rendon,1800000,Anthony,Rendon,anthony,rendon,rendoan01
2014,WSH,Jerry Blevins,1675000,Jerry,Blevins,jerry,blevins,blevije01
2014,WSH,Craig Stammen,1375000,Craig,Stammen,craig,stammen,stammcr01
2014,WSH,Kevin Frandsen,900000,Kevin,Frandsen,kevin,frandsen,frandke01
2014,WSH,Jose Lobaton,900000,Jose,Lobaton,jose,lobaton,lobatjo01
2014,WSH,Danny Espinosa,540580,Danny,Espinosa,danny,espinosa,espinda01
2014,WSH,Ryan Mattheus,520000,Ryan,Mattheus,ryan,mattheus,matthry01
2014,WSH,Tyler Moore,507900,Tyler,Moore,tyler,moore,moorety01
2014,WSH,Xavier Cedeno,507800,Xavier,Cedeno,xavier,cedeno,cedena01
2014,WSH,Tanner Roark,506100,Tanner,Roark,tanner,roark,roarkta01
2014,WSH,Taylor Jordan,504300,Taylor,Jordan,taylor,jordan,jordata01
2014,WSH,Jeff Kobernus,501000,Jeff,Kobernus,jeff,kobernus,koberje01
2014,WSH,Sandy Leon,501000,Sandy,Leon,sandy,leon,leonsa01
2015,WSH,Jayson Werth,21000000,Jayson,Werth,jayson,werth,werthja01
2015,WSH,Max Scherzer,17142000,Max,Scherzer,max,scherzer,scherma01
2015,WSH,Jordan Zimmermann,16500000,Jordan,Zimmermann,jordan,zimmermann,zimmejo01
2015,WSH,Ryan Zimmerman,14000000,Ryan,Zimmerman,ryan,zimmerman,zimmery01
2015,WSH,Doug Fister,11400000,Doug,Fister,doug,fister,fistedo01
2015,WSH,Ian Desmond,11000000,Ian,Desmond,ian,desmond,desmoia01
2015,WSH,Gio Gonzalez,11000000,Gio,Gonzalez,gio,gonzalez,gonzagi01
2015,WSH,Denard Span,9000000,Denard,Span,denard,span,spande01
2015,WSH,Stephen Strasburg,7400000,Stephen,Strasburg,stephen,strasburg,strasst01
2015,WSH,Drew Storen,5700000,Drew,Storen,drew,storen,storedr01
2015,WSH,Yunel Escobar,5000000,Yunel,Escobar,yunel,escobar,escobyu01
2015,WSH,Wilson Ramos,3550000,Wilson,Ramos,wilson,ramos,ramoswi01
2015,WSH,Casey Janssen,3500000,Casey,Janssen,casey,janssen,janssca01
2015,WSH,Matt Thornton,3500000,Matt,Thornton,matt,thornton,thornma01
2015,WSH,Bryce Harper,2500000,Bryce,Harper,bryce,harper,harpebr03
2015,WSH,Anthony Rendon,2500000,Anthony,Rendon,anthony,rendon,rendoan01
2015,WSH,Craig Stammen,2250000,Craig,Stammen,craig,stammen,stammcr01
2015,WSH,Danny Espinosa,1800000,Danny,Espinosa,danny,espinosa,espinda01
2015,WSH,Jose Lobaton,1200000,Jose,Lobaton,jose,lobaton,lobatjo01
2015,WSH,Reed Johnson,1000000,Reed,Johnson,reed,johnson,johnsre01
2015,WSH,Tanner Roark,529600,Tanner,Roark,tanner,roark,roarkta01
2015,WSH,Clint Robinson,525000,Clint,Robinson,clint,robinson,robincl01
2015,WSH,Tyler Moore,518200,Tyler,Moore,tyler,moore,moorety01
2015,WSH,Xavier Cedeno,516500,Xavier,Cedeno,xavier,cedeno,cedena01
2015,WSH,Aaron Barrett,514200,Aaron,Barrett,aaron,barrett,barreaa01
2015,WSH,Matt den Dekker,512972,Matt den,Dekker,mattden,dekker,dekkema01
2015,WSH,Blake Treinen,512800,Blake,Treinen,blake,treinen,treinbl01
2015,WSH,Michael Taylor,508700,Michael,Taylor,michael,taylor,taylomi02
2015,WSH,Dan Uggla,507500,Dan,Uggla,dan,uggla,ugglada01
2016,WSH,Max Scherzer,22142857,Max,Scherzer,max,scherzer,scherma01
2016,WSH,Jayson Werth,21733615,Jayson,Werth,jayson,werth,werthja01
2016,WSH,Ryan Zimmerman,14000000,Ryan,Zimmerman,ryan,zimmerman,zimmery01
2016,WSH,Gio Gonzalez,12100000,Gio,Gonzalez,gio,gonzalez,gonzagi01
2016,WSH,Jonathan Papelbon,10936574,Jonathan,Papelbon,jonathan,papelbon,papeljo01
2016,WSH,Stephen Strasburg,10400000,Stephen,Strasburg,stephen,strasburg,strasst01
2016,WSH,Daniel Murphy,8000000,Daniel,Murphy,daniel,murphy,murphda01
2016,WSH,Ben Revere,6250000,Ben,Revere,ben,revere,reverbe01
2016,WSH,Wilson Ramos,5350000,Wilson,Ramos,wilson,ramos,ramoswi01
2016,WSH,Bryce Harper,5000000,Bryce,Harper,bryce,harper,harpebr03
2016,WSH,Shawn Kelley,4000000,Shawn,Kelley,shawn,kelley,kellesh01
2016,WSH,Stephen Drew,3000000,Stephen,Drew,stephen,drew,drewst01
2016,WSH,Oliver Perez,3000000,Oliver,Perez,oliver,perez,perezol01
2016,WSH,Danny Espinosa,2875000,Danny,Espinosa,danny,espinosa,espinda01
2016,WSH,Anthony Rendon,2800000,Anthony,Rendon,anthony,rendon,rendoan01
2016,WSH,Yusmeiro Petit,2500000,Yusmeiro,Petit,yusmeiro,petit,petityu01
2016,WSH,Jose Lobaton,1387500,Jose,Lobaton,jose,lobaton,lobatjo01
2016,WSH,Matt Belisle,1250000,Matt,Belisle,matt,belisle,belisma01
2016,WSH,Chris Heisey,1250000,Chris,Heisey,chris,heisey,heisech01
2016,WSH,Tanner Roark,543400,Tanner,Roark,tanner,roark,roarkta01
2016,WSH,Clint Robinson,534900,Clint,Robinson,clint,robinson,robincl01
2016,WSH,Blake Treinen,524900,Blake,Treinen,blake,treinen,treinbl01
2016,WSH,Michael Taylor,524000,Michael,Taylor,michael,taylor,taylomi02
2016,WSH,Aaron Barrett,519400,Aaron,Barrett,aaron,barrett,barreaa01
2016,WSH,Felipe Vazquez,516100,Felipe,Vazquez,felipe,vazquez,vazqufe01
2016,WSH,Joe Ross,514400,Joe,Ross,joe,ross,rossjo01
2023,NYY,Aaron Judge,40000000,Aaron,Judge,aaron,judge,judgeaa01
2023,NYY,Gerrit Cole,36000000,Gerrit,Cole,gerrit,cole,colege01
2023,NYY,Carlos Rodon,27000000,Carlos,Rodon,carlos,rodon,rodonca01
2023,NYY,Giancarlo Stanton,22000000,Giancarlo,Stanton,giancarlo,stanton,stantgi01
2023,NYY,"Mahieu

D.J. LeMahieu",15000000,"Mahieu

D.J.",LeMahieu,mahieudj,lemahieu,lemahma01
2023,NYY,Gleyber Torres,9950000,Gleyber,Torres,gleyber,torres,torregl01
2023,NYY,Frankie Montas,7500000,Frankie,Montas,frankie,montas,montafr01
2023,NYY,Isiah Kiner-Falefa,6000000,Isiah,Kiner-Falefa,isiah,kinerfalefa,kineris01
2023,NYY,Tommy Kahnle,5750000,Tommy,Kahnle,tommy,kahnle,kahnlto01
2023,NYY,Clay Holmes,3400000,Clay,Holmes,clay,holmes,holmecl01
2023,NYY,Kyle Higashioka,1462500,Kyle,Higashioka,kyle,higashioka,higasky01
2023,NYY,Michael King,1300000,Michael,King,michael,king,kingmi01
2023,NYY,Anthony Volpe,966549,Anthony,Volpe,anthony,volpe,volpean01
2023,NYY,Clarke Schmidt,740475,Clarke,Schmidt,clarke,schmidt,schmicl01
2023,NYY,Ian Hamilton,720000,Ian,Hamilton,ian,hamilton,hamilia01
2023,NYY,Oswaldo Cabrera,678810,Oswaldo,Cabrera,oswaldo,cabrera,cabreos01
2023,NYY,Jake Bauers,600005,Jake,Bauers,jake,bauers,bauerja01
2023,NYY,Ben Rortvedt,498475,Ben,Rortvedt,ben,rortvedt,rortvbe01
2023,NYY,Jhony Brito,433552,Jhony,Brito,jhony,brito,britojh01
2023,NYY,Nick Ramirez,429681,Nick,Ramirez,nick,ramirez,ramirni01
2023,NYY,Oswald Peraza,332906,Oswald,Peraza,oswald,peraza,perazos02
2023,NYY,Keynan Middleton,262365,Keynan,Middleton,keynan,middleton,middlke01
2023,NYY,Greg Weissert,170324,Greg,Weissert,greg,weissert,weissgr01
2023,NYY,Everson Pereira,154840,Everson,Pereira,everson,pereira,pereiev01
2023,NYY,Austin Wells,116130,Austin,Wells,austin,wells,wellsau01
2023,NYY,Estevan Florial,77420,Estevan,Florial,estevan,florial,flories01
2023,NYY,Zach McAllister,73549,Zach,McAllister,zach,mcallister,mcallza01
2023,NYY,Luke Weaver,73549,Luke,Weaver,luke,weaver,weavelu01
2023,NYY,Matt Bowman,38710,Matt,Bowman,matt,bowman,bowmama01
2023,NYY,Anthony Rizzo,17000000,Anthony,Rizzo,anthony,rizzo,rizzoan01
2023,NYY,Luis Severino,15000000,Luis,Severino,luis,severino,severlu01
2023,NYY,Lou Trivino,4100000,Lou,Trivino,lou,trivino,trivilo01
2023,NYY,Wandy Peralta,3350000,Wandy,Peralta,wandy,peralta,peralwa01
2023,NYY,Nestor Cortes,3200000,Nestor,Cortes,nestor,cortes,cortene01
2023,NYY,Jose Trevino,2360000,Jose,Trevino,jose,trevino,trevijo01
2023,NYY,Jonathan Loaisiga,2262500,Jonathan,Loaisiga,jonathan,loaisiga,loaisjo01
2023,NYY,Scott Effross,742750,Scott,Effross,scott,effross,effrosc01
2023,NYY,Albert Abreu,738700,Albert,Abreu,albert,abreu,abreual01
2023,NYY,Luis Gil,723400,Luis,Gil,luis,gil,gillu01
2023,NYY,Ryan Weber,557424,Ryan,Weber,ryan,weber,weberry01
2023,NYY,Billy McKinney,449036,Billy,McKinney,billy,mckinney,mckinbi01
2023,NYY,Jasson Dominguez,116130,Jasson,Dominguez,jasson,dominguez,dominja01
2023,NYY,Anthony Misiewicz,81291,Anthony,Misiewicz,anthony,misiewicz,misiean01
2023,BAL,Kyle Gibson,10000000,Kyle,Gibson,kyle,gibson,gibsoky01
2023,BAL,Adam Frazier,8000000,Adam,Frazier,adam,frazier,fraziad01
2023,BAL,Anthony Santander,7400000,Anthony,Santander,anthony,santander,santaan02
2023,BAL,Cedric Mullins,4100000,Cedric,Mullins,cedric,mullins,mullice01
2023,BAL,Austin Hays,3200000,Austin,Hays,austin,hays,haysau01
2023,BAL,John Means,2975000,John,Means,john,means,meansjo01
2023,BAL,Adley Rutschman,2532339,Adley,Rutschman,adley,rutschman,rutscad01
2023,BAL,Kyle Bradish,2394886,Kyle,Bradish,kyle,bradish,bradiky01
2023,BAL,Gunnar Henderson,2151201,Gunnar,Henderson,gunnar,henderson,hendegu01
2023,BAL,Jorge Mateo,2000000,Jorge,Mateo,jorge,mateo,mateojo01
2023,BAL,Jack Flaherty,1770952,Jack,Flaherty,jack,flaherty,flaheja01
2023,BAL,Ryan O'Hearn,1400000,Ryan,O'Hearn,ryan,ohearn,ohearry01
2023,BAL,Shintaro Fujinami,1275529,Shintaro,Fujinami,shintaro,fujinami,fujinsh01
2023,BAL,Dean Kremer,1008062,Dean,Kremer,dean,kremer,kremede01
2023,BAL,James McCann,1000000,James,McCann,james,mccann,mccanja02
2023,BAL,Danny Coulombe,1000000,Danny,Coulombe,danny,coulombe,couloda01
2023,BAL,Yennier Cano,994224,Yennier,Cano,yennier,cano,canoye01
2023,BAL,Grayson Rodriguez,779490,Grayson,Rodriguez,grayson,rodriguez,rodrigr01
2023,BAL,Ryan Mountcastle,738400,Ryan,Mountcastle,ryan,mountcastle,mountry01
2023,BAL,Ramon Urias,734700,Ramon,Urias,ramon,urias,uriasra01
2023,BAL,Cionel Perez,732300,Cionel,Perez,cionel,perez,perezci01
2023,BAL,Tyler Wells,519816,Tyler,Wells,tyler,wells,wellsty01
2023,BAL,Bryan Baker,501632,Bryan,Baker,bryan,baker,bakerbr01
2023,BAL,Aaron Hicks,480004,Aaron,Hicks,aaron,hicks,hicksaa01
2023,BAL,Cole Irvin,464022,Cole,Irvin,cole,irvin,irvinco01
2023,BAL,Jordan Westburg,375487,Jordan,Westburg,jordan,westburg,westbjo01
2023,BAL,Jacob Webb,212905,Jacob,Webb,jacob,webb,webbja01
2023,BAL,D.L. Hall,143227,D.L.,Hall,dl,hall,halldl01
2023,BAL,Heston Kjerstad,65807,Heston,Kjerstad,heston,kjerstad,kjershe01
2023,BAL,Felix Bautista,2198894,Felix,Bautista,felix,bautista,bautife01
2023,BAL,Dillon Tate,1500000,Dillon,Tate,dillon,tate,tatedi01
2023,BAL,Keegan Akin,660408,Keegan,Akin,keegan,akin,akinke01
2023,BAL,Terrin Vavra,287268,Terrin,Vavra,terrin,vavra,vavrate01
2023,BOS,Chris Sale,27500000,Chris,Sale,chris,sale,salech01
2023,BOS,Rafael Devers,22500000,Rafael,Devers,rafael,devers,deverra01
2023,BOS,Trevor Story,20000000,Trevor,Story,trevor,story,storytr01
2023,BOS,Masataka Yoshida,18000000,Masataka,Yoshida,masataka,yoshida,yoshima02
2023,BOS,Kenley Jansen,16000000,Kenley,Jansen,kenley,jansen,janseke01
2023,BOS,Justin Turner,9300000,Justin,Turner,justin,turner,turneju01
2023,BOS,Adam Duvall,7500000,Adam,Duvall,adam,duvall,duvalad01
2023,BOS,Alex Verdugo,6300000,Alex,Verdugo,alex,verdugo,verdual01
2023,BOS,Nick Pivetta,5350000,Nick,Pivetta,nick,pivetta,pivetni01
2023,BOS,Garrett Whitlock,2000000,Garrett,Whitlock,garrett,whitlock,whitlga01
2023,BOS,Reese McGuire,1225000,Reese,McGuire,reese,mcguire,mcguire01
2023,BOS,Rob Refsnyder,1200000,Rob,Refsnyder,rob,refsnyder,refsnro01
2023,BOS,Kutter Crawford,1069133,Kutter,Crawford,kutter,crawford,crawfku01
2023,BOS,Brayan Bello,1048572,Brayan,Bello,brayan,bello,bellobr01
2023,BOS,John Schreiber,750000,John,Schreiber,john,schreiber,schrejo01
2023,BOS,Tanner Houck,740000,Tanner,Houck,tanner,houck,houckta01
2023,BOS,Zack Kelly,723500,Zack,Kelly,zack,kelly,kellyza01
2023,BOS,Josh Winckowski,722000,Josh,Winckowski,josh,winckowski,winckjo01
2023,BOS,Connor Wong,722000,Connor,Wong,connor,wong,wongco01
2023,BOS,Brennan Bernardino,569037,Brennan,Bernardino,brennan,bernardino,bernabr01
2023,BOS,Pablo Reyes,545811,Pablo,Reyes,pablo,reyes,reyespa01
2023,BOS,Chris Murphy,309680,Chris,Murphy,chris,murphy,murphch01
2023,BOS,Mauricio Llovera,255486,Mauricio,Llovera,mauricio,llovera,llovema01
2023,BOS,Enmanuel Valdez,255486,Enmanuel,Valdez,enmanuel,valdez,valdeen01
2023,BOS,Wilyer Abreu,154840,Wilyer,Abreu,wilyer,abreu,abreuwi02
2023,BOS,Ceddanne Rafaela,131614,Ceddanne,Rafaela,ceddanne,rafaela,rafaece01
2023,BOS,Bobby Dalbec,123872,Bobby,Dalbec,bobby,dalbec,dalbebo01
2023,BOS,Nick Robertson,77420,Nick,Robertson,nick,robertson,roberni01
2023,BOS,Corey Kluber,10000000,Corey,Kluber,corey,kluber,klubeco01
2023,BOS,Chris Martin,6000000,Chris,Martin,chris,martin,martich01
2023,BOS,James Paxton,4000000,James,Paxton,james,paxton,patoja01
2023,BOS,Adalberto Mondesi,3045000,Adalberto,Mondesi,adalberto,mondesi,mondead01
2023,BOS,Luis Urias,1541409,Luis,Urias,luis,urias,uriaslu01
2023,BOS,Joely Rodriguez,1500000,Joely,Rodriguez,joely,rodriguez,rodrijo07
2023,BOS,Jarren Duran,984464,Jarren,Duran,jarren,duran,duranja01
2023,BOS,Triston Casas,732500,Triston,Casas,triston,casas,casastr01
2023,BOS,Wyatt Mills,727500,Wyatt,Mills,wyatt,mills,millswy01
2023,BOS,Kaleb Ort,543480,Kaleb,Ort,kaleb,ort,ortka01
2023,TB,Zach Eflin,11000000,Zach,Eflin,zach,eflin,eflinza01
2023,TB,Manuel Margot,7000000,Manuel,Margot,manuel,margot,margoma01
2023,TB,Yandy Diaz,6000000,Yandy,Diaz,yandy,diaz,diazya02
2023,TB,Tyler Glasnow,5350000,Tyler,Glasnow,tyler,glasnow,glasnty01
2023,TB,Randy Arozarena,4150000,Randy,Arozarena,randy,arozarena,arozara01
2023,TB,Pete Fairbanks,3666666,Pete,Fairbanks,pete,fairbanks,fairbpe01
2023,TB,Harold Ramirez,2200000,Harold,Ramirez,harold,ramirez,ramirha02
2023,TB,Andrew Kittredge,2075000,Andrew,Kittredge,andrew,kittredge,kittran01
2023,TB,Christian Bethancourt,1350000,Christian,Bethancourt,christian,bethancourt,bethach01
2023,TB,Isaac Paredes,1343788,Isaac,Paredes,isaac,paredes,paredis01
2023,TB,Josh Lowe,1247408,Josh,Lowe,josh,lowe,lowejo01
2023,TB,Shawn Armstrong,1200000,Shawn,Armstrong,shawn,armstrong,armstsh01
2023,TB,Colin Poche,1175000,Colin,Poche,colin,poche,pocheco01
2023,TB,Robert Stephenson,1138489,Robert,Stephenson,robert,stephenson,stephro01
2023,TB,Aaron Civale,866636,Aaron,Civale,aaron,civale,civalaa01
2023,TB,Taylor Walls,727600,Taylor,Walls,taylor,walls,wallsta01
2023,TB,Kevin Kelly,720000,Kevin,Kelly,kevin,kelly,kellyke01
2023,TB,Jake Diekman,557424,Jake,Diekman,jake,diekman,diekmja01
2023,TB,Zack Littell,549682,Zack,Littell,zack,littell,litteza01
2023,TB,Taj Bradley,433552,Taj,Bradley,taj,bradley,bradlta01
2023,TB,Rene Pinto,278712,Rene,Pinto,rene,pinto,pintore02
2023,TB,Curtis Mead,224518,Curtis,Mead,curtis,mead,meadcu01
2023,TB,Jonathan Aranda,205163,Jonathan,Aranda,jonathan,aranda,arandjo01
2023,TB,Osleivis Basabe,189679,Osleivis,Basabe,osleivis,basabe,basabos01
2023,TB,Chris Devenski,112259,Chris,Devenski,chris,devenski,devench01
2023,TB,Jacob Lopez,42581,Jacob,Lopez,jacob,lopez,lopezja01
2023,TB,Raimel Tapia,38710,Raimel,Tapia,raimel,tapia,tapiara01
2023,TB,Junior Caminero,34839,Junior,Caminero,junior,caminero,caminju01
2023,TB,Brandon Lowe,5250000,Brandon,Lowe,brandon,lowe,lowebr01
2023,TB,Jeffrey Springs,4000000,Jeffrey,Springs,jeffrey,springs,sprinje01
2023,TB,Jason Adam,1775000,Jason,Adam,jason,adam,adamja01
2023,TB,Jose Siri,1103064,Jose,Siri,jose,siri,sirijo01
2023,TB,Shane McClanahan,1086912,Shane,McClanahan,shane,mcclanahan,mcclash01
2023,TB,Luke Raley,1085314,Luke,Raley,luke,raley,raleylu01
2023,TB,Drew Rasmussen,739700,Drew,Rasmussen,drew,rasmussen,rasmudr01
2023,TB,Garrett Cleavinger,725100,Garrett,Cleavinger,garrett,cleavinger,cleavga01
2023,TB,Shane Baz,723600,Shane,Baz,shane,baz,bazsh01
2023,TB,Calvin Faucher,325836,Calvin,Faucher,calvin,faucher,fauchca01
2023,TB,Greg Jones,58065,Greg,Jones,greg,jones,jonesgr02
2023,TOR,George Springer,22500000,George,Springer,george,springer,springe01
2023,TOR,Kevin Gausman,21000000,Kevin,Gausman,kevin,gausman,gausmke01
2023,TOR,Chris Bassitt,21000000,Chris,Bassitt,chris,bassitt,bassich01
2023,TOR,Hyun-Jin Ryu,20000000,Hyun-Jin,Ryu,hyunjin,ryu,ryuhy01
2023,TOR,Jose Berrios,15000000,Jose,Berrios,jose,berrios,berrijo01
2023,TOR,Vladimir Guerrero Jr.,14500000,Vladimir,Guerrero,vladimir,guerrero,guerrvl02
2023,TOR,Matt Chapman,12000000,Matt,Chapman,matt,chapman,chapmma01
2023,TOR,Yusei Kikuchi,10000000,Yusei,Kikuchi,yusei,kikuchi,kikucyu01
2023,TOR,Brandon Belt,9300000,Brandon,Belt,brandon,belt,beltbr01
2023,TOR,Kevin Kiermaier,9000000,Kevin,Kiermaier,kevin,kiermaier,kiermke01
2023,TOR,Whit Merrifield,6750000,Whit,Merrifield,whit,merrifield,merriwh01
2023,TOR,Bo Bichette,6100000,Bo,Bichette,bo,bichette,bichebo01
2023,TOR,Yimi Garcia,6000000,Yimi,Garcia,yimi,garcia,garciyi01
2023,TOR,Jordan Romano,4537500,Jordan,Romano,jordan,romano,romanjo01
2023,TOR,Daulton Varsho,3050000,Daulton,Varsho,daulton,varsho,varshda01
2023,TOR,Cavan Biggio,2800000,Cavan,Biggio,cavan,biggio,biggica01
2023,TOR,Chad Green,2250000,Chad,Green,chad,green,greench01
2023,TOR,Santiago Espinal,2100000,Santiago,Espinal,santiago,espinal,espinsa01
2023,TOR,Tim Mayza,2100000,Tim,Mayza,tim,mayza,mayzati01
2023,TOR,Trevor Richards,1500000,Trevor,Richards,trevor,richards,richatr01
2023,TOR,Erik Swanson,1250000,Erik,Swanson,erik,swanson,swanser01
2023,TOR,Alejandro Kirk,1018217,Alejandro,Kirk,alejandro,kirk,kirkal01
2023,TOR,Jordan Hicks,622377,Jordan,Hicks,jordan,hicks,hicksjo01
2023,TOR,Davis Schneider,490191,Davis,Schneider,davis,schneider,schneda04
2023,TOR,Genesis Cabrera,367776,Genesis,Cabrera,genesis,cabrera,cabrege01
2023,TOR,Tyler Heineman,220647,Tyler,Heineman,tyler,heineman,heinety01
2023,TOR,Cam Eden,42581,Cam,Eden,cam,eden,edenca01
2023,TOR,Wes Parsons,3871,Wes,Parsons,wes,parsons,parsowe01
2023,TOR,Danny Jansen,3500000,Danny,Jansen,danny,jansen,janseda01
2023,TOR,Adam Cimber,3150000,Adam,Cimber,adam,cimber,cimbead01
2023,TOR,Hagen Danner,197421,Hagen,Danner,hagen,danner,danneha01
2023,TOR,Otto Lopez,3871,Otto,Lopez,otto,lopez,lopezot01
2023,CLE,Jose Ramirez,13849462,Jose,Ramirez,jose,ramirez,ramirjo01
2023,CLE,Shane Bieber,10010000,Shane,Bieber,shane,bieber,biebesh01
2023,CLE,Andres Gimenez,5558541,Andres,Gimenez,andres,gimenez,gimenan01
2023,CLE,Cal Quantrill,5500000,Cal,Quantrill,cal,quantrill,quantca01
2023,CLE,Josh Naylor,3350000,Josh,Naylor,josh,naylor,naylojo01
2023,CLE,Myles Straw,2500000,Myles,Straw,myles,straw,strawmy01
2023,CLE,Emmanuel Clase,2091935,Emmanuel,Clase,emmanuel,clase,claseem01
2023,CLE,Lucas Giolito,1733334,Lucas,Giolito,lucas,giolito,giolilu01
2023,CLE,James Karinchak,1500000,James,Karinchak,james,karinchak,karinja01
2023,CLE,Trevor Stephan,1350000,Trevor,Stephan,trevor,stephan,stephtr01
2023,CLE,Cam Gallagher,1250000,Cam,Gallagher,cam,gallagher,gallaca01
2023,CLE,Steven Kwan,1204403,Steven,Kwan,steven,kwan,kwanst01
2023,CLE,Ramon Laureano,1049730,Ramon,Laureano,ramon,laureano,laurera01
2023,CLE,Enyel De Los Santos,750000,Enyel De Los,Santos,enyeldelos,santos,santoen01
2023,CLE,Triston McKenzie,739500,Triston,McKenzie,triston,mckenzie,mckentr01
2023,CLE,Bo Naylor,731725,Bo,Naylor,bo,naylor,naylobo01
2023,CLE,Sam Hentges,730200,Sam,Hentges,sam,hentges,hentgsa01
2023,CLE,Eli Morgan,727000,Eli,Morgan,eli,morgan,morgael01
2023,CLE,Nick Sandlin,726000,Nick,Sandlin,nick,sandlin,sandlni01
2023,CLE,Xzavion Curry,720100,Xzavion,Curry,xzavion,curry,curryz01
2023,CLE,Will Brennan,720100,Will,Brennan,will,brennan,brennwi02
2023,CLE,Reynaldo Lopez,604159,Reynaldo,Lopez,reynaldo,lopez,lopezre01
2023,CLE,Tyler Freeman,592263,Tyler,Freeman,tyler,freeman,freemty01
2023,CLE,Gavin Williams,394842,Gavin,Williams,gavin,williams,williga01
2023,CLE,Oscar Gonzalez,306915,Oscar,Gonzalez,oscar,gonzalez,gonzaos01
2023,CLE,Kole Calhoun,224518,Kole,Calhoun,kole,calhoun,calhoko01
2023,CLE,Jose Tena,158711,Jose,Tena,jose,tena,tenajo01
2023,CLE,Brayan Rocchio,131614,Brayan,Rocchio,brayan,rocchio,rocchbr01
2023,CLE,Tanner Bibee,1628549,Tanner,Bibee,tanner,bibee,bibeeta01
2023,CLE,Logan Allen,824695,Logan,Allen,logan,allen,allenlo01
2023,CLE,Gabriel Arias,720100,Gabriel,Arias,gabriel,arias,ariasga01
2023,DET,Miguel Cabrera,32000000,Miguel,Cabrera,miguel,cabrera,cabremi01
2023,DET,Javier Baez,22000000,Javier,Baez,javier,baez,baezja01
2023,DET,Eduardo Rodriguez,14000000,Eduardo,Rodriguez,eduardo,rodriguez,rodried01
2023,DET,Jose Cisnero,2287500,Jose,Cisnero,jose,cisnero,cisnejo01
2023,DET,Tarik Skubal,1152187,Tarik,Skubal,tarik,skubal,skubata01
2023,DET,Jake Rogers,1090212,Jake,Rogers,jake,rogers,rogerja03
2023,DET,Kerry Carpenter,1051359,Kerry,Carpenter,kerry,carpenter,carpeke01
2023,DET,Jason Foley,1007122,Jason,Foley,jason,foley,foleyja01
2023,DET,Matt Vierling,984276,Matt,Vierling,matt,vierling,vierlma01
2023,DET,Tyler Holton,923089,Tyler,Holton,tyler,holton,holtoty01
2023,DET,Zach McKinstry,734500,Zach,McKinstry,zach,mckinstry,mckinza01
2023,DET,Trey Wingenter,731136,Trey,Wingenter,trey,wingenter,wingetr01
2023,DET,Alex Lange,726000,Alex,Lange,alex,lange,langeal01
2023,DET,Beau Brieske,724400,Beau,Brieske,beau,brieske,briesbe01
2023,DET,Spencer Torkelson,723100,Spencer,Torkelson,spencer,torkelson,torkesp01
2023,DET,Akil Baddoo,682520,Akil,Baddoo,akil,baddoo,baddoak01
2023,DET,Will Vest,630973,Will,Vest,will,vest,vestwi01
2023,DET,Zack Short,607747,Zack,Short,zack,short,shortza01
2023,DET,Andy Ibanez,600005,Andy,Ibanez,andy,ibanez,ibanean01
2023,DET,Reese Olson,468391,Reese,Olson,reese,olson,olsonre01
2023,DET,Tyler Nevin,307073,Tyler,Nevin,tyler,nevin,nevinty01
2023,DET,Andrew Vasquez,225620,Andrew,Vasquez,andrew,vasquez,vasquan01
2023,DET,Carson Kelly,166453,Carson,Kelly,carson,kelly,kellyca02
2023,DET,Parker Meadows,158711,Parker,Meadows,parker,meadows,meadopa01
2023,DET,Garrett Hill,143671,Garrett,Hill,garrett,hill,hillga01
2023,DET,Miguel Diaz,116130,Miguel,Diaz,miguel,diaz,diazmi01
2023,DET,Andre Lipcius,116130,Andre,Lipcius,andre,lipcius,lipcian01
2023,DET,Brenan Hanifee,42581,Brenan,Hanifee,brenan,hanifee,hanifbr01
2023,DET,Matt Boyd,10000000,Matt,Boyd,matt,boyd,boydma01
2023,DET,Austin Meadows,4300000,Austin,Meadows,austin,meadows,meadoau01
2023,DET,Tyler Alexander,1875000,Tyler,Alexander,tyler,alexander,aleaty01
2023,DET,Riley Greene,1092264,Riley,Greene,riley,greene,greenri02
2023,DET,Casey Mize,734200,Casey,Mize,casey,mize,mizeca01
2023,DET,Matt Manning,729200,Matt,Manning,matt,manning,mannima01
2023,DET,Mason Englert,720000,Mason,Englert,mason,englert,englema01
2023,DET,Freddy Pacheco,720000,Freddy,Pacheco,freddy,pacheco,pachefr01
2023,DET,Alex Faedo,452907,Alex,Faedo,alex,faedo,faedoal01
2023,KC,Salvador Perez,20000000,Salvador,Perez,salvador,perez,perezsa02
2023,KC,Zack Greinke,13300000,Zack,Greinke,zack,greinke,greinza01
2023,KC,Jordan Lyles,8500000,Jordan,Lyles,jordan,lyles,lylesjo01
2023,KC,Bobby Witt Jr.,1582598,Bobby,Witt,bobby,witt,wittbo02
2023,KC,Matt Duffy,1500000,Matt,Duffy,matt,duffy,duffyma01
2023,KC,Taylor Clarke,1150000,Taylor,Clarke,taylor,clarke,clarkta01
2023,KC,Cole Ragans,914674,Cole,Ragans,cole,ragans,raganco01
2023,KC,Maikel Garcia,895613,Maikel,Garcia,maikel,garcia,garcima01
2023,KC,Carlos Hernandez,730250,Carlos,Hernandez,carlos,hernandez,hernaca01
2023,KC,Kyle Isbel,727500,Kyle,Isbel,kyle,isbel,isbelky01
2023,KC,MJ Melendez,726500,MJ,Melendez,mj,melendez,melenmj01
2023,KC,Michael Massey,722850,Michael,Massey,michael,massey,massemi02
2023,KC,Drew Waters,722400,Drew,Waters,drew,waters,waterdr01
2023,KC,Edward Olivares,665161,Edward,Olivares,edward,olivares,olivaed02
2023,KC,Angel Zerpa,651504,Angel,Zerpa,angel,zerpa,zerpaan01
2023,KC,Nick Pratto,649226,Nick,Pratto,nick,pratto,prattni01
2023,KC,Dairon Blanco,429681,Dairon,Blanco,dairon,blanco,blancda02
2023,KC,Alec Marsh,360003,Alec,Marsh,alec,marsh,marshal01
2023,KC,Jackson Kowar,278712,Jackson,Kowar,jackson,kowar,kowarja01
2023,KC,Tucker Davidson,242658,Tucker,Davidson,tucker,davidson,davidtu01
2023,KC,Collin Snider,205163,Collin,Snider,collin,snider,snideco01
2023,KC,Nelson Velazquez,201292,Nelson,Velazquez,nelson,velazquez,velazne01
2023,KC,James McArthur,193550,James,McArthur,james,mcarthur,mcartja01
2023,KC,Steven Cruz,127743,Steven,Cruz,steven,cruz,cruzst01
2023,KC,Nick Loftin,116130,Nick,Loftin,nick,loftin,loftini01
2023,KC,Logan Porter,77420,Logan,Porter,logan,porter,portelo01
2023,KC,Jonathan Bowlan,50323,Jonathan,Bowlan,jonathan,bowlan,bowlajo01
2023,KC,Anthony Veneziano,46452,Anthony,Veneziano,anthony,veneziano,venezan01
2023,KC,Brad Keller,5775000,Brad,Keller,brad,keller,kellebr01
2023,KC,Brady Singer,2950000,Brady,Singer,brady,singer,singebr01
2023,KC,Kris Bubic,2200000,Kris,Bubic,kris,bubic,bubickr01
2023,KC,Josh Staumont,1025000,Josh,Staumont,josh,staumont,staumjo01
2023,KC,Josh Taylor,1025000,Josh,Taylor,josh,taylor,taylojo01
2023,KC,Jake Brentz,850000,Jake,Brentz,jake,brentz,brentja01
2023,KC,Daniel Lynch,730250,Daniel,Lynch,daniel,lynch,lynchda01
2023,KC,Vinnie Pasquantino,725500,Vinnie,Pasquantino,vinnie,pasquantino,pasquvi01
2023,KC,John McMillon,720000,John,McMillon,john,mcmillon,mcmiljo01
2023,KC,Freddy Fermin,615489,Freddy,Fermin,freddy,fermin,fermifr01
2023,KC,Austin Cox,398713,Austin,Cox,austin,cox,coau01
2023,MIN,Sonny Gray,13300000,Sonny,Gray,sonny,gray,grayso01
2023,MIN,Christian Vazquez,10000000,Christian,Vazquez,christian,vazquez,vazquch01
2023,MIN,Max Kepler,8500000,Max,Kepler,max,kepler,keplema01
2023,MIN,Jorge Polanco,7500000,Jorge,Polanco,jorge,polanco,polanjo01
2023,MIN,Kyle Farmer,5585000,Kyle,Farmer,kyle,farmer,farmeky01
2023,MIN,Pablo Lopez,5450000,Pablo,Lopez,pablo,lopez,lopezpa01
2023,MIN,Michael A. Taylor,4600000,Michael A.,Taylor,michaela,taylor,taylomi02
2023,MIN,Emilio Pagan,3500000,Emilio,Pagan,emilio,pagan,paganem01
2023,MIN,Kenta Maeda,3000000,Kenta,Maeda,kenta,maeda,maedake01
2023,MIN,Chris Paddack,2500000,Chris,Paddack,chris,paddack,paddach01
2023,MIN,Caleb Thielbar,2400000,Caleb,Thielbar,caleb,thielbar,thielca01
2023,MIN,Donovan Solano,2100000,Donovan,Solano,donovan,solano,solando01
2023,MIN,Willi Castro,1800000,Willi,Castro,willi,castro,castrwi01
2023,MIN,Joe Ryan,1072181,Joe,Ryan,joe,ryan,ryanjo01
2023,MIN,Ryan Jeffers,1041954,Ryan,Jeffers,ryan,jeffers,jeffery01
2023,MIN,Jhoan Duran,991789,Jhoan,Duran,jhoan,duran,duranjh01
2023,MIN,Bailey Ober,974692,Bailey,Ober,bailey,ober,oberba01
2023,MIN,Edouard Julien,920214,Edouard,Julien,edouard,julien,julieed01
2023,MIN,Griffin Jax,733150,Griffin,Jax,griffin,jax,jagr01
2023,MIN,Alex Kirilloff,715855,Alex,Kirilloff,alex,kirilloff,kirilal01
2023,MIN,Jorge Alcala,628556,Jorge,Alcala,jorge,alcala,alcaljo01
2023,MIN,Brock Stewart,615489,Brock,Stewart,brock,stewart,stewabr01
2023,MIN,Jordan Luplow,436566,Jordan,Luplow,jordan,luplow,luplojo01
2023,MIN,Matt Wallner,352261,Matt,Wallner,matt,wallner,wallnma01
2023,MIN,Trevor Larnach,323408,Trevor,Larnach,trevor,larnach,larnatr01
2023,MIN,Louie Varland,298067,Louie,Varland,louie,varland,varlalo01
2023,MIN,Kody Funderburk,131614,Kody,Funderburk,kody,funderburk,fundeko01
2023,MIN,Andrew Stevenson,116130,Andrew,Stevenson,andrew,stevenson,stevean01
2023,MIN,Carlos Correa,36000000,Carlos,Correa,carlos,correa,correca01
2023,MIN,Byron Buxton,15000000,Byron,Buxton,byron,buxton,butoby01
2023,MIN,Joey Gallo,11000000,Joey,Gallo,joey,gallo,gallojo01
2023,MIN,Tyler Mahle,7500000,Tyler,Mahle,tyler,mahle,mahlety01
2023,MIN,Royce Lewis,1068290,Royce,Lewis,royce,lewis,lewisro02
2023,MIN,Nick Gordon,735400,Nick,Gordon,nick,gordon,gordoni01
2023,MIN,Matt Canterino,720000,Matt,Canterino,matt,canterino,cantema01
2023,MIN,Jovani Moran,534848,Jovani,Moran,jovani,moran,moranjo01
2023,MIN,"Leon

Jose De Leon",534198,"Leon

Jose De",Leon,leonjosede,leon,leonle01
2023,MIN,Jose Miranda,520429,Jose,Miranda,jose,miranda,miranjo01
2023,MIN,Oliver Ortega,286454,Oliver,Ortega,oliver,ortega,ortegol01
2023,MIN,Dallas Keuchel,228389,Dallas,Keuchel,dallas,keuchel,keuchda01
2023,CHW,Yasmani Grandal,18250000,Yasmani,Grandal,yasmani,grandal,grandya01
2023,CHW,Yoan Moncada,18000000,Yoan,Moncada,yoan,moncada,moncayo01
2023,CHW,Tim Anderson,12096776,Tim,Anderson,tim,anderson,anderti01
2023,CHW,Eloy Jimenez,9500000,Eloy,Jimenez,eloy,jimenez,jimenel02
2023,CHW,Mike Clevinger,8000000,Mike,Clevinger,mike,clevinger,clevimi01
2023,CHW,Dylan Cease,5700000,Dylan,Cease,dylan,cease,ceasedy01
2023,CHW,Aaron Bummer,3750000,Aaron,Bummer,aaron,bummer,bummeaa01
2023,CHW,Elvis Andrus,3000000,Elvis,Andrus,elvis,andrus,andruel01
2023,CHW,Andrew Vaughn,760000,Andrew,Vaughn,andrew,vaughn,vaughan01
2023,CHW,Gavin Sheets,735000,Gavin,Sheets,gavin,sheets,sheetga01
2023,CHW,Garrett Crochet,733000,Garrett,Crochet,garrett,crochet,crochga01
2023,CHW,Trayce Thompson,506740,Trayce,Thompson,trayce,thompson,thomptr01
2023,CHW,Tanner Banks,487746,Tanner,Banks,tanner,banks,banksta01
2023,CHW,Touki Toussaint,402584,Touki,Toussaint,touki,toussaint,toussto01
2023,CHW,Zach Remillard,379358,Zach,Remillard,zach,remillard,remilza01
2023,CHW,Bryan Shaw,329035,Bryan,Shaw,bryan,shaw,shawbr01
2023,CHW,Lenyn Sosa,278712,Lenyn,Sosa,lenyn,sosa,sosale01
2023,CHW,Carlos Perez,267099,Carlos,Perez,carlos,perez,perezca02
2023,CHW,Lane Ramsey,220647,Lane,Ramsey,lane,ramsey,ramsela01
2023,CHW,Sammy Peralta,205163,Sammy,Peralta,sammy,peralta,peralsa01
2023,CHW,Declan Cronin,193550,Declan,Cronin,declan,cronin,cronide01
2023,CHW,Korey Lee,147098,Korey,Lee,korey,lee,leeko01
2023,CHW,Luis Patino,116130,Luis,Patino,luis,patino,patinlu01
2023,CHW,Jose Urena,85162,Jose,Urena,jose,urena,urenajo01
2023,CHW,Deivi Garcia,77420,Deivi,Garcia,deivi,garcia,garcide01
2023,CHW,Yohan Ramirez,34839,Yohan,Ramirez,yohan,ramirez,ramiryo01
2023,CHW,Liam Hendriks,14000000,Liam,Hendriks,liam,hendriks,hendrli01
2023,CHW,Andrew Benintendi,11000000,Andrew,Benintendi,andrew,benintendi,beninan01
2023,CHW,Luis Robert Jr.,9500000,Luis,Robert,luis,robert,roberlu01
2023,CHW,Michael Kopech,2050000,Michael,Kopech,michael,kopech,kopecmi01
2023,CHW,Matt Foster,734000,Matt,Foster,matt,foster,fostema01
2023,CHW,Romy Gonzalez,723000,Romy,Gonzalez,romy,gonzalez,gonzaro01
2023,CHW,Gregory Santos,720000,Gregory,Santos,gregory,santos,santogr01
2023,CHW,Jimmy Lambert,576992,Jimmy,Lambert,jimmy,lambert,lambeji01
2023,CHW,Jesse Scholtens,480004,Jesse,Scholtens,jesse,scholtens,scholje01
2023,HOU,Alex Bregman,28500000,Alex,Bregman,alex,bregman,bregmal01
2023,HOU,Jose Altuve,26000000,Jose,Altuve,jose,altuve,altuvjo01
2023,HOU,Jose Abreu,19500000,Jose,Abreu,jose,abreu,abreujo01
2023,HOU,Ryan Pressly,14000000,Ryan,Pressly,ryan,pressly,pressry01
2023,HOU,Michael Brantley,12000000,Michael,Brantley,michael,brantley,brantmi02
2023,HOU,Yordan Alvarez,12000000,Yordan,Alvarez,yordan,alvarez,alvaryo01
2023,HOU,Rafael Montero,11900000,Rafael,Montero,rafael,montero,montera01
2023,HOU,Hector Neris,8000000,Hector,Neris,hector,neris,nerishe01
2023,HOU,Framber Valdez,6800000,Framber,Valdez,framber,valdez,valdefr01
2023,HOU,Kyle Tucker,5000000,Kyle,Tucker,kyle,tucker,tuckeky01
2023,HOU,Cristian Javier,5000000,Cristian,Javier,cristian,javier,javiecr01
2023,HOU,Martin Maldonado,4000000,Martin,Maldonado,martin,maldonado,maldoma01
2023,HOU,Jose Urquidy,3025000,Jose,Urquidy,jose,urquidy,urquijo01
2023,HOU,Kendall Graveman,2795715,Kendall,Graveman,kendall,graveman,graveke01
2023,HOU,Phil Maton,2550000,Phil,Maton,phil,maton,matonph01
2023,HOU,Mauricio Dubon,1400000,Mauricio,Dubon,mauricio,dubon,dubonma01
2023,HOU,Chas McCormick,1206101,Chas,McCormick,chas,mccormick,mccorch01
2023,HOU,Jeremy Pena,1117262,Jeremy,Pena,jeremy,pena,penaje02
2023,HOU,Yainer Diaz,1053408,Yainer,Diaz,yainer,diaz,diazya02
2023,HOU,Bryan Abreu,1049307,Bryan,Abreu,bryan,abreu,abreubr01
2023,HOU,J.P. France,848243,J.P.,France,jp,france,francjp01
2023,HOU,Jake Meyers,732000,Jake,Meyers,jake,meyers,meyerja02
2023,HOU,Hunter Brown,725000,Hunter,Brown,hunter,brown,brownhu01
2023,HOU,Seth Martinez,498602,Seth,Martinez,seth,martinez,martise01
2023,HOU,Grae Kessinger,456778,Grae,Kessinger,grae,kessinger,kessigr01
2023,HOU,Jon Singleton,209034,Jon,Singleton,jon,singleton,singljo02
2023,HOU,Bennett Sousa,65807,Bennett,Sousa,bennett,sousa,sousabe01
2023,HOU,Lance McCullers,15250000,Lance,McCullers,lance,mccullers,mcculla01
2023,HOU,Luis Garcia,763200,Luis,Garcia,luis,garcia,garcilu04
2023,SEA,Julio Rodriguez,21190349,Julio,Rodriguez,julio,rodriguez,rodriju01
2023,SEA,Luis Castillo,17025000,Luis,Castillo,luis,castillo,castilu01
2023,SEA,Teoscar Hernandez,14000000,Teoscar,Hernandez,teoscar,hernandez,hernate01
2023,SEA,Eugenio Suarez,11000000,Eugenio,Suarez,eugenio,suarez,suareeu01
2023,SEA,J.P. Crawford,10000000,J.P.,Crawford,jp,crawford,crawfjp01
2023,SEA,Ty France,4100000,Ty,France,ty,france,francty01
2023,SEA,Dylan Moore,2250000,Dylan,Moore,dylan,moore,mooredy01
2023,SEA,Andres Munoz,1500000,Andres,Munoz,andres,munoz,munozan01
2023,SEA,George Kirby,1371307,George,Kirby,george,kirby,kirbyge01
2023,SEA,Cal Raleigh,1365285,Cal,Raleigh,cal,raleigh,raleica01
2023,SEA,Logan Gilbert,1236299,Logan,Gilbert,logan,gilbert,gilbelo01
2023,SEA,Jose Caballero,933544,Jose,Caballero,jose,caballero,cabaljo01
2023,SEA,Josh Rojas,858328,Josh,Rojas,josh,rojas,rojasjo03
2023,SEA,Bryce Miller,856825,Bryce,Miller,bryce,miller,millebr01
2023,SEA,Jarred Kelenic,729400,Jarred,Kelenic,jarred,kelenic,kelenja01
2023,SEA,Matt Brash,725800,Matt,Brash,matt,brash,brashma01
2023,SEA,Gabe Speier,720000,Gabe,Speier,gabe,speier,speiega01
2023,SEA,Justin Topa,677419,Justin,Topa,justin,topa,topaju01
2023,SEA,Tayler Saucedo,642420,Tayler,Saucedo,tayler,saucedo,sauceta01
2023,SEA,Mike Ford,468391,Mike,Ford,mike,ford,fordmi01
2023,SEA,Bryan Woo,464520,Bryan,Woo,bryan,woo,woobr01
2023,SEA,Sam Haggerty,425754,Sam,Haggerty,sam,haggerty,haggesa01
2023,SEA,Trent Thornton,360192,Trent,Thornton,trent,thornton,thorntr01
2023,SEA,Isaiah Campbell,321293,Isaiah,Campbell,isaiah,campbell,campbis01
2023,SEA,Dominic Canzone,240002,Dominic,Canzone,dominic,canzone,canzodo01
2023,SEA,Dominic Leone,124992,Dominic,Leone,dominic,leone,leonedo01
2023,SEA,Luis Torrens,73549,Luis,Torrens,luis,torrens,torrelu01
2023,SEA,Prelander Berroa,15484,Prelander,Berroa,prelander,berroa,berropr01
2023,SEA,Robbie Ray,21000000,Robbie,Ray,robbie,ray,rayro01
2023,SEA,Evan White,3000000,Evan,White,evan,white,whiteev01
2023,SEA,Tom Murphy,1625000,Tom,Murphy,tom,murphy,murphto04
2023,SEA,Penn Murfee,727000,Penn,Murfee,penn,murfee,murfepe01
2023,SEA,Easton McGee,600005,Easton,McGee,easton,mcgee,mcgeeea01
2023,SEA,Emerson Hancock,205163,Emerson,Hancock,emerson,hancock,hancoem01
2023,TEX,Corey Seager,35000000,Corey,Seager,corey,seager,seageco01
2023,TEX,Marcus Semien,26000000,Marcus,Semien,marcus,semien,semiema01
2023,TEX,Martin Perez,19650000,Martin,Perez,martin,perez,perezma01
2023,TEX,Nathan Eovaldi,19600000,Nathan,Eovaldi,nathan,eovaldi,eovalna01
2023,TEX,Andrew Heaney,12000000,Andrew,Heaney,andrew,heaney,heanean01
2023,TEX,Jose Leclerc,6000000,Jose,Leclerc,jose,leclerc,leclejo01
2023,TEX,Aroldis Chapman,4374973,Aroldis,Chapman,aroldis,chapman,chapmar01
2023,TEX,Nate Lowe,4050000,Nate,Lowe,nate,lowe,lowena01
2023,TEX,Will Smith,4000000,Will,Smith,will,smith,smithwi05
2023,TEX,Mitch Garver,3900000,Mitch,Garver,mitch,garver,garvemi01
2023,TEX,Jordan Montgomery,3387069,Jordan,Montgomery,jordan,montgomery,montgjo01
2023,TEX,Robbie Grossman,2000000,Robbie,Grossman,robbie,grossman,grossro01
2023,TEX,Jonah Heim,1805966,Jonah,Heim,jonah,heim,heimjo01
2023,TEX,Austin Hedges,1639802,Austin,Hedges,austin,hedges,hedgeau01
2023,TEX,Travis Jankowski,1250000,Travis,Jankowski,travis,jankowski,jankotr01
2023,TEX,Dane Dunning,1189478,Dane,Dunning,dane,dunning,dunnida01
2023,TEX,Josh Jung,1083905,Josh,Jung,josh,jung,jungjo01
2023,TEX,Leody Taveras,1069825,Leody,Taveras,leody,taveras,taverle01
2023,TEX,Jonathan Hernandez,995000,Jonathan,Hernandez,jonathan,hernandez,hernajo01
2023,TEX,Chris Stratton,948402,Chris,Stratton,chris,stratton,stratch01
2023,TEX,Adolis Garcia,747760,Adolis,Garcia,adolis,garcia,garciad02
2023,TEX,Brock Burke,742840,Brock,Burke,brock,burke,burkebr01
2023,TEX,Josh Sborz,733450,Josh,Sborz,josh,sborz,sborzjo01
2023,TEX,Josh H. Smith,727095,Josh H.,Smith,joshh,smith,smithjo09
2023,TEX,Ezequiel Duran,724170,Ezequiel,Duran,ezequiel,duran,duranez01
2023,TEX,Cody Bradford,317422,Cody,Bradford,cody,bradford,bradfco01
2023,TEX,Evan Carter,89033,Evan,Carter,evan,carter,carteev01
2023,TEX,Matt Bush,7742,Matt,Bush,matt,bush,bushma01
2023,TEX,Jacob deGrom,30000000,Jacob,deGrom,jacob,degrom,degroja01
2023,TEX,Jon Gray,15000000,Jon,Gray,jon,gray,grayjo01
2023,TEX,Jake Odorizzi,4500000,Jake,Odorizzi,jake,odorizzi,odorija01
2023,TEX,Brad Miller,4000000,Brad,Miller,brad,miller,millebr01
2023,TEX,Brett Martin,1275000,Brett,Martin,brett,martin,martibr01
2023,TEX,Ian Kennedy,100646,Ian,Kennedy,ian,kennedy,kenneia01
2023,OAK,Trevor May,7125000,Trevor,May,trevor,may,maytr01
2023,OAK,Aledmys Diaz,6750000,Aledmys,Diaz,aledmys,diaz,diazal01
2023,OAK,Tony Kemp,3725000,Tony,Kemp,tony,kemp,kempto01
2023,OAK,Paul Blackburn,1900000,Paul,Blackburn,paul,blackburn,blackpa01
2023,OAK,Brent Rooker,1037879,Brent,Rooker,brent,rooker,rookebr01
2023,OAK,Ryan Noda,1030538,Ryan,Noda,ryan,noda,nodary01
2023,OAK,Carlos Perez,740000,Carlos,Perez,carlos,perez,perezca02
2023,OAK,Seth Brown,730000,Seth,Brown,seth,brown,brownse01
2023,OAK,JP Sears,720000,JP,Sears,jp,sears,searsjp01
2023,OAK,Shea Langeliers,720000,Shea,Langeliers,shea,langeliers,langesh01
2023,OAK,Ken Waldichuk,720000,Ken,Waldichuk,ken,waldichuk,waldike01
2023,OAK,Mason Miller,720000,Mason,Miller,mason,miller,millema01
2023,OAK,Esteury Ruiz,720000,Esteury,Ruiz,esteury,ruiz,ruizes01
2023,OAK,Zack Gelof,693665,Zack,Gelof,zack,gelof,gelofza01
2023,OAK,Dany Jimenez,678252,Dany,Jimenez,dany,jimenez,jimenda01
2023,OAK,J.J. Bleday,584521,J.J.,Bleday,jj,bleday,bledajj01
2023,OAK,Luis Medina,561295,Luis,Medina,luis,medina,medinlu01
2023,OAK,Nick Allen,541940,Nick,Allen,nick,allen,allenni02
2023,OAK,Lucas Erceg,522585,Lucas,Erceg,lucas,erceg,erceglu01
2023,OAK,Jordan Diaz,487746,Jordan,Diaz,jordan,diaz,diazjo01
2023,OAK,Adrian Martinez,437423,Adrian,Martinez,adrian,martinez,martiad01
2023,OAK,Kyle Muller,394842,Kyle,Muller,kyle,muller,mulleky01
2023,OAK,Tyler Soderstrom,263228,Tyler,Soderstrom,tyler,soderstrom,soderty01
2023,OAK,Lawrence Butler,197421,Lawrence,Butler,lawrence,butler,butlela01
2023,OAK,Francisco Perez,190850,Francisco,Perez,francisco,perez,perezfr01
2023,OAK,Joe Boyle,54194,Joe,Boyle,joe,boyle,boylejo01
2023,OAK,Joey Estes,42581,Joey,Estes,joey,estes,estesjo01
2023,OAK,Drew Rucinski,3000000,Drew,Rucinski,drew,rucinski,rucindr01
2023,OAK,Zach Jackson,725000,Zach,Jackson,zach,jackson,jacksza01
2023,OAK,Freddy Tarnok,696780,Freddy,Tarnok,freddy,tarnok,tarnofr01
2023,OAK,Richard Lovelady,654193,Richard,Lovelady,richard,lovelady,lovelri01
2023,OAK,James Kaprielian,639775,James,Kaprielian,james,kaprielian,kaprija01
2023,OAK,Austin Pruitt,580650,Austin,Pruitt,austin,pruitt,pruitau01
2023,OAK,Yacksel Rios,398713,Yacksel,Rios,yacksel,rios,riosya01
2023,OAK,Angel Felipe,332906,Angel,Felipe,angel,felipe,felipan01
2023,OAK,Sean Newcomb,150969,Sean,Newcomb,sean,newcomb,newcose01
2023,LAA,Brandon Drury,8500000,Brandon,Drury,brandon,drury,drurybr01
2023,LAA,Carlos Estevez,6750000,Carlos,Estevez,carlos,estevez,estevca01
2023,LAA,David Fletcher,6000000,David,Fletcher,david,fletcher,fletcda02
2023,LAA,Brett Phillips,1200000,Brett,Phillips,brett,phillips,phillbr01
2023,LAA,Randal Grichuk,1111098,Randal,Grichuk,randal,grichuk,grichra01
2023,LAA,Jaime Barria,1050000,Jaime,Barria,jaime,barria,barrija01
2023,LAA,Reid Detmers,1014063,Reid,Detmers,reid,detmers,detmere01
2023,LAA,Griffin Canning,850000,Griffin,Canning,griffin,canning,cannigr01
2023,LAA,Mickey Moniak,812444,Mickey,Moniak,mickey,moniak,moniami01
2023,LAA,Jose Suarez,750000,Jose,Suarez,jose,suarez,suarejo01
2023,LAA,Matt Thaiss,740000,Matt,Thaiss,matt,thaiss,thaisma01
2023,LAA,Logan O'Hoppe,730000,Logan,O'Hoppe,logan,ohoppe,ohopplo01
2023,LAA,Zach Neto,654193,Zach,Neto,zach,neto,netoza01
2023,LAA,Davis Daniel,647625,Davis,Daniel,davis,daniel,danieda01
2023,LAA,Chad Wallach,603876,Chad,Wallach,chad,wallach,wallach01
2023,LAA,Ben Joyce,487746,Ben,Joyce,ben,joyce,joycebe01
2023,LAA,Jose Soriano,464520,Jose,Soriano,jose,soriano,soriajo01
2023,LAA,Chase Silseth,433552,Chase,Silseth,chase,silseth,silsech01
2023,LAA,Eduardo Escobar,387096,Eduardo,Escobar,eduardo,escobar,escobed01
2023,LAA,Mike Moustakas,379358,Mike,Moustakas,mike,moustakas,moustmi01
2023,LAA,Jo Adell,360003,Jo,Adell,jo,adell,adelljo01
2023,LAA,Andrew Wantz,322218,Andrew,Wantz,andrew,wantz,wantzan01
2023,LAA,Jimmy Herget,286272,Jimmy,Herget,jimmy,herget,hergeji01
2023,LAA,Michael Stefanic,174195,Michael,Stefanic,michael,stefanic,stefami01
2023,LAA,Nolan Schanuel,170324,Nolan,Schanuel,nolan,schanuel,schanno01
2023,LAA,Kenny Rosenberg,162582,Kenny,Rosenberg,kenny,rosenberg,rosenke01
2023,LAA,Carson Fulmer,27097,Carson,Fulmer,carson,fulmer,fulmeca01
2023,LAA,Kelvin Caceres,15484,Kelvin,Caceres,kelvin,caceres,cacerke01
2023,LAA,Anthony Rendon,37182796,Anthony,Rendon,anthony,rendon,rendoan01
2023,LAA,Mike Trout,35450000,Mike,Trout,mike,trout,troutmi01
2023,LAA,Shohei Ohtani,30000000,Shohei,Ohtani,shohei,ohtani,ohtansh01
2023,LAA,Tyler Anderson,13000000,Tyler,Anderson,tyler,anderson,anderty01
2023,LAA,Giovanny Urshela,8400000,Giovanny,Urshela,giovanny,urshela,urshegi01
2023,LAA,Aaron Loup,7500000,Aaron,Loup,aaron,loup,loupaa01
2023,LAA,Taylor Ward,2750000,Taylor,Ward,taylor,ward,wardta01
2023,LAA,Patrick Sandoval,2750000,Patrick,Sandoval,patrick,sandoval,sandopa01
2023,LAA,C.J. Cron,2416636,C.J.,Cron,cj,cron,croncj01
2023,LAA,Luis Rengifo,2300000,Luis,Rengifo,luis,rengifo,rengilu01
2023,LAA,Chris Rodriguez,740000,Chris,Rodriguez,chris,rodriguez,rodrich01
2023,LAA,Austin Warren,630973,Austin,Warren,austin,warren,warreau01
2023,LAA,Sam Bachman,495488,Sam,Bachman,sam,bachman,bachmsa01
2023,LAA,Kyren Paris,116130,Kyren,Paris,kyren,paris,parisky01
2023,PHI,Trea Turner,27272727,Trea,Turner,trea,turner,turnetr01
2023,PHI,Bryce Harper,26000000,Bryce,Harper,bryce,harper,harpebr03
2023,PHI,Zack Wheeler,24500000,Zack,Wheeler,zack,wheeler,wheelza01
2023,PHI,J.T. Realmuto,23875000,J.T.,Realmuto,jt,realmuto,realmjt01
2023,PHI,Nick Castellanos,20000000,Nick,Castellanos,nick,castellanos,casteni01
2023,PHI,Kyle Schwarber,20000000,Kyle,Schwarber,kyle,schwarber,schwaky01
2023,PHI,Taijuan Walker,18000000,Taijuan,Walker,taijuan,walker,walketa01
2023,PHI,Aaron Nola,16000000,Aaron,Nola,aaron,nola,nolaaa01
2023,PHI,Craig Kimbrel,10000000,Craig,Kimbrel,craig,kimbrel,kimbrcr01
2023,PHI,Matt Strahm,7500000,Matt,Strahm,matt,strahm,strahma01
2023,PHI,Gregory Soto,3925000,Gregory,Soto,gregory,soto,sotogr01
2023,PHI,Michael Lorenzen,3537639,Michael,Lorenzen,michael,lorenzen,lorenmi01
2023,PHI,Jose Alvarado,3500000,Jose,Alvarado,jose,alvarado,alvarjo01
2023,PHI,Ranger Suarez,2950000,Ranger,Suarez,ranger,suarez,suarera01
2023,PHI,Seranthony Dominguez,2500000,Seranthony,Dominguez,seranthony,dominguez,dominse01
2023,PHI,Jeff Hoffman,1600000,Jeff,Hoffman,jeff,hoffman,hoffmje01
2023,PHI,Bryson Stott,1362880,Bryson,Stott,bryson,stott,stottbr01
2023,PHI,Brandon Marsh,1265249,Brandon,Marsh,brandon,marsh,marshbr02
2023,PHI,Edmundo Sosa,950000,Edmundo,Sosa,edmundo,sosa,sosaed01
2023,PHI,Cristopher Sanchez,789790,Cristopher,Sanchez,cristopher,sanchez,sanchcr01
2023,PHI,Alec Bohm,748000,Alec,Bohm,alec,bohm,bohmal01
2023,PHI,Garrett Stubbs,741000,Garrett,Stubbs,garrett,stubbs,stubbga01
2023,PHI,Cristian Pache,720000,Cristian,Pache,cristian,pache,pachecr01
2023,PHI,Johan Rojas,344519,Johan,Rojas,johan,rojas,rojasjo03
2023,PHI,Nick Nelson,144180,Nick,Nelson,nick,nelson,nelsoni01
2023,PHI,Weston Wilson,73549,Weston,Wilson,weston,wilson,wilsowe01
2023,PHI,Orion Kerkering,34839,Orion,Kerkering,orion,kerkering,kerkeor01
2023,PHI,Rhys Hoskins,12000000,Rhys,Hoskins,rhys,hoskins,hoskirh01
2023,PHI,Dylan Covey,507101,Dylan,Covey,dylan,covey,coveydy01
2023,PHI,Erich Uelmen,23226,Erich,Uelmen,erich,uelmen,uelmeer01
2023,ATL,Matt Olson,21000000,Matt,Olson,matt,olson,olsonma02
2023,ATL,Ronald Acuna Jr.,17000000,Ronald,Acuna,ronald,acuna,acunaro01
2023,ATL,Marcell Ozuna,16000000,Marcell,Ozuna,marcell,ozuna,ozunama01
2023,ATL,Raisel Iglesias,16000000,Raisel,Iglesias,raisel,iglesias,iglesra01
2023,ATL,Austin Riley,15000000,Austin,Riley,austin,riley,rileyau01
2023,ATL,Max Fried,13500000,Max,Fried,max,fried,friedma01
2023,ATL,Eddie Rosario,9000000,Eddie,Rosario,eddie,rosario,rosared01
2023,ATL,Travis d'Arnaud,8000000,Travis,d'Arnaud,travis,darnaud,darnatr01
2023,ATL,Ozzie Albies,7000000,Ozzie,Albies,ozzie,albies,albieoz01
2023,ATL,Kirby Yates,6000000,Kirby,Yates,kirby,yates,yateski01
2023,ATL,"II

Michael Harris II",5576627,Michael,Harris,michael,harris,harrimi04
2023,ATL,A.J. Minter,4287500,A.J.,Minter,aj,minter,minteaj01
2023,ATL,Sean Murphy,4000000,Sean,Murphy,sean,murphy,murphse01
2023,ATL,Kevin Pillar,3000000,Kevin,Pillar,kevin,pillar,pillake01
2023,ATL,Joe Jimenez,2765000,Joe,Jimenez,joe,jimenez,jimenjo01
2023,ATL,Spencer Strider,2692833,Spencer,Strider,spencer,strider,stridsp01
2023,ATL,Pierce Johnson,2604858,Pierce,Johnson,pierce,johnson,johnspi01
2023,ATL,Orlando Arcia,2300000,Orlando,Arcia,orlando,arcia,arciaor01
2023,ATL,Brad Hand,1491965,Brad,Hand,brad,hand,handbr01
2023,ATL,Nicky Lopez,1233304,Nicky,Lopez,nicky,lopez,lopezni01
2023,ATL,Jesse Chavez,1200000,Jesse,Chavez,jesse,chavez,chaveje01
2023,ATL,Bryce Elder,1112639,Bryce,Elder,bryce,elder,elderbr01
2023,ATL,Michael Tonkin,750000,Michael,Tonkin,michael,tonkin,tonkimi01
2023,ATL,Daysbel Hernandez,270970,Daysbel,Hernandez,daysbel,hernandez,hernada01
2023,ATL,Forrest Wall,224518,Forrest,Wall,forrest,wall,wallfo01
2023,ATL,Luke Williams,220647,Luke,Williams,luke,williams,willilu01
2023,ATL,Vaughn Grissom,139356,Vaughn,Grissom,vaughn,grissom,grissva01
2023,ATL,"Shawver

AJ Smith-Shawver",135485,"Shawver

AJ",Smith-Shawver,shawveraj,smithshawver,smithsh01
2023,ATL,Dylan Dodd,77420,Dylan,Dodd,dylan,dodd,dodddy01
2023,ATL,Allan Winans,42581,Allan,Winans,allan,winans,winanal01
2023,ATL,Charlie Morton,20000000,Charlie,Morton,charlie,morton,mortoch01
2023,ATL,Collin McHugh,5000000,Collin,McHugh,collin,mchugh,mchugco01
2023,ATL,Michael Soroka,2800000,Michael,Soroka,michael,soroka,sorokmi01
2023,ATL,Tyler Matzek,1200000,Tyler,Matzek,tyler,matzek,matzety01
2023,ATL,Nick Anderson,875000,Nick,Anderson,nick,anderson,anderni01
2023,ATL,Kolby Allard,750000,Kolby,Allard,kolby,allard,allarko01
2023,ATL,Kyle Wright,750000,Kyle,Wright,kyle,wright,wrighky01
2023,ATL,Huascar Ynoa,750000,Huascar,Ynoa,huascar,ynoa,ynoahu01
2023,ATL,Sam Hilliard,750000,Sam,Hilliard,sam,hilliard,hillisa01
2023,ATL,Dylan Lee,726125,Dylan,Lee,dylan,lee,leedy01
2023,ATL,Yonny Chirinos,479850,Yonny,Chirinos,yonny,chirinos,chiriyo01
2023,ATL,Jackson Stephens,79560,Jackson,Stephens,jackson,stephens,stephja01
2023,NYM,Francisco Lindor,27000000,Francisco,Lindor,francisco,lindor,lindofr01
2023,NYM,Kodai Senga,19000000,Kodai,Senga,kodai,senga,sengako01
2023,NYM,Pete Alonso,14500000,Pete,Alonso,pete,alonso,alonspe01
2023,NYM,Jose Quintana,13000000,Jose,Quintana,jose,quintana,quintjo01
2023,NYM,Omar Narvaez,8000000,Omar,Narvaez,omar,narvaez,narvaom01
2023,NYM,Adam Ottavino,4750000,Adam,Ottavino,adam,ottavino,ottavad01
2023,NYM,Brooks Raley,4500000,Brooks,Raley,brooks,raley,raleybr01
2023,NYM,Luis Guillorme,1600000,Luis,Guillorme,luis,guillorme,guilllu01
2023,NYM,Dan Vogelbach,1500000,Dan,Vogelbach,dan,vogelbach,vogelda01
2023,NYM,Tim Locastro,1400000,Tim,Locastro,tim,locastro,locasti01
2023,NYM,Drew Smith,1300000,Drew,Smith,drew,smith,smithdr01
2023,NYM,Francisco Alvarez,1070284,Francisco,Alvarez,francisco,alvarez,alvarfr01
2023,NYM,David Peterson,750000,David,Peterson,david,peterson,peterda01
2023,NYM,Trevor Gott,580680,Trevor,Gott,trevor,gott,gotttr01
2023,NYM,Tylor Megill,572544,Tylor,Megill,tylor,megill,megilty01
2023,NYM,Brett Baty,549682,Brett,Baty,brett,baty,batybr01
2023,NYM,Danny Mendick,435456,Danny,Mendick,danny,mendick,mendida01
2023,NYM,Mark Vientos,402584,Mark,Vientos,mark,vientos,vientma01
2023,NYM,D.J. Stewart,344519,D.J.,Stewart,dj,stewart,stewadj01
2023,NYM,Grant Hartwig,344519,Grant,Hartwig,grant,hartwig,hartwgr01
2023,NYM,Phil Bickford,242658,Phil,Bickford,phil,bickford,bickfph01
2023,NYM,Rafael Ortega,236131,Rafael,Ortega,rafael,ortega,ortegra01
2023,NYM,Jose Butto,154840,Jose,Butto,jose,butto,buttojo01
2023,NYM,Reed Garrett,120001,Reed,Garrett,reed,garrett,garrere01
2023,NYM,Ronny Mauricio,116130,Ronny,Mauricio,ronny,mauricio,mauriro01
2023,NYM,Denyi Reyes,108864,Denyi,Reyes,denyi,reyes,reyesde01
2023,NYM,Michael Perez,46452,Michael,Perez,michael,perez,perezmi03
2023,NYM,Anthony Kay,27097,Anthony,Kay,anthony,kay,kayan01
2023,NYM,Starling Marte,22000000,Starling,Marte,starling,marte,martest01
2023,NYM,Brandon Nimmo,20250000,Brandon,Nimmo,brandon,nimmo,nimmobr01
2023,NYM,Carlos Carrasco,14000000,Carlos,Carrasco,carlos,carrasco,carraca01
2023,NYM,Jeff McNeil,6250000,Jeff,McNeil,jeff,mcneil,mcneije01
2023,NYM,Elieser Hernandez,1600000,Elieser,Hernandez,elieser,hernandez,hernael01
2023,NYM,Bryce Montes de Oca,722500,Bryce Montes de,Oca,brycemontesde,oca,ocabr01
2023,NYM,John Curtiss,408366,John,Curtiss,john,curtiss,curtijo01
2023,NYM,Josh Walker,317422,Josh,Walker,josh,walker,walkejo02
2023,NYM,Sean Reid-Foley,150969,Sean,Reid-Foley,sean,reidfoley,reidfse01
2023,WSH,Patrick Corbin,24000000,Patrick,Corbin,patrick,corbin,corbipa01
2023,WSH,Keibert Ruiz,4000000,Keibert,Ruiz,keibert,ruiz,ruizke01
2023,WSH,Kyle Finnegan,2325000,Kyle,Finnegan,kyle,finnegan,finneky01
2023,WSH,Lane Thomas,2200000,Lane,Thomas,lane,thomas,thomala02
2023,WSH,Dominic Smith,2000000,Dominic,Smith,dominic,smith,smithdo02
2023,WSH,Tanner Rainey,1500000,Tanner,Rainey,tanner,rainey,raineta01
2023,WSH,Josiah Gray,1041171,Josiah,Gray,josiah,gray,grayjo01
2023,WSH,CJ Abrams,1021223,CJ,Abrams,cj,abrams,abramcj01
2023,WSH,Michael Chavis,1000000,Michael,Chavis,michael,chavis,chavimi01
2023,WSH,Ildemaro Vargas,975000,Ildemaro,Vargas,ildemaro,vargas,vargail01
2023,WSH,Hunter Harvey,870000,Hunter,Harvey,hunter,harvey,harvehu01
2023,WSH,Joey Meneses,723300,Joey,Meneses,joey,meneses,menesjo01
2023,WSH,Thad Ward,720000,Thad,Ward,thad,ward,wardth01
2023,WSH,Alex Call,648127,Alex,Call,alex,call,callal01
2023,WSH,Luis Garcia,584825,Luis,Garcia,luis,garcia,garcilu04
2023,WSH,Jordan Weems,460649,Jordan,Weems,jordan,weems,weemsjo01
2023,WSH,Andres Machado,402584,Andres,Machado,andres,machado,machaan01
2023,WSH,Jose Ferrer,356132,Jose,Ferrer,jose,ferrer,ferrejo01
2023,WSH,Cory Abbott,352261,Cory,Abbott,cory,abbott,abbotco01
2023,WSH,Carter Kieboom,323326,Carter,Kieboom,carter,kieboom,kieboca01
2023,WSH,Jake Alu,274841,Jake,Alu,jake,alu,aluja01
2023,WSH,Joan Adon,259357,Joan,Adon,joan,adon,adonjo01
2023,WSH,Joe La Sorsa,247744,Joe La,Sorsa,joela,sorsa,sorsajo01
2023,WSH,Blake Rutherford,139356,Blake,Rutherford,blake,rutherford,ruthebl01
2023,WSH,Jacob Young,139356,Jacob,Young,jacob,young,youngja03
2023,WSH,Drew Millas,131614,Drew,Millas,drew,millas,milladr01
2023,WSH,Jackson Rutledge,69678,Jackson,Rutledge,jackson,rutledge,rutleja01
2023,WSH,Stephen Strasburg,23571428,Stephen,Strasburg,stephen,strasburg,strasst01
2023,WSH,Victor Robles,2325000,Victor,Robles,victor,robles,roblevi01
2023,WSH,Victor Arano,925000,Victor,Arano,victor,arano,aranovi01
2023,WSH,Riley Adams,728800,Riley,Adams,riley,adams,adamsri03
2023,WSH,MacKenzie Gore,723300,MacKenzie,Gore,mackenzie,gore,gorema01
2023,WSH,Cade Cavalli,720200,Cade,Cavalli,cade,cavalli,cavalca01
2023,WSH,Stone Garrett,704516,Stone,Garrett,stone,garrett,garrest01
2023,WSH,Jake Irvin,584521,Jake,Irvin,jake,irvin,irvinja01
2023,WSH,Travis Blankenhorn,116130,Travis,Blankenhorn,travis,blankenhorn,blanktr01
2023,MIA,Jorge Soler,19000000,Jorge,Soler,jorge,soler,solerjo01
2023,MIA,Luis Arraez,6100000,Luis,Arraez,luis,arraez,arraelu01
2023,MIA,Johnny Cueto,6000000,Johnny,Cueto,johnny,cueto,cuetojo01
2023,MIA,Josh Bell,5411310,Josh,Bell,josh,bell,belljo02
2023,MIA,David Robertson,3494595,David,Robertson,david,robertson,roberda01
2023,MIA,Jacob Stallings,3350000,Jacob,Stallings,jacob,stallings,stallja01
2023,MIA,Tanner Scott,2825000,Tanner,Scott,tanner,scott,scottta01
2023,MIA,Jesus Luzardo,2450000,Jesus,Luzardo,jesus,luzardo,luzarje01
2023,MIA,Jon Berti,2100000,Jon,Berti,jon,berti,bertijo01
2023,MIA,Yulieski Gurriel,1250000,Yulieski,Gurriel,yulieski,gurriel,gurriyu01
2023,MIA,Braxton Garrett,1198898,Braxton,Garrett,braxton,garrett,garrebr01
2023,MIA,Jazz Chisholm,1057018,Jazz,Chisholm,jazz,chisholm,chishja01
2023,MIA,Jesus Sanchez,992236,Jesus,Sanchez,jesus,sanchez,sanchje02
2023,MIA,J.T. Chargois,850000,J.T.,Chargois,jt,chargois,chargjt01
2023,MIA,Steven Okert,739000,Steven,Okert,steven,okert,okertst01
2023,MIA,A.J. Puk,736000,A.J.,Puk,aj,puk,pukaj01
2023,MIA,Bryan De La Cruz,736000,Bryan De La,Cruz,bryandela,cruz,cruzbr01
2023,MIA,Nick Fortes,730000,Nick,Fortes,nick,fortes,forteni01
2023,MIA,Andrew Nardi,723000,Andrew,Nardi,andrew,nardi,nardian01
2023,MIA,Huascar Brazoban,700560,Huascar,Brazoban,huascar,brazoban,brazohu01
2023,MIA,Jake Burger,592448,Jake,Burger,jake,burger,burgeja01
2023,MIA,Edward Cabrera,589500,Edward,Cabrera,edward,cabrera,cabreed01
2023,MIA,Garrett Hampson,576779,Garrett,Hampson,garrett,hampson,hampsga01
2023,MIA,Bryan Hoeing,553553,Bryan,Hoeing,bryan,hoeing,hoeinbr01
2023,MIA,George Soriano,418068,George,Soriano,george,soriano,soriage01
2023,MIA,Xavier Edwards,189679,Xavier,Edwards,xavier,edwards,edwara01
2023,MIA,Ryan Weathers,15648,Ryan,Weathers,ryan,weathers,weathry01
2023,MIA,Avisail Garcia,12000000,Avisail,Garcia,avisail,garcia,garciav01
2023,MIA,Sandy Alcantara,6000000,Sandy,Alcantara,sandy,alcantara,alcansa01
2023,MIA,Matt Barnes,2625000,Matt,Barnes,matt,barnes,barnema01
2023,MIA,Trevor Rogers,752000,Trevor,Rogers,trevor,rogers,rogertr01
2023,MIA,Max Meyer,721500,Max,Meyer,max,meyer,meyerma01
2023,MIA,Eury Perez,708226,Eury,Perez,eury,perez,perezeu01
2023,MIA,Tommy Nance,643208,Tommy,Nance,tommy,nance,nanceto01
2023,MIA,Jonathan Davis,507101,Jonathan,Davis,jonathan,davis,davisjo05
2023,MIL,Christian Yelich,22000000,Christian,Yelich,christian,yelich,yelicch01
2023,MIL,Brandon Woodruff,10800000,Brandon,Woodruff,brandon,woodruff,woodrbr01
2023,MIL,Corbin Burnes,10010000,Corbin,Burnes,corbin,burnes,burneco01
2023,MIL,Willy Adames,8700000,Willy,Adames,willy,adames,adamewi01
2023,MIL,Rowdy Tellez,4950000,Rowdy,Tellez,rowdy,tellez,tellero01
2023,MIL,Adrian Houser,3600000,Adrian,Houser,adrian,houser,housead01
2023,MIL,Freddy Peralta,3500000,Freddy,Peralta,freddy,peralta,peralfr01
2023,MIL,Devin Williams,3350000,Devin,Williams,devin,williams,willide01
2023,MIL,Victor Caratini,2800000,Victor,Caratini,victor,caratini,caratvi01
2023,MIL,Carlos Santana,2386296,Carlos,Santana,carlos,santana,santaca01
2023,MIL,Andrew Chafin,1803770,Andrew,Chafin,andrew,chafin,chafian01
2023,MIL,William Contreras,1552344,William,Contreras,william,contreras,contrwi02
2023,MIL,Hoby Milner,1025000,Hoby,Milner,hoby,milner,milneho01
2023,MIL,Joel Payamps,997513,Joel,Payamps,joel,payamps,payamjo01
2023,MIL,Tyrone Taylor,735400,Tyrone,Taylor,tyrone,taylor,tayloty01
2023,MIL,Bryse Wilson,732600,Bryse,Wilson,bryse,wilson,wilsobr01
2023,MIL,Garrett Mitchell,724300,Garrett,Mitchell,garrett,mitchell,mitchga01
2023,MIL,Brice Turang,634844,Brice,Turang,brice,turang,turanbr02
2023,MIL,Colin Rea,556416,Colin,Rea,colin,rea,reaco01
2023,MIL,Blake Perkins,510972,Blake,Perkins,blake,perkins,perkibl01
2023,MIL,Andruw Monasterio,491617,Andruw,Monasterio,andruw,monasterio,monasan01
2023,MIL,Trevor Megill,387100,Trevor,Megill,trevor,megill,megiltr01
2023,MIL,Abner Uribe,329035,Abner,Uribe,abner,uribe,uribeab01
2023,MIL,Sal Frelick,274841,Sal,Frelick,sal,frelick,frelisa01
2023,MIL,Mark Canha,240002,Mark,Canha,mark,canha,canhama01
2023,MIL,Josh Donaldson,77420,Josh,Donaldson,josh,donaldson,donaljo02
2023,MIL,Janson Junk,15484,Janson,Junk,janson,junk,junkja01
2023,MIL,Jesse Winker,8250000,Jesse,Winker,jesse,winker,winkeje01
2023,MIL,Aaron Ashby,2000000,Aaron,Ashby,aaron,ashby,ashbyaa01
2023,MIL,Justin Wilson,1000000,Justin,Wilson,justin,wilson,wilsoju01
2023,MIL,Elvis Peguero,650328,Elvis,Peguero,elvis,peguero,pegueel01
2023,MIL,Darin Ruf,538069,Darin,Ruf,darin,ruf,rufda01
2023,MIL,J.B. Bukauskas,189679,J.B.,Bukauskas,jb,bukauskas,bukaujb01
2023,CHC,Marcus Stroman,25000000,Marcus,Stroman,marcus,stroman,stromma01
2023,CHC,Dansby Swanson,20000000,Dansby,Swanson,dansby,swanson,swansda01
2023,CHC,Seiya Suzuki,17000000,Seiya,Suzuki,seiya,suzuki,suzukse01
2023,CHC,Kyle Hendricks,14000000,Kyle,Hendricks,kyle,hendricks,hendrky01
2023,CHC,Jameson Taillon,14000000,Jameson,Taillon,jameson,taillon,taillja01
2023,CHC,Ian Happ,13850000,Ian,Happ,ian,happ,happia01
2023,CHC,Cody Bellinger,12500000,Cody,Bellinger,cody,bellinger,bellico01
2023,CHC,Yan Gomes,6500000,Yan,Gomes,yan,gomes,gomesya01
2023,CHC,Jeimer Candelario,2466684,Jeimer,Candelario,jeimer,candelario,candeje01
2023,CHC,Justin Steele,2413331,Justin,Steele,justin,steele,steelju01
2023,CHC,Adbert Alzolay,1008544,Adbert,Alzolay,adbert,alzolay,alzolad01
2023,CHC,Javier Assad,851563,Javier,Assad,javier,assad,assadja01
2023,CHC,Mark Leiter Jr.,850000,Mark,Leiter,mark,leiter,leitema01
2023,CHC,Patrick Wisdom,763000,Patrick,Wisdom,patrick,wisdom,wisdopa01
2023,CHC,Julian Merryweather,737000,Julian,Merryweather,julian,merryweather,merryju01
2023,CHC,Christopher Morel,561295,Christopher,Morel,christopher,morel,morelch01
2023,CHC,Mike Tauchman,522585,Mike,Tauchman,mike,tauchman,tauchmi01
2023,CHC,Miguel Amaya,495488,Miguel,Amaya,miguel,amaya,amayami01
2023,CHC,Miles Mastrobuoni,402896,Miles,Mastrobuoni,miles,mastrobuoni,mastrmi01
2023,CHC,Daniel Palencia,340648,Daniel,Palencia,daniel,palencia,palenda01
2023,CHC,Jose Cuas,241986,Jose,Cuas,jose,cuas,cuasjo01
2023,CHC,Jared Young,123872,Jared,Young,jared,young,youngja03
2023,CHC,Alexander Canario,116130,Alexander,Canario,alexander,canario,canaral01
2023,CHC,Luke Little,96775,Luke,Little,luke,little,littllu01
2023,CHC,"Armstrong

Pete Crow-Armstrong",77420,"Armstrong

Pete",Crow-Armstrong,armstrongpete,crowarmstrong,crowaar01
2023,CHC,Shane Greene,27097,Shane,Greene,shane,greene,greensh01
2023,CHC,Tyler Duffey,3871,Tyler,Duffey,tyler,duffey,duffety01
2023,CHC,Michael Fulmer,4000000,Michael,Fulmer,michael,fulmer,fulmemi01
2023,CHC,Nico Hoerner,2525000,Nico,Hoerner,nico,hoerner,hoernni01
2023,CHC,Brad Boxberger,2000000,Brad,Boxberger,brad,boxberger,bobebr01
2023,CHC,Nick Madrigal,1225000,Nick,Madrigal,nick,madrigal,madrini01
2023,CHC,Codi Heuer,785000,Codi,Heuer,codi,heuer,heuerco01
2023,CHC,Brandon Hughes,728000,Brandon,Hughes,brandon,hughes,hughebr01
2023,CHC,Ethan Roberts,721000,Ethan,Roberts,ethan,roberts,roberet01
2023,CHC,Nick Burdi,538069,Nick,Burdi,nick,burdi,burdini01
2023,STL,Paul Goldschmidt,26000000,Paul,Goldschmidt,paul,goldschmidt,goldspa01
2023,STL,Miles Mikolas,23750000,Miles,Mikolas,miles,mikolas,mikolmi01
2023,STL,Adam Wainwright,7500000,Adam,Wainwright,adam,wainwright,wainwad01
2023,STL,Tommy Edman,4200000,Tommy,Edman,tommy,edman,edmanto01
2023,STL,Drew VerHagen,3500000,Drew,VerHagen,drew,verhagen,verhadr01
2023,STL,Dakota Hudson,2650000,Dakota,Hudson,dakota,hudson,hudsoda01
2023,STL,Ryan Helsley,2150000,Ryan,Helsley,ryan,helsley,helslry01
2023,STL,Lars Nootbaar,1185492,Lars,Nootbaar,lars,nootbaar,nootbla01
2023,STL,Andrew Knizner,1100000,Andrew,Knizner,andrew,knizner,kniznan01
2023,STL,Andre Pallante,646305,Andre,Pallante,andre,pallante,pallaan01
2023,STL,Jordan Walker,576779,Jordan,Walker,jordan,walker,walkejo02
2023,STL,Zack Thompson,448270,Zack,Thompson,zack,thompson,thompza01
2023,STL,Matthew Liberatore,445165,Matthew,Liberatore,matthew,liberatore,liberma01
2023,STL,Luken Baker,301938,Luken,Baker,luken,baker,bakerlu01
2023,STL,Jose Fermin,263228,Jose,Fermin,jose,fermin,fermijo01
2023,STL,Andrew Suarez,251615,Andrew,Suarez,andrew,suarez,suarean01
2023,STL,John King,236131,John,King,john,king,kingjo01
2023,STL,Juan Yepez,236131,Juan,Yepez,juan,yepez,yepezju01
2023,STL,Casey Lawrence,181937,Casey,Lawrence,casey,lawrence,lawreca01
2023,STL,Richard Palacios,174195,Richard,Palacios,richard,palacios,palacri01
2023,STL,Masyn Winn,170324,Masyn,Winn,masyn,winn,winnma01
2023,STL,Drew Rom,158711,Drew,Rom,drew,rom,romdr01
2023,STL,Jacob Barnes,154840,Jacob,Barnes,jacob,barnes,barneja01
2023,STL,James Naile,154840,James,Naile,james,naile,naileja01
2023,STL,Ivan Herrera,120001,Ivan,Herrera,ivan,herrera,herreiv01
2023,STL,Juniel Querecuto,69678,Juniel,Querecuto,juniel,querecuto,quereju01
2023,STL,Mike Siani,34839,Mike,Siani,mike,siani,sianimi01
2023,STL,Irving Lopez,34839,Irving,Lopez,irving,lopez,lopezir01
2023,STL,Nolan Arenado,13025000,Nolan,Arenado,nolan,arenado,arenano01
2023,STL,Steven Matz,10000000,Steven,Matz,steven,matz,matzst01
2023,STL,Willson Contreras,10000000,Willson,Contreras,willson,contreras,contrwi02
2023,STL,Tyler O'Neill,4950000,Tyler,O'Neill,tyler,oneill,oneilty01
2023,STL,Giovanny Gallegos,4500000,Giovanny,Gallegos,giovanny,gallegos,gallegi01
2023,STL,Nolan Gorman,1052029,Nolan,Gorman,nolan,gorman,gormano01
2023,STL,Dylan Carlson,742400,Dylan,Carlson,dylan,carlson,carlsdy01
2023,STL,Packy Naughton,728750,Packy,Naughton,packy,naughton,naughpa01
2023,STL,Brendan Donovan,728600,Brendan,Donovan,brendan,donovan,donovbr01
2023,STL,Alec Burleson,721450,Alec,Burleson,alec,burleson,burleal01
2023,STL,Wilking Rodriguez,720400,Wilking,Rodriguez,wilking,rodriguez,rodriwi01
2023,STL,JoJo Romero,433552,JoJo,Romero,jojo,romero,romerjo01
2023,STL,Guillo Zuniga,166453,Guillo,Zuniga,guillo,zuniga,zuniggu01
2023,CIN,Joey Votto,25000000,Joey,Votto,joey,votto,vottojo01
2023,CIN,Hunter Greene,3000000,Hunter,Greene,hunter,greene,greenhu01
2023,CIN,Nick Senzel,1950000,Nick,Senzel,nick,senzel,senzeni01
2023,CIN,Buck Farmer,1750000,Buck,Farmer,buck,farmer,farmebu01
2023,CIN,T.J. Friedl,1298575,T.J.,Friedl,tj,friedl,friedtj01
2023,CIN,Lucas Sims,1267500,Lucas,Sims,lucas,sims,simslu01
2023,CIN,Luke Maile,1175000,Luke,Maile,luke,maile,mailelu01
2023,CIN,Alex Young,1150000,Alex,Young,alex,young,youngal01
2023,CIN,Spencer Steer,980125,Spencer,Steer,spencer,steer,steersp01
2023,CIN,Will Benson,857559,Will,Benson,will,benson,bensowi01
2023,CIN,Jonathan India,760000,Jonathan,India,jonathan,india,indiajo01
2023,CIN,Andrew Abbott,756647,Andrew,Abbott,andrew,abbott,abbotan01
2023,CIN,Tyler Stephenson,740000,Tyler,Stephenson,tyler,stephenson,stephty01
2023,CIN,Jake Fraley,740000,Jake,Fraley,jake,fraley,fraleja01
2023,CIN,Ian Gibaut,730000,Ian,Gibaut,ian,gibaut,gibauia01
2023,CIN,Alexis Diaz,730000,Alexis,Diaz,alexis,diaz,diazal01
2023,CIN,Elly De La Cruz,722284,Elly De La,Cruz,ellydela,cruz,cruzel01
2023,CIN,Fernando Cruz,720000,Fernando,Cruz,fernando,cruz,cruzfe01
2023,CIN,Ben Lively,720000,Ben,Lively,ben,lively,livelbe01
2023,CIN,Stuart Fairchild,578716,Stuart,Fairchild,stuart,fairchild,faircst01
2023,CIN,Brandon Williamson,534198,Brandon,Williamson,brandon,williamson,willibr01
2023,CIN,Christian Encarnacion-Strand,294196,Christian,Encarnacion-Strand,christian,encarnacionstrand,encarch01
2023,CIN,Sam Moll,241676,Sam,Moll,sam,moll,mollsa01
2023,CIN,Noelvi Marte,166453,Noelvi,Marte,noelvi,marte,marteno01
2023,CIN,Nick Martini,154840,Nick,Martini,nick,martini,martini02
2023,CIN,Connor Phillips,96775,Connor,Phillips,connor,phillips,phillco01
2023,CIN,Alan Busenitz,65807,Alan,Busenitz,alan,busenitz,busenal01
2023,CIN,Curt Casali,2500000,Curt,Casali,curt,casali,casalcu01
2023,CIN,Harrison Bader,1033339,Harrison,Bader,harrison,bader,baderha01
2023,CIN,Matt McLain,983942,Matt,McLain,matt,mclain,mclaima01
2023,CIN,Justin Dunn,900000,Justin,Dunn,justin,dunn,dunnju01
2023,CIN,Tejay Antone,770000,Tejay,Antone,tejay,antone,antonte01
2023,CIN,Vladimir Gutierrez,730000,Vladimir,Gutierrez,vladimir,gutierrez,gutievl01
2023,CIN,Nick Lodolo,730000,Nick,Lodolo,nick,lodolo,lodolni01
2023,CIN,Connor Overton,730000,Connor,Overton,connor,overton,overtco01
2023,CIN,Graham Ashcraft,722500,Graham,Ashcraft,graham,ashcraft,ashcrgr01
2023,CIN,Reiver Sanmartin,720000,Reiver,Sanmartin,reiver,sanmartin,sanmare01
2023,CIN,Daniel Duarte,325164,Daniel,Duarte,daniel,duarte,duartda01
2023,PIT,Ke'Bryan Hayes,10480929,Ke'Bryan,Hayes,kebryan,hayes,hayeske01
2023,PIT,Bryan Reynolds,8750000,Bryan,Reynolds,bryan,reynolds,reynobr01
2023,PIT,Mitch Keller,2437500,Mitch,Keller,mitch,keller,kellemi01
2023,PIT,Miguel Andujar,1525000,Miguel,Andujar,miguel,andujar,andujmi01
2023,PIT,Jack Suwinski,1130720,Jack,Suwinski,jack,suwinski,suwinja01
2023,PIT,Johan Oviedo,1054981,Johan,Oviedo,johan,oviedo,oviedjo01
2023,PIT,David Bednar,1027802,David,Bednar,david,bednar,bednada01
2023,PIT,Connor Joe,735000,Connor,Joe,connor,joe,joeco01
2023,PIT,Ji-Hwan Bae,725000,Ji-Hwan,Bae,jihwan,bae,baeji01
2023,PIT,Jose Hernandez,720000,Jose,Hernandez,jose,hernandez,hernajo01
2023,PIT,Jason Delay,661941,Jason,Delay,jason,delay,delayja01
2023,PIT,Dauri Moreta,608088,Dauri,Moreta,dauri,moreta,moretda01
2023,PIT,Joshua Palacios,518714,Joshua,Palacios,joshua,palacios,palacjo01
2023,PIT,Carmen Mlodzinski,414197,Carmen,Mlodzinski,carmen,mlodzinski,mlodzca01
2023,PIT,Ryan Borucki,406455,Ryan,Borucki,ryan,borucki,borucry01
2023,PIT,Henry Davis,402584,Henry,Davis,henry,davis,davishe01
2023,PIT,Jared Triolo,298067,Jared,Triolo,jared,triolo,triolja01
2023,PIT,Osvaldo Bido,298067,Osvaldo,Bido,osvaldo,bido,bidoos01
2023,PIT,Liover Peguero,294196,Liover,Peguero,liover,peguero,pegueli01
2023,PIT,Endy Rodriguez,294196,Endy,Rodriguez,endy,rodriguez,rodrien01
2023,PIT,Alfonso Rivas,236131,Alfonso,Rivas,alfonso,rivas,rivasal01
2023,PIT,Andre Jackson,225272,Andre,Jackson,andre,jackson,jacksan01
2023,PIT,Cody Bolton,220647,Cody,Bolton,cody,bolton,boltoco01
2023,PIT,Colin Selby,209034,Colin,Selby,colin,selby,selbyco01
2023,PIT,Quinn Priester,181937,Quinn,Priester,quinn,priester,priesqu01
2023,PIT,Nick Gonzales,178066,Nick,Gonzales,nick,gonzales,gonzani01
2023,PIT,Hunter Stratton,104517,Hunter,Stratton,hunter,stratton,strathu01
2023,PIT,Kyle Nicolas,46452,Kyle,Nicolas,kyle,nicolas,nicolky01
2023,PIT,Marco Gonzales,6500000,Marco,Gonzales,marco,gonzales,gonzama01
2023,PIT,Andrew McCutchen,5000000,Andrew,McCutchen,andrew,mccutchen,mccutan01
2023,PIT,Vince Velasquez,3150000,Vince,Velasquez,vince,velasquez,velasvi01
2023,PIT,Jarlin Garcia,2500000,Jarlin,Garcia,jarlin,garcia,garcija01
2023,PIT,JT Brubaker,2275000,JT,Brubaker,jt,brubaker,brubajt01
2023,PIT,Colin Holderman,725000,Colin,Holderman,colin,holderman,holdeco01
2023,PIT,Oneil Cruz,720000,Oneil,Cruz,oneil,cruz,cruzon01
2023,PIT,Tucupita Marcano,654193,Tucupita,Marcano,tucupita,marcano,marcatu01
2023,PIT,Angel Perdomo,464520,Angel,Perdomo,angel,perdomo,perdoan01
2023,PIT,Bailey Falter,224637,Bailey,Falter,bailey,falter,falteba01
2023,LAD,Clayton Kershaw,20000000,Clayton,Kershaw,clayton,kershaw,kershcl01
2023,LAD,Freddie Freeman,20000000,Freddie,Freeman,freddie,freeman,freemfr01
2023,LAD,Mookie Betts,17000000,Mookie,Betts,mookie,betts,bettsmo01
2023,LAD,Chris Taylor,15000000,Chris,Taylor,chris,taylor,tayloch03
2023,LAD,Max Muncy,13500000,Max,Muncy,max,muncy,muncyma01
2023,LAD,J.D. Martinez,10000000,J.D.,Martinez,jd,martinez,martijd02
2023,LAD,David Peralta,8000000,David,Peralta,david,peralta,peralda01
2023,LAD,Will Smith,5250000,Will,Smith,will,smith,smithwi05
2023,LAD,Miguel Rojas,5000000,Miguel,Rojas,miguel,rojas,rojasmi02
2023,LAD,Austin Barnes,3500000,Austin,Barnes,austin,barnes,barneau01
2023,LAD,Joe Kelly,3145155,Joe,Kelly,joe,kelly,kellyjo01
2023,LAD,Ryan Yarbrough,3000000,Ryan,Yarbrough,ryan,yarbrough,yarbrry01
2023,LAD,Amed Rosario,2767710,Amed,Rosario,amed,rosario,rosaram01
2023,LAD,Shelby Miller,1500000,Shelby,Miller,shelby,miller,millesh01
2023,LAD,James Outman,1303448,James,Outman,james,outman,outmaja01
2023,LAD,Evan Phillips,1300000,Evan,Phillips,evan,phillips,phillev01
2023,LAD,Brusdar Graterol,1225000,Brusdar,Graterol,brusdar,graterol,gratebr01
2023,LAD,Enrique Hernandez,1102121,Enrique,Hernandez,enrique,hernandez,hernaen02
2023,LAD,Caleb Ferguson,1100000,Caleb,Ferguson,caleb,ferguson,ferguca01
2023,LAD,Bobby Miller,913136,Bobby,Miller,bobby,miller,millebo01
2023,LAD,Jason Heyward,720000,Jason,Heyward,jason,heyward,heywaja01
2023,LAD,Michael Grove,687468,Michael,Grove,michael,grove,grovemi01
2023,LAD,Ryan Pepiot,598136,Ryan,Pepiot,ryan,pepiot,pepiory01
2023,LAD,Alex Vesia,592704,Alex,Vesia,alex,vesia,vesiaal01
2023,LAD,Victor Gonzalez,429681,Victor,Gonzalez,victor,gonzalez,gonzavi01
2023,LAD,Ryan Brasier,402584,Ryan,Brasier,ryan,brasier,brasiry01
2023,LAD,Emmet Sheehan,305809,Emmet,Sheehan,emmet,sheehan,sheehem01
2023,LAD,Kolten Wong,116130,Kolten,Wong,kolten,wong,wongko01
2023,LAD,Walker Buehler,8025000,Walker,Buehler,walker,buehler,buehlwa01
2023,LAD,Blake Treinen,8000000,Blake,Treinen,blake,treinen,treinbl01
2023,LAD,Daniel Hudson,6500000,Daniel,Hudson,daniel,hudson,hudsoda01
2023,LAD,Tony Gonsolin,3250000,Tony,Gonsolin,tony,gonsolin,gonsoto01
2023,LAD,Dustin May,1675000,Dustin,May,dustin,may,maydu01
2023,LAD,Yency Almonte,1500000,Yency,Almonte,yency,almonte,almonye01
2023,LAD,Jimmy Nelson,1200000,Jimmy,Nelson,jimmy,nelson,nelsoji01
2023,LAD,Alex Reyes,1100000,Alex,Reyes,alex,reyes,reyesal01
2023,LAD,Gavin Lux,750000,Gavin,Lux,gavin,lux,luga01
2023,LAD,J.P. Feyereisen,750000,J.P.,Feyereisen,jp,feyereisen,feyerjp01
2023,LAD,Tyler Cyr,522585,Tyler,Cyr,tyler,cyr,cyrty01
2023,LAD,Jake Marisnick,309680,Jake,Marisnick,jake,marisnick,marisja01
2023,LAD,Gus Varland,181937,Gus,Varland,gus,varland,varlagu01
2023,SD,Xander Bogaerts,30000000,Xander,Bogaerts,xander,bogaerts,bogaea01
2023,SD,Manny Machado,23000000,Manny,Machado,manny,machado,machama01
2023,SD,Juan Soto,23000000,Juan,Soto,juan,soto,sotoju01
2023,SD,Blake Snell,16000000,Blake,Snell,blake,snell,snellbl01
2023,SD,Josh Hader,14100000,Josh,Hader,josh,hader,haderjo01
2023,SD,Nick Martinez,11000000,Nick,Martinez,nick,martinez,martini02
2023,SD,Robert Suarez,10000000,Robert,Suarez,robert,suarez,suarero01
2023,SD,Seth Lugo,8750000,Seth,Lugo,seth,lugo,lugose01
2023,SD,Michael Wacha,8000000,Michael,Wacha,michael,wacha,wachami01
2023,SD,Ha-seong Kim,7000000,Ha-seong,Kim,haseong,kim,kimha01
2023,SD,Fernando Tatis Jr.,5617284,Fernando,Tatis,fernando,tatis,tatisfe02
2023,SD,Luis Garcia,3500000,Luis,Garcia,luis,garcia,garcilu04
2023,SD,Trent Grisham,3175000,Trent,Grisham,trent,grisham,grishtr01
2023,SD,Rich Hill,2623671,Rich,Hill,rich,hill,hillri01
2023,SD,Scott Barlow,1738195,Scott,Barlow,scott,barlow,barlosc01
2023,SD,Ji-Man Choi,1525000,Ji-Man,Choi,jiman,choi,choiji01
2023,SD,Garrett Cooper,1377441,Garrett,Cooper,garrett,cooper,coopega03
2023,SD,Tom Cosgrove,611618,Tom,Cosgrove,tom,cosgrove,cosgrto01
2023,SD,Eguy Rosario,584823,Eguy,Rosario,eguy,rosario,rosareg01
2023,SD,Jose Azocar,463029,Jose,Azocar,jose,azocar,azocajo01
2023,SD,Brett Sullivan,305809,Brett,Sullivan,brett,sullivan,sullibr01
2023,SD,Pedro Avila,278712,Pedro,Avila,pedro,avila,avilape01
2023,SD,Matt Batten,274841,Matt,Batten,matt,batten,battema01
2023,SD,Ray Kerr,263228,Ray,Kerr,ray,kerr,kerrra01
2023,SD,Matt Waldron,193550,Matt,Waldron,matt,waldron,waldrma01
2023,SD,Jurickson Profar,89033,Jurickson,Profar,jurickson,profar,profaju01
2023,SD,Jose Espada,34839,Jose,Espada,jose,espada,espadjo01
2023,SD,Chandler Seagle,7742,Chandler,Seagle,chandler,seagle,seaglch01
2023,SD,Yu Darvish,30000000,Yu,Darvish,yu,darvish,darviyu01
2023,SD,Joe Musgrove,20000000,Joe,Musgrove,joe,musgrove,musgrjo01
2023,SD,Drew Pomeranz,10000000,Drew,Pomeranz,drew,pomeranz,pomerdr01
2023,SD,Matt Carpenter,6500000,Matt,Carpenter,matt,carpenter,carpema01
2023,SD,Jake Cronenworth,4225000,Jake,Cronenworth,jake,cronenworth,croneja01
2023,SD,Tim Hill,1850000,Tim,Hill,tim,hill,hillti01
2023,SD,Gary Sanchez,1419350,Gary,Sanchez,gary,sanchez,sanchga02
2023,SD,Steven Wilson,726400,Steven,Wilson,steven,wilson,wilsost01
2023,SD,Luis Campusano,722700,Luis,Campusano,luis,campusano,campulu01
2023,SD,Drew Carlton,514843,Drew,Carlton,drew,carlton,carltdr01
2023,SD,Reiss Knehr,398713,Reiss,Knehr,reiss,knehr,knehrre01
2023,SD,Alek Jacob,332906,Alek,Jacob,alek,jacob,jacobal01
2023,ARI,Ketel Marte,14000000,Ketel,Marte,ketel,marte,marteke01
2023,ARI,Merrill Kelly,8000000,Merrill,Kelly,merrill,kelly,kellyme01
2023,ARI,Corbin Carroll,7812337,Corbin,Carroll,corbin,carroll,carroco02
2023,ARI,Christian Walker,6500000,Christian,Walker,christian,walker,walkech02
2023,ARI,Zac Gallen,5600000,Zac,Gallen,zac,gallen,galleza01
2023,ARI,Lourdes Gurriel Jr.,5400000,Lourdes,Gurriel,lourdes,gurriel,gurrilo01
2023,ARI,Evan Longoria,5000000,Evan,Longoria,evan,longoria,longoev01
2023,ARI,Miguel Castro,4350000,Miguel,Castro,miguel,castro,castrmi01
2023,ARI,Tommy Pham,3639802,Tommy,Pham,tommy,pham,phamto01
2023,ARI,Jace Peterson,1650028,Jace,Peterson,jace,peterson,peterja01
2023,ARI,Paul Sewald,1366666,Paul,Sewald,paul,sewald,sewalpa01
2023,ARI,Gabriel Moreno,1109648,Gabriel,Moreno,gabriel,moreno,morenga01
2023,ARI,Geraldo Perdomo,1097318,Geraldo,Perdomo,geraldo,perdomo,perdoge01
2023,ARI,Kevin Ginkel,686394,Kevin,Ginkel,kevin,ginkel,ginkeke01
2023,ARI,Ryne Nelson,625485,Ryne,Nelson,ryne,nelson,nelsory01
2023,ARI,Joe Mantiply,617880,Joe,Mantiply,joe,mantiply,mantijo01
2023,ARI,Alek Thomas,604809,Alek,Thomas,alek,thomas,thomaal01
2023,ARI,Emmanuel Rivera,538069,Emmanuel,Rivera,emmanuel,rivera,riverem01
2023,ARI,Brandon Pfaadt,371616,Brandon,Pfaadt,brandon,pfaadt,pfaadbr01
2023,ARI,Luis Frias,301938,Luis,Frias,luis,frias,friaslu01
2023,ARI,Bryce Jarvis,150969,Bryce,Jarvis,bryce,jarvis,jarvibr01
2023,ARI,Ryan Thompson,135485,Ryan,Thompson,ryan,thompson,thompry01
2023,ARI,Pavin Smith,120960,Pavin,Smith,pavin,smith,smithpa04
2023,ARI,Justin Martinez,116130,Justin,Martinez,justin,martinez,martiju01
2023,ARI,Andrew Saalfrank,104517,Andrew,Saalfrank,andrew,saalfrank,saalfan01
2023,ARI,Seby Zavala,96775,Seby,Zavala,seby,zavala,zavalse01
2023,ARI,Jordan Lawlar,92904,Jordan,Lawlar,jordan,lawlar,lawlajo01
2023,ARI,Mark Melancon,6000000,Mark,Melancon,mark,melancon,melanma01
2023,ARI,Scott McGough,2500000,Scott,McGough,scott,mcgough,mcgousc01
2023,ARI,Corbin Martin,728400,Corbin,Martin,corbin,martin,martico01
2023,ARI,Tommy Henry,619360,Tommy,Henry,tommy,henry,henryto01
2023,ARI,Drey Jameson,595170,Drey,Jameson,drey,jameson,jamesdr01
2023,ARI,Austin Adams,518714,Austin,Adams,austin,adams,adamsau01
2023,ARI,Dominic Fletcher,236131,Dominic,Fletcher,dominic,fletcher,fletcdo01
2023,SF,Joc Pederson,19650000,Joc,Pederson,joc,pederson,pederjo01
2023,SF,Michael Conforto,18000000,Michael,Conforto,michael,conforto,confomi01
2023,SF,Brandon Crawford,16000000,Brandon,Crawford,brandon,crawford,crawfbr01
2023,SF,Alex Wood,12500000,Alex,Wood,alex,wood,woodal01
2023,SF,Ross Stripling,12500000,Ross,Stripling,ross,stripling,stripro01
2023,SF,Sean Manaea,12500000,Sean,Manaea,sean,manaea,manaese01
2023,SF,Taylor Rogers,9000000,Taylor,Rogers,taylor,rogers,rogerta01
2023,SF,Wilmer Flores,6500000,Wilmer,Flores,wilmer,flores,florewi01
2023,SF,Mike Yastrzemski,6100000,Mike,Yastrzemski,mike,yastrzemski,yastrmi01
2023,SF,Logan Webb,4600000,Logan,Webb,logan,webb,webblo01
2023,SF,Austin Slater,3200000,Austin,Slater,austin,slater,slateau01
2023,SF,Luke Jackson,3000000,Luke,Jackson,luke,jackson,jackslu01
2023,SF,John Brebbia,2300000,John,Brebbia,john,brebbia,brebbjo01
2023,SF,Thairo Estrada,2250000,Thairo,Estrada,thairo,estrada,estrath01
2023,SF,Tyler Rogers,1675000,Tyler,Rogers,tyler,rogers,rogerty01
2023,SF,LaMonte Wade Jr.,1375000,LaMonte,Wade,lamonte,wade,wadela01
2023,SF,Camilo Doval,1041472,Camilo,Doval,camilo,doval,dovalca01
2023,SF,Patrick Bailey,897891,Patrick,Bailey,patrick,bailey,bailepa01
2023,SF,Blake Sabol,720000,Blake,Sabol,blake,sabol,sabolbl01
2023,SF,Ryan Walker,522585,Ryan,Walker,ryan,walker,walkery01
2023,SF,Tristan Beck,491617,Tristan,Beck,tristan,beck,becktr01
2023,SF,Casey Schmitt,456778,Casey,Schmitt,casey,schmitt,schmica01
2023,SF,Luis Matos,371616,Luis,Matos,luis,matos,matoslu01
2023,SF,Keaton Winn,197421,Keaton,Winn,keaton,winn,winnke01
2023,SF,Sean Hjelle,147098,Sean,Hjelle,sean,hjelle,hjellse01
2023,SF,Kyle Harrison,135485,Kyle,Harrison,kyle,harrison,harriky01
2023,SF,Marco Luciano,61936,Marco,Luciano,marco,luciano,luciama01
2023,SF,Tyler Fitzgerald,38710,Tyler,Fitzgerald,tyler,fitzgerald,fitzgty01
2023,SF,Anthony DeSclafani,12000000,Anthony,DeSclafani,anthony,desclafani,desclan01
2023,SF,Mitch Haniger,11000000,Mitch,Haniger,mitch,haniger,hanigmi01
2023,SF,Alex Cobb,9000000,Alex,Cobb,alex,cobb,cobbal01
2023,SF,J.D. Davis,4210000,J.D.,Davis,jd,davis,davisjd01
2023,SF,Jake Junis,2800000,Jake,Junis,jake,junis,junisja01
2023,SF,Roberto Perez,2500000,Roberto,Perez,roberto,perez,perezro01
2023,SF,Scott Alexander,1150000,Scott,Alexander,scott,alexander,aleasc01
2023,SF,Thomas Szapucki,723750,Thomas,Szapucki,thomas,szapucki,szaputh01
2023,SF,Cole Waites,329035,Cole,Waites,cole,waites,waiteco01
2023,SF,Mark Mathias,209664,Mark,Mathias,mark,mathias,mathima01
2022,COL,Kris Bryant,27000000,Kris,Bryant,kris,bryant,bryankr01
2022,COL,Charlie Blackmon,15000000,Charlie,Blackmon,charlie,blackmon,blackch02
2022,COL,Ryan McMahon,9000000,Ryan,McMahon,ryan,mcmahon,mcmahry01
2022,COL,Elias Diaz,5500000,Elias,Diaz,elias,diaz,diazel01
2022,COL,Brent Suter,3000000,Brent,Suter,brent,suter,suterbr01
2022,COL,Brendan Rodgers,2700000,Brendan,Rodgers,brendan,rodgers,rodgebr02
2022,COL,Harold Castro,1300000,Harold,Castro,harold,castro,castrha01
2022,COL,Tyler Kinley,1200000,Tyler,Kinley,tyler,kinley,kinlety01
2022,COL,Nolan Jones,1050018,Nolan,Jones,nolan,jones,jonesno01
2022,COL,Ezequiel Tovar,992785,Ezequiel,Tovar,ezequiel,tovar,tovarez01
2022,COL,Jake Bird,722000,Jake,Bird,jake,bird,birdja01
2022,COL,Justin Lawrence,722000,Justin,Lawrence,justin,lawrence,lawreju01
2022,COL,Sean Bouchard,652176,Sean,Bouchard,sean,bouchard,bouchse01
2022,COL,Alan Trejo,632766,Alan,Trejo,alan,trejo,trejoal01
2022,COL,Brenton Doyle,619360,Brenton,Doyle,brenton,doyle,doylebr02
2022,COL,Austin Wynns,576779,Austin,Wynns,austin,wynns,wynnsau01
2022,COL,Ty Blach,550002,Ty,Blach,ty,blach,blachty01
2022,COL,Chase Anderson,549682,Chase,Anderson,chase,anderson,anderch01
2022,COL,Elehuris Montero,531834,Elehuris,Montero,elehuris,montero,monteel01
2022,COL,Connor Seabold,493014,Connor,Seabold,connor,seabold,seaboco01
2022,COL,Nick Mears,437423,Nick,Mears,nick,mears,mearsni01
2022,COL,Matt Koch,371616,Matt,Koch,matt,koch,kochma01
2022,COL,Gavin Hollowell,263228,Gavin,Hollowell,gavin,hollowell,holloga01
2022,COL,Chris Flexen,251615,Chris,Flexen,chris,flexen,fleech01
2022,COL,Karl Kauffmann,162582,Karl,Kauffmann,karl,kauffmann,kauffka01
2022,COL,Tommy Doyle,154840,Tommy,Doyle,tommy,doyle,doyleto01
2022,COL,Hunter Goodman,135485,Hunter,Goodman,hunter,goodman,goodmhu01
2022,COL,Victor Vodnik,89033,Victor,Vodnik,victor,vodnik,vodnivi01
2022,COL,German Marquez,15000000,German,Marquez,german,marquez,marquge01
2022,COL,Kyle Freeland,10500000,Kyle,Freeland,kyle,freeland,freelky01
2022,COL,Daniel Bard,9500000,Daniel,Bard,daniel,bard,bardda01
2022,COL,Antonio Senzatela,7250000,Antonio,Senzatela,antonio,senzatela,senzaan01
2022,COL,Austin Gomber,1650000,Austin,Gomber,austin,gomber,gombeau01
2022,COL,Lucas Gilbreath,725000,Lucas,Gilbreath,lucas,gilbreath,gilbrlu01
2022,COL,Ryan Feltner,722000,Ryan,Feltner,ryan,feltner,feltnry01
2022,COL,Peter Lambert,550044,Peter,Lambert,peter,lambert,lambepe01
2022,COL,Ryan Rolison,545720,Ryan,Rolison,ryan,rolison,rolisry01
2022,NYY,Gerrit Cole,36000000,Gerrit,Cole,gerrit,cole,colege01
2022,NYY,Josh Donaldson,23000000,Josh,Donaldson,josh,donaldson,donaljo02
2022,NYY,Giancarlo Stanton,19000000,Giancarlo,Stanton,giancarlo,stanton,stantgi01
2022,NYY,Aaron Judge,19000000,Aaron,Judge,aaron,judge,judgeaa01
2022,NYY,Aroldis Chapman,18000000,Aroldis,Chapman,aroldis,chapman,chapmar01
2022,NYY,Anthony Rizzo,16000000,Anthony,Rizzo,anthony,rizzo,rizzoan01
2022,NYY,D.J. LeMahieu,15000000,D.J.,LeMahieu,dj,lemahieu,lemahdj01
2022,NYY,Luis Severino,11000000,Luis,Severino,luis,severino,severlu01
2022,NYY,Aaron Hicks,10500000,Aaron,Hicks,aaron,hicks,hicksaa01
2022,NYY,Gleyber Torres,6250000,Gleyber,Torres,gleyber,torres,torregl01
2022,NYY,Jameson Taillon,5800000,Jameson,Taillon,jameson,taillon,taillja01
2022,NYY,Isiah Kiner-Falefa,4700000,Isiah,Kiner-Falefa,isiah,kinerfalefa,kineris01
2022,NYY,Miguel Castro,2620000,Miguel,Castro,miguel,castro,castrmi01
2022,NYY,Wandy Peralta,2150000,Wandy,Peralta,wandy,peralta,peralwa01
2022,NYY,Domingo German,1750000,Domingo,German,domingo,german,germado01
2022,NYY,Harrison Bader,1652736,Harrison,Bader,harrison,bader,baderha01
2022,NYY,Jonathan Loaisiga,1650000,Jonathan,Loaisiga,jonathan,loaisiga,loaisjo01
2022,NYY,Matt Carpenter,1450548,Matt,Carpenter,matt,carpenter,carpema01
2022,NYY,Nestor Cortes,1325331,Nestor,Cortes,nestor,cortes,cortene01
2022,NYY,Jose Trevino,1166633,Jose,Trevino,jose,trevino,trevijo01
2022,NYY,Marwin Gonzalez,1150000,Marwin,Gonzalez,marwin,gonzalez,gonzama01
2022,NYY,Clay Holmes,1100000,Clay,Holmes,clay,holmes,holmecl01
2022,NYY,Lou Trivino,1071460,Lou,Trivino,lou,trivino,trivilo01
2022,NYY,Kyle Higashioka,935000,Kyle,Higashioka,kyle,higashioka,higasky01
2022,NYY,Lucas Luetge,905000,Lucas,Luetge,lucas,luetge,luetglu01
2022,NYY,Scott Effross,484039,Scott,Effross,scott,effross,effrosc01
2022,NYY,Clarke Schmidt,481545,Clarke,Schmidt,clarke,schmidt,schmicl01
2022,NYY,Oswaldo Cabrera,188454,Oswaldo,Cabrera,oswaldo,cabrera,cabreos01
2022,NYY,Oswald Peraza,130764,Oswald,Peraza,oswald,peraza,perazos02
2022,NYY,Zack Britton,14000000,Zack,Britton,zack,britton,brittza01
2022,NYY,Chad Green,4000000,Chad,Green,chad,green,greench01
2022,NYY,Andrew Benintendi,3222507,Andrew,Benintendi,andrew,benintendi,beninan01
2022,NYY,Frankie Montas,1794650,Frankie,Montas,frankie,montas,montafr01
2022,NYY,Michael King,984410,Michael,King,michael,king,kingmi01
2022,NYY,Stephen Ridings,702500,Stephen,Ridings,stephen,ridings,ridinst01
2022,NYY,Ron Marinaccio,611514,Ron,Marinaccio,ron,marinaccio,marinro01
2022,NYY,Luis Gil,149994,Luis,Gil,luis,gil,gillu01
2022,BAL,Jordan Lyles,6000000,Jordan,Lyles,jordan,lyles,lylesjo01
2022,BAL,Anthony Santander,3150000,Anthony,Santander,anthony,santander,santaan02
2022,BAL,John Means,2950000,John,Means,john,means,meansjo01
2022,BAL,Adley Rutschman,1704457,Adley,Rutschman,adley,rutschman,rutscad01
2022,BAL,Cedric Mullins,1171472,Cedric,Mullins,cedric,mullins,mullice01
2022,BAL,Jorge Mateo,1044868,Jorge,Mateo,jorge,mateo,mateojo01
2022,BAL,Dean Kremer,986127,Dean,Kremer,dean,kremer,kremede01
2022,BAL,Ryan Mountcastle,945238,Ryan,Mountcastle,ryan,mountcastle,mountry01
2022,BAL,Austin Hays,929943,Austin,Hays,austin,hays,haysau01
2022,BAL,Cionel Perez,921645,Cionel,Perez,cionel,perez,perezci01
2022,BAL,Robinson Chirinos,900000,Robinson,Chirinos,robinson,chirinos,chiriro01
2022,BAL,Dillon Tate,711500,Dillon,Tate,dillon,tate,tatedi01
2022,BAL,Keegan Akin,701640,Keegan,Akin,keegan,akin,akinke01
2022,BAL,Bryan Baker,700500,Bryan,Baker,bryan,baker,bakerbr01
2022,BAL,Rougned Odor,700000,Rougned,Odor,rougned,odor,odorro01
2022,BAL,Ryan McKenna,669164,Ryan,McKenna,ryan,mckenna,mckenry01
2022,BAL,Kyle Bradish,615360,Kyle,Bradish,kyle,bradish,bradiky01
2022,BAL,Austin Voth,576960,Austin,Voth,austin,voth,vothau01
2022,BAL,Spenser Watkins,557670,Spenser,Watkins,spenser,watkins,watkisp01
2022,BAL,Brett Phillips,492288,Brett,Phillips,brett,phillips,phillbr01
2022,BAL,Tyler Nevin,465366,Tyler,Nevin,tyler,nevin,nevinty01
2022,BAL,Terrin Vavra,273066,Terrin,Vavra,terrin,vavra,vavrate01
2022,BAL,Mike Baumann,223416,Mike,Baumann,mike,baumann,baumami01
2022,BAL,Anthony Bemboom,210000,Anthony,Bemboom,anthony,bemboom,bemboan01
2022,BAL,Kyle Stowers,196146,Kyle,Stowers,kyle,stowers,stoweky01
2022,BAL,Logan Gillaspie,173070,Logan,Gillaspie,logan,gillaspie,gillalo01
2022,BAL,D.L. Hall,138456,D.L.,Hall,dl,hall,halldl01
2022,BAL,Gunnar Henderson,134610,Gunnar,Henderson,gunnar,henderson,hendegu01
2022,BAL,Jesus Aguilar,130764,Jesus,Aguilar,jesus,aguilar,aguilje01
2022,BAL,Yennier Cano,30768,Yennier,Cano,yennier,cano,canoye01
2022,BAL,Ramon Urias,1032218,Ramon,Urias,ramon,urias,uriasra01
2022,BAL,Felix Bautista,980022,Felix,Bautista,felix,bautista,bautife01
2022,BAL,Tyler Wells,704500,Tyler,Wells,tyler,wells,wellsty01
2022,BAL,Chris Ellis,649974,Chris,Ellis,chris,ellis,ellisch01
2022,BOS,Xander Bogaerts,20000000,Xander,Bogaerts,xander,bogaerts,bogaea01
2022,BOS,J.D. Martinez,19350000,J.D.,Martinez,jd,martinez,martijd02
2022,BOS,Nathan Eovaldi,17000000,Nathan,Eovaldi,nathan,eovaldi,eovalna01
2022,BOS,Rafael Devers,11200000,Rafael,Devers,rafael,devers,deverra01
2022,BOS,Matt Barnes,9000000,Matt,Barnes,matt,barnes,barnema01
2022,BOS,Michael Wacha,7000000,Michael,Wacha,michael,wacha,wachami01
2022,BOS,Enrique Hernandez,7000000,Enrique,Hernandez,enrique,hernandez,hernaen02
2022,BOS,Rich Hill,5500000,Rich,Hill,rich,hill,hillri01
2022,BOS,Alex Verdugo,3550000,Alex,Verdugo,alex,verdugo,verdual01
2022,BOS,Matt Strahm,3000000,Matt,Strahm,matt,strahm,strahma01
2022,BOS,Nick Pivetta,2650000,Nick,Pivetta,nick,pivetta,pivetni01
2022,BOS,Ryan Brasier,1400000,Ryan,Brasier,ryan,brasier,brasiry01
2022,BOS,Christian Arroyo,1200000,Christian,Arroyo,christian,arroyo,arroych01
2022,BOS,John Schreiber,845128,John,Schreiber,john,schreiber,schrejo01
2022,BOS,Bobby Dalbec,643372,Bobby,Dalbec,bobby,dalbec,dalbebo01
2022,BOS,Brayan Bello,311526,Brayan,Bello,brayan,bello,bellobr01
2022,BOS,Kaleb Ort,265374,Kaleb,Ort,kaleb,ort,ortka01
2022,BOS,Reese McGuire,254016,Reese,McGuire,reese,mcguire,mcguire01
2022,BOS,Connor Wong,199992,Connor,Wong,connor,wong,wongco01
2022,BOS,Zack Kelly,146148,Zack,Kelly,zack,kelly,kellyza01
2022,BOS,Triston Casas,119226,Triston,Casas,triston,casas,casastr01
2022,BOS,Darwinzon Hernandez,92304,Darwinzon,Hernandez,darwinzon,hernandez,hernada01
2022,BOS,Yu-Cheng Chang,89148,Yu-Cheng,Chang,yucheng,chang,changyu01
2022,BOS,Frank German,73074,Frank,German,frank,german,germafr01
2022,BOS,Chris Sale,20000000,Chris,Sale,chris,sale,salech01
2022,BOS,Trevor Story,20000000,Trevor,Story,trevor,story,storytr01
2022,BOS,James Paxton,6000000,James,Paxton,james,paxton,patoja01
2022,BOS,Josh Taylor,1025000,Josh,Taylor,josh,taylor,taylojo01
2022,BOS,Garrett Whitlock,720000,Garrett,Whitlock,garrett,whitlock,whitlga01
2022,BOS,Tanner Houck,716000,Tanner,Houck,tanner,houck,houckta01
2022,BOS,Franchy Cordero,630087,Franchy,Cordero,franchy,cordero,cordefr01
2022,BOS,Rob Refsnyder,553896,Rob,Refsnyder,rob,refsnyder,refsnro01
2022,BOS,Kutter Crawford,547694,Kutter,Crawford,kutter,crawford,crawfku01
2022,TB,Corey Kluber,13000000,Corey,Kluber,corey,kluber,klubeco01
2022,TB,Wander Franco,6000000,Wander,Franco,wander,franco,francwa01
2022,TB,Manuel Margot,5600000,Manuel,Margot,manuel,margot,margoma01
2022,TB,Tyler Glasnow,5100000,Tyler,Glasnow,tyler,glasnow,glasnty01
2022,TB,Brooks Raley,4250000,Brooks,Raley,brooks,raley,raleybr01
2022,TB,Ji-Man Choi,3200000,Ji-Man,Choi,jiman,choi,choiji01
2022,TB,David Peralta,3095055,David,Peralta,david,peralta,peralda01
2022,TB,Yandy Diaz,2800000,Yandy,Diaz,yandy,diaz,diazya02
2022,TB,Francisco Mejia,1455000,Francisco,Mejia,francisco,mejia,mejiafr01
2022,TB,Shane McClanahan,1274544,Shane,McClanahan,shane,mcclanahan,mcclash01
2022,TB,Jason Adam,1203534,Jason,Adam,jason,adam,adamja01
2022,TB,Drew Rasmussen,1127002,Drew,Rasmussen,drew,rasmussen,rasmudr01
2022,TB,Randy Arozarena,1081673,Randy,Arozarena,randy,arozarena,arozara01
2022,TB,Jeffrey Springs,947500,Jeffrey,Springs,jeffrey,springs,sprinje01
2022,TB,Isaac Paredes,864767,Isaac,Paredes,isaac,paredes,paredis01
2022,TB,Jalen Beeks,750000,Jalen,Beeks,jalen,beeks,beeksja01
2022,TB,Harold Ramirez,728000,Harold,Ramirez,harold,ramirez,ramirha02
2022,TB,Pete Fairbanks,714400,Pete,Fairbanks,pete,fairbanks,fairbpe01
2022,TB,J.T. Chargois,710500,J.T.,Chargois,jt,chargois,chargjt01
2022,TB,Taylor Walls,704000,Taylor,Walls,taylor,walls,wallsta01
2022,TB,Christian Bethancourt,700000,Christian,Bethancourt,christian,bethancourt,bethach01
2022,TB,Shawn Armstrong,700000,Shawn,Armstrong,shawn,armstrong,armstsh01
2022,TB,Jose Siri,479447,Jose,Siri,jose,siri,sirijo01
2022,TB,Josh Fleming,388700,Josh,Fleming,josh,fleming,flemijo01
2022,TB,Vidal Brujan,269220,Vidal,Brujan,vidal,brujan,brujavi01
2022,TB,Rene Pinto,249990,Rene,Pinto,rene,pinto,pintore02
2022,TB,Jonathan Aranda,173070,Jonathan,Aranda,jonathan,aranda,arandjo01
2022,TB,Javier Guerra,158793,Javier,Guerra,javier,guerra,guerrja01
2022,TB,Garrett Cleavinger,152139,Garrett,Cleavinger,garrett,cleavinger,cleavga01
2022,TB,Jimmy Yacabonis,61536,Jimmy,Yacabonis,jimmy,yacabonis,yacabji01
2022,TB,Kevin Kiermaier,12000000,Kevin,Kiermaier,kevin,kiermaier,kiermke01
2022,TB,Mike Zunino,7000000,Mike,Zunino,mike,zunino,zuninmi01
2022,TB,Brandon Lowe,4000000,Brandon,Lowe,brandon,lowe,lowebr01
2022,TB,Ryan Yarbrough,3850000,Ryan,Yarbrough,ryan,yarbrough,yarbrry01
2022,TB,Andrew Kittredge,1850000,Andrew,Kittredge,andrew,kittredge,kittran01
2022,TB,Nick Anderson,845000,Nick,Anderson,nick,anderson,anderni01
2022,TB,J.P. Feyereisen,708600,J.P.,Feyereisen,jp,feyereisen,feyerjp01
2022,TB,Shane Baz,701100,Shane,Baz,shane,baz,bazsh01
2022,TB,Ryan Thompson,680742,Ryan,Thompson,ryan,thompson,thompry01
2022,TB,Colin Poche,642282,Colin,Poche,colin,poche,pocheco01
2022,TB,Brendan McKay,635745,Brendan,McKay,brendan,mckay,mckaybr01
2022,TB,Roman Quinn,292296,Roman,Quinn,roman,quinn,quinnro01
2022,TOR,George Springer,28000000,George,Springer,george,springer,springe01
2022,TOR,Kevin Gausman,21000000,Kevin,Gausman,kevin,gausman,gausmke01
2022,TOR,Yusei Kikuchi,16000000,Yusei,Kikuchi,yusei,kikuchi,kikucyu01
2022,TOR,Jose Berrios,15000000,Jose,Berrios,jose,berrios,berrijo01
2022,TOR,Matt Chapman,13000000,Matt,Chapman,matt,chapman,chapmma01
2022,TOR,Teoscar Hernandez,10650000,Teoscar,Hernandez,teoscar,hernandez,hernate01
2022,TOR,Vladimir Guerrero Jr.,7900000,Vladimir,Guerrero,vladimir,guerrero,guerrvl02
2022,TOR,Yimi Garcia,6000000,Yimi,Garcia,yimi,garcia,garciyi01
2022,TOR,Raimel Tapia,3950000,Raimel,Tapia,raimel,tapia,tapiara01
2022,TOR,Ross Stripling,3790000,Ross,Stripling,ross,stripling,stripro01
2022,TOR,David Phelps,3500000,David,Phelps,david,phelps,phelpda01
2022,TOR,Alek Manoah,2921023,Alek,Manoah,alek,manoah,manoaal01
2022,TOR,Whit Merrifield,2461568,Whit,Merrifield,whit,merrifield,merriwh01
2022,TOR,Cavan Biggio,2122500,Cavan,Biggio,cavan,biggio,biggica01
2022,TOR,Danny Jansen,1950000,Danny,Jansen,danny,jansen,janseda01
2022,TOR,Adam Cimber,1575000,Adam,Cimber,adam,cimber,cimbead01
2022,TOR,Bo Bichette,1446887,Bo,Bichette,bo,bichette,bichebo01
2022,TOR,Alejandro Kirk,1316334,Alejandro,Kirk,alejandro,kirk,kirkal01
2022,TOR,Tim Mayza,1250000,Tim,Mayza,tim,mayza,mayzati01
2022,TOR,Anthony Bass,1054976,Anthony,Bass,anthony,bass,bassan01
2022,TOR,Santiago Espinal,1037679,Santiago,Espinal,santiago,espinal,espinsa01
2022,TOR,Jordan Romano,1016361,Jordan,Romano,jordan,romano,romanjo01
2022,TOR,Trevor Richards,1000000,Trevor,Richards,trevor,richards,richatr01
2022,TOR,Trent Thornton,372106,Trent,Thornton,trent,thornton,thorntr01
2022,TOR,Bradley Zimmer,264291,Bradley,Zimmer,bradley,zimmer,zimmebr01
2022,TOR,Gabriel Moreno,226914,Gabriel,Moreno,gabriel,moreno,morenga01
2022,TOR,Jackie Bradley Jr.,219222,Jackie,Bradley,jackie,bradley,bradlja01
2022,TOR,Zach Pop,192300,Zach,Pop,zach,pop,popza01
2022,TOR,Otto Lopez,100022,Otto,Lopez,otto,lopez,lopezot01
2022,TOR,Hyun-Jin Ryu,20000000,Hyun-Jin,Ryu,hyunjin,ryu,ryuhy01
2022,TOR,Lourdes Gurriel Jr.,4500000,Lourdes,Gurriel,lourdes,gurriel,gurrilo01
2022,TOR,Tayler Saucedo,661896,Tayler,Saucedo,tayler,saucedo,sauceta01
2022,TOR,Vinny Capra,107692,Vinny,Capra,vinny,capra,capravi01
2022,CLE,Jose Ramirez,22000000,Jose,Ramirez,jose,ramirez,ramirjo01
2022,CLE,Shane Bieber,6000000,Shane,Bieber,shane,bieber,biebesh01
2022,CLE,Amed Rosario,4950000,Amed,Rosario,amed,rosario,rosaram01
2022,CLE,Emmanuel Clase,4854962,Emmanuel,Clase,emmanuel,clase,claseem01
2022,CLE,Austin Hedges,4000000,Austin,Hedges,austin,hedges,hedgeau01
2022,CLE,Myles Straw,3250000,Myles,Straw,myles,straw,strawmy01
2022,CLE,Cal Quantrill,2510000,Cal,Quantrill,cal,quantrill,quantca01
2022,CLE,Andres Gimenez,2015405,Andres,Gimenez,andres,gimenez,gimenan01
2022,CLE,Zach Plesac,2000000,Zach,Plesac,zach,plesac,plesaza01
2022,CLE,Steven Kwan,1330114,Steven,Kwan,steven,kwan,kwanst01
2022,CLE,Triston McKenzie,1238252,Triston,McKenzie,triston,mckenzie,mckentr01
2022,CLE,Josh Naylor,1200000,Josh,Naylor,josh,naylor,naylojo01
2022,CLE,Luke Maile,900000,Luke,Maile,luke,maile,mailelu01
2022,CLE,Aaron Civale,716900,Aaron,Civale,aaron,civale,civalaa01
2022,CLE,James Karinchak,710606,James,Karinchak,james,karinchak,karinja01
2022,CLE,Trevor Stephan,703400,Trevor,Stephan,trevor,stephan,stephtr01
2022,CLE,Sam Hentges,702500,Sam,Hentges,sam,hentges,hentgsa01
2022,CLE,Eli Morgan,702100,Eli,Morgan,eli,morgan,morgael01
2022,CLE,Owen Miller,701100,Owen,Miller,owen,miller,milleow01
2022,CLE,Cody Morris,700000,Cody,Morris,cody,morris,morrico01
2022,CLE,Nick Sandlin,647640,Nick,Sandlin,nick,sandlin,sandlni01
2022,CLE,Enyel De Los Santos,642282,Enyel De Los,Santos,enyeldelos,santos,santoen01
2022,CLE,Oscar Gonzalez,507672,Oscar,Gonzalez,oscar,gonzalez,gonzaos01
2022,CLE,Will Benson,249990,Will,Benson,will,benson,bensowi01
2022,CLE,Kirk McCarty,165378,Kirk,McCarty,kirk,mccarty,mccarki01
2022,CLE,Gabriel Arias,65382,Gabriel,Arias,gabriel,arias,ariasga01
2022,CLE,Will Brennan,53844,Will,Brennan,will,brennan,brennwi02
2022,CLE,Bo Naylor,15384,Bo,Naylor,bo,naylor,naylobo01
2022,CLE,Anthony Gose,702900,Anthony,Gose,anthony,gose,gosean01
2022,DET,Miguel Cabrera,32000000,Miguel,Cabrera,miguel,cabrera,cabremi01
2022,DET,Javier Baez,20000000,Javier,Baez,javier,baez,baezja01
2022,DET,Eduardo Rodriguez,14000000,Eduardo,Rodriguez,eduardo,rodriguez,rodried01
2022,DET,Tucker Barnhart,7750000,Tucker,Barnhart,tucker,barnhart,barnhtu01
2022,DET,Jonathan Schoop,7500000,Jonathan,Schoop,jonathan,schoop,schoojo01
2022,DET,Andrew Chafin,6500000,Andrew,Chafin,andrew,chafin,chafian01
2022,DET,Jeimer Candelario,5800000,Jeimer,Candelario,jeimer,candelario,candeje01
2022,DET,Jose Cisnero,1900000,Jose,Cisnero,jose,cisnero,cisnejo01
2022,DET,Victor Reyes,1400000,Victor,Reyes,victor,reyes,reyesvi01
2022,DET,Harold Castro,1275000,Harold,Castro,harold,castro,castrha01
2022,DET,Miguel Diaz,800000,Miguel,Diaz,miguel,diaz,diazmi01
2022,DET,Gregory Soto,722400,Gregory,Soto,gregory,soto,sotogr01
2022,DET,Tyler Alexander,716900,Tyler,Alexander,tyler,alexander,aleaty01
2022,DET,Eric Haase,710400,Eric,Haase,eric,haase,haaseer01
2022,DET,Alex Lange,703700,Alex,Lange,alex,lange,langeal01
2022,DET,Daniel Norris,700000,Daniel,Norris,daniel,norris,norrida01
2022,DET,Will Vest,696126,Will,Vest,will,vest,vestwi01
2022,DET,Jason Foley,647472,Jason,Foley,jason,foley,foleyja01
2022,DET,Spencer Torkelson,523056,Spencer,Torkelson,spencer,torkelson,torkesp01
2022,DET,Akil Baddoo,475556,Akil,Baddoo,akil,baddoo,baddoak01
2022,DET,Kody Clemens,423060,Kody,Clemens,kody,clemens,clemeko01
2022,DET,Riley Greene,419214,Riley,Greene,riley,greene,greenri02
2022,DET,Garrett Hill,311526,Garrett,Hill,garrett,hill,hillga01
2022,DET,Ryan Kreidler,130764,Ryan,Kreidler,ryan,kreidler,kreidry01
2022,DET,Angel De Jesus,115380,Angel De,Jesus,angelde,jesus,jesusan01
2022,DET,Bryan Garcia,23076,Bryan,Garcia,bryan,garcia,garcibr01
2022,DET,Brendon Davis,19230,Brendon,Davis,brendon,davis,davisbr01
2022,DET,Austin Meadows,4000000,Austin,Meadows,austin,meadows,meadoau01
2022,DET,Joe Jimenez,1790000,Joe,Jimenez,joe,jimenez,jimenjo01
2022,DET,Spencer Turnbull,1500000,Spencer,Turnbull,spencer,turnbull,turnbsp01
2022,DET,Tarik Skubal,1007339,Tarik,Skubal,tarik,skubal,skubata01
2022,DET,Casey Mize,714200,Casey,Mize,casey,mize,mizeca01
2022,DET,Kyle Funkhouser,710200,Kyle,Funkhouser,kyle,funkhouser,funkhky01
2022,DET,Jake Rogers,706300,Jake,Rogers,jake,rogers,rogerja03
2022,DET,Matt Manning,705300,Matt,Manning,matt,manning,mannima01
2022,DET,Rony Garcia,662283,Rony,Garcia,rony,garcia,garciro01
2022,DET,Willi Castro,661512,Willi,Castro,willi,castro,castrwi01
2022,DET,Beau Brieske,638436,Beau,Brieske,beau,brieske,briesbe01
2022,DET,Kerry Carpenter,215376,Kerry,Carpenter,kerry,carpenter,carpeke01
2022,KC,Salvador Perez,18000000,Salvador,Perez,salvador,perez,perezsa02
2022,KC,Zack Greinke,13000000,Zack,Greinke,zack,greinke,greinza01
2022,KC,Brad Keller,4825000,Brad,Keller,brad,keller,kellebr01
2022,KC,Michael A. Taylor,4650000,Michael A.,Taylor,michaela,taylor,taylomi02
2022,KC,Hunter Dozier,4500000,Hunter,Dozier,hunter,dozier,doziehu01
2022,KC,Nicky Lopez,2550000,Nicky,Lopez,nicky,lopez,lopezni01
2022,KC,Scott Barlow,2400000,Scott,Barlow,scott,barlow,barlosc01
2022,KC,Amir Garrett,2025000,Amir,Garrett,amir,garrett,garream01
2022,KC,Ryan O'Hearn,1300000,Ryan,O'Hearn,ryan,ohearn,ohearry01
2022,KC,Brady Singer,1071807,Brady,Singer,brady,singer,singebr01
2022,KC,Luke Weaver,1026786,Luke,Weaver,luke,weaver,weavelu01
2022,KC,Bobby Witt Jr.,987683,Bobby,Witt,bobby,witt,wittbo02
2022,KC,Edward Olivares,705500,Edward,Olivares,edward,olivares,olivaed02
2022,KC,Daniel Lynch,703600,Daniel,Lynch,daniel,lynch,lynchda01
2022,KC,Kyle Isbel,694260,Kyle,Isbel,kyle,isbel,isbelky01
2022,KC,Kris Bubic,643208,Kris,Bubic,kris,bubic,bubickr01
2022,KC,MJ Melendez,603822,MJ,Melendez,mj,melendez,melenmj01
2022,KC,Vinnie Pasquantino,601721,Vinnie,Pasquantino,vinnie,pasquantino,pasquvi01
2022,KC,Jon Heasley,473058,Jon,Heasley,jon,heasley,heasljo01
2022,KC,Collin Snider,411522,Collin,Snider,collin,snider,snideco01
2022,KC,Carlos Hernandez,404976,Carlos,Hernandez,carlos,hernandez,hernaca01
2022,KC,Sebastian Rivero,265374,Sebastian,Rivero,sebastian,rivero,riverse01
2022,KC,Michael Massey,257682,Michael,Massey,michael,massey,massemi02
2022,KC,Nathan Eaton,211530,Nathan,Eaton,nathan,eaton,eatonna01
2022,KC,Drew Waters,169224,Drew,Waters,drew,waters,waterdr01
2022,KC,Anthony Misiewicz,164976,Anthony,Misiewicz,anthony,misiewicz,misiean01
2022,KC,Max Castillo,57690,Max,Castillo,max,castillo,castima01
2022,KC,Adalberto Mondesi,3000000,Adalberto,Mondesi,adalberto,mondesi,mondead01
2022,KC,Taylor Clarke,975000,Taylor,Clarke,taylor,clarke,clarkta01
2022,KC,Josh Staumont,728000,Josh,Staumont,josh,staumont,staumjo01
2022,KC,Jake Brentz,711250,Jake,Brentz,jake,brentz,brentja01
2022,KC,Tyler Zuber,710500,Tyler,Zuber,tyler,zuber,zuberty01
2022,KC,Angel Zerpa,288450,Angel,Zerpa,angel,zerpa,zerpaan01
2022,MIN,Carlos Correa,35100000,Carlos,Correa,carlos,correa,correca01
2022,MIN,Gary Sanchez,9000000,Gary,Sanchez,gary,sanchez,sanchga02
2022,MIN,Max Kepler,6750000,Max,Kepler,max,kepler,keplema01
2022,MIN,Giovanny Urshela,6550000,Giovanny,Urshela,giovanny,urshela,urshegi01
2022,MIN,Dylan Bundy,4000000,Dylan,Bundy,dylan,bundy,bundydy01
2022,MIN,Emilio Pagan,2300000,Emilio,Pagan,emilio,pagan,paganem01
2022,MIN,Luis Arraez,2125000,Luis,Arraez,luis,arraez,arraelu01
2022,MIN,Michael Fulmer,1740672,Michael,Fulmer,michael,fulmer,fulmemi01
2022,MIN,Caleb Thielbar,1300000,Caleb,Thielbar,caleb,thielbar,thielca01
2022,MIN,Joe Ryan,967223,Joe,Ryan,joe,ryan,ryanjo01
2022,MIN,Nick Gordon,924731,Nick,Gordon,nick,gordon,gordoni01
2022,MIN,Jose Miranda,804729,Jose,Miranda,jose,miranda,miranjo01
2022,MIN,Ryan Jeffers,713050,Ryan,Jeffers,ryan,jeffers,jeffery01
2022,MIN,Bailey Ober,706200,Bailey,Ober,bailey,ober,oberba01
2022,MIN,Jhoan Duran,700000,Jhoan,Duran,jhoan,duran,duranjh01
2022,MIN,Gilberto Celestino,687436,Gilberto,Celestino,gilberto,celestino,celesgi01
2022,MIN,Griffin Jax,680742,Griffin,Jax,griffin,jax,jagr01
2022,MIN,Jorge Lopez,527488,Jorge,Lopez,jorge,lopez,lopezjo01
2022,MIN,Josh Winder,426906,Josh,Winder,josh,winder,windejo01
2022,MIN,Jovani Moran,380754,Jovani,Moran,jovani,moran,moranjo01
2022,MIN,Mark Contreras,211530,Mark,Contreras,mark,contreras,contrma01
2022,MIN,Cole Sands,196146,Cole,Sands,cole,sands,sandsco01
2022,MIN,Billy Hamilton,130764,Billy,Hamilton,billy,hamilton,hamilbi02
2022,MIN,Aaron Sanchez,130764,Aaron,Sanchez,aaron,sanchez,sanchaa01
2022,MIN,Matt Wallner,73074,Matt,Wallner,matt,wallner,wallnma01
2022,MIN,Louie Varland,53844,Louie,Varland,louie,varland,varlalo01
2022,MIN,Sonny Gray,11700000,Sonny,Gray,sonny,gray,grayso01
2022,MIN,Byron Buxton,10000000,Byron,Buxton,byron,buxton,butoby01
2022,MIN,Miguel Sano,9250000,Miguel,Sano,miguel,sano,sanomi01
2022,MIN,Jorge Polanco,5500000,Jorge,Polanco,jorge,polanco,polanjo01
2022,MIN,Kenta Maeda,3000000,Kenta,Maeda,kenta,maeda,maedake01
2022,MIN,Chris Archer,2750000,Chris,Archer,chris,archer,archech01
2022,MIN,Chris Paddack,2250000,Chris,Paddack,chris,paddack,paddach01
2022,MIN,Tyler Mahle,1828544,Tyler,Mahle,tyler,mahle,mahlety01
2022,MIN,Danny Coulombe,979500,Danny,Coulombe,danny,coulombe,couloda01
2022,MIN,Cody Stashak,720400,Cody,Stashak,cody,stashak,stashco01
2022,MIN,Jorge Alcala,717900,Jorge,Alcala,jorge,alcala,alcaljo01
2022,MIN,Jhon Romero,700400,Jhon,Romero,jhon,romero,romerjh01
2022,MIN,Trevor Larnach,676896,Trevor,Larnach,trevor,larnach,larnatr01
2022,MIN,Kyle Garlick,669204,Kyle,Garlick,kyle,garlick,garliky01
2022,MIN,Alex Kirilloff,591432,Alex,Kirilloff,alex,kirilloff,kirilal01
2022,MIN,Royce Lewis,542286,Royce,Lewis,royce,lewis,lewisro02
2022,MIN,Trevor Megill,526902,Trevor,Megill,trevor,megill,megiltr01
2022,MIN,Sandy Leon,346185,Sandy,Leon,sandy,leon,leonsa01
2022,CHW,Lance Lynn,18500000,Lance,Lynn,lance,lynn,lynnla01
2022,CHW,Yasmani Grandal,18250000,Yasmani,Grandal,yasmani,grandal,grandya01
2022,CHW,Jose Abreu,14000000,Jose,Abreu,jose,abreu,abreujo01
2022,CHW,Yoan Moncada,14000000,Yoan,Moncada,yoan,moncada,moncayo01
2022,CHW,Liam Hendriks,13000000,Liam,Hendriks,liam,hendriks,hendrli01
2022,CHW,A.J. Pollock,11500000,A.J.,Pollock,aj,pollock,polloaj01
2022,CHW,Kendall Graveman,8000000,Kendall,Graveman,kendall,graveman,graveke01
2022,CHW,Lucas Giolito,7450000,Lucas,Giolito,lucas,giolito,giolilu01
2022,CHW,Joe Kelly,7000000,Joe,Kelly,joe,kelly,kellyjo01
2022,CHW,Eloy Jimenez,6500000,Eloy,Jimenez,eloy,jimenez,jimenel02
2022,CHW,Leury Garcia,5500000,Leury,Garcia,leury,garcia,garcile01
2022,CHW,Josh Harrison,4000000,Josh,Harrison,josh,harrison,harrijo01
2022,CHW,Dylan Cease,3207426,Dylan,Cease,dylan,cease,ceasedy01
2022,CHW,Johnny Cueto,3206451,Johnny,Cueto,johnny,cueto,cuetojo01
2022,CHW,Vince Velasquez,3000000,Vince,Velasquez,vince,velasquez,velasvi01
2022,CHW,Reynaldo Lopez,2625000,Reynaldo,Lopez,reynaldo,lopez,lopezre01
2022,CHW,Aaron Bummer,2500000,Aaron,Bummer,aaron,bummer,bummeaa01
2022,CHW,Adam Engel,2000000,Adam,Engel,adam,engel,engelad01
2022,CHW,Jose Ruiz,720000,Jose,Ruiz,jose,ruiz,ruizjo01
2022,CHW,Andrew Vaughn,715000,Andrew,Vaughn,andrew,vaughn,vaughan01
2022,CHW,Gavin Sheets,671067,Gavin,Sheets,gavin,sheets,sheetga01
2022,CHW,Jimmy Lambert,480750,Jimmy,Lambert,jimmy,lambert,lambeji01
2022,CHW,Davis Martin,199992,Davis,Martin,davis,martin,martida01
2022,CHW,Romy Gonzalez,188454,Romy,Gonzalez,romy,gonzalez,gonzaro01
2022,CHW,Elvis Andrus,184608,Elvis,Andrus,elvis,andrus,andruel01
2022,CHW,Carlos Perez,69228,Carlos,Perez,carlos,perez,perezca02
2022,CHW,Mark Payton,53844,Mark,Payton,mark,payton,paytoma01
2022,CHW,Tim Anderson,9448925,Tim,Anderson,tim,anderson,anderti01
2022,CHW,Luis Robert Jr.,6272563,Luis,Robert,luis,robert,roberlu01
2022,CHW,Kyle Crick,1250000,Kyle,Crick,kyle,crick,crickky01
2022,CHW,Michael Kopech,730000,Michael,Kopech,michael,kopech,kopecmi01
2022,CHW,Garrett Crochet,715000,Garrett,Crochet,garrett,crochet,crochga01
2022,CHW,Jonathan Stiever,700000,Jonathan,Stiever,jonathan,stiever,stievjo01
2022,CHW,Seby Zavala,691711,Seby,Zavala,seby,zavala,zavalse01
2022,CHW,Danny Mendick,670833,Danny,Mendick,danny,mendick,mendida01
2022,HOU,Jose Altuve,26000000,Jose,Altuve,jose,altuve,altuvjo01
2022,HOU,Justin Verlander,25000000,Justin,Verlander,justin,verlander,verlaju01
2022,HOU,Lance McCullers,15250000,Lance,McCullers,lance,mccullers,mcculla01
2022,HOU,Alex Bregman,11000000,Alex,Bregman,alex,bregman,bregmal01
2022,HOU,Ryan Pressly,10000000,Ryan,Pressly,ryan,pressly,pressry01
2022,HOU,Hector Neris,8000000,Hector,Neris,hector,neris,nerishe01
2022,HOU,Yulieski Gurriel,8000000,Yulieski,Gurriel,yulieski,gurriel,gurriyu01
2022,HOU,Martin Maldonado,5000000,Martin,Maldonado,martin,maldonado,maldoma01
2022,HOU,Will Smith,4642857,Will,Smith,will,smith,smithwi05
2022,HOU,Aledmys Diaz,4450000,Aledmys,Diaz,aledmys,diaz,diazal01
2022,HOU,Yordan Alvarez,3145743,Yordan,Alvarez,yordan,alvarez,alvaryo01
2022,HOU,Framber Valdez,3000000,Framber,Valdez,framber,valdez,valdefr01
2022,HOU,Rafael Montero,2725000,Rafael,Montero,rafael,montero,montera01
2022,HOU,Trey Mancini,2678585,Trey,Mancini,trey,mancini,mancitr01
2022,HOU,Christian Vazquez,2461568,Christian,Vazquez,christian,vazquez,vazquch01
2022,HOU,Ryne Stanek,2100000,Ryne,Stanek,ryne,stanek,stanery01
2022,HOU,Kyle Tucker,1910755,Kyle,Tucker,kyle,tucker,tuckeky01
2022,HOU,Phil Maton,1550000,Phil,Maton,phil,maton,matonph01
2022,HOU,Luis Garcia,1251500,Luis,Garcia,luis,garcia,garcilu04
2022,HOU,Cristian Javier,1215589,Cristian,Javier,cristian,javier,javiecr01
2022,HOU,Jeremy Pena,1117247,Jeremy,Pena,jeremy,pena,penaje02
2022,HOU,Chas McCormick,998861,Chas,McCormick,chas,mccormick,mccorch01
2022,HOU,Jose Urquidy,748700,Jose,Urquidy,jose,urquidy,urquijo01
2022,HOU,Bryan Abreu,719600,Bryan,Abreu,bryan,abreu,abreubr01
2022,HOU,Jake Meyers,589504,Jake,Meyers,jake,meyers,meyerja02
2022,HOU,Mauricio Dubon,565776,Mauricio,Dubon,mauricio,dubon,dubonma01
2022,HOU,David Hensley,176916,David,Hensley,david,hensley,henslda01
2022,HOU,Hunter Brown,130764,Hunter,Brown,hunter,brown,brownhu01
2022,HOU,Michael Brantley,16000000,Michael,Brantley,michael,brantley,brantmi02
2022,HOU,Jason Castro,3750000,Jason,Castro,jason,castro,castrja01
2022,HOU,Josh James,800000,Josh,James,josh,james,jamesjo01
2022,SEA,Robbie Ray,21000000,Robbie,Ray,robbie,ray,rayro01
2022,SEA,Eugenio Suarez,11000000,Eugenio,Suarez,eugenio,suarez,suareeu01
2022,SEA,J.P. Crawford,10000000,J.P.,Crawford,jp,crawford,crawfjp01
2022,SEA,Adam Frazier,8000000,Adam,Frazier,adam,frazier,fraziad01
2022,SEA,Mitch Haniger,7750000,Mitch,Haniger,mitch,haniger,hanigmi01
2022,SEA,Marco Gonzales,5500000,Marco,Gonzales,marco,gonzales,gonzama01
2022,SEA,Chris Flexen,2750000,Chris,Flexen,chris,flexen,fleech01
2022,SEA,Luis Castillo,2705795,Luis,Castillo,luis,castillo,castilu01
2022,SEA,Julio Rodriguez,2250850,Julio,Rodriguez,julio,rodriguez,rodriju01
2022,SEA,Carlos Santana,2175000,Carlos,Santana,carlos,santana,santaca01
2022,SEA,Diego Castillo,2150000,Diego,Castillo,diego,castillo,castidi02
2022,SEA,Matt Boyd,1828544,Matt,Boyd,matt,boyd,boydma01
2022,SEA,Andres Munoz,1787385,Andres,Munoz,andres,munoz,munozan01
2022,SEA,Paul Sewald,1735000,Paul,Sewald,paul,sewald,sewalpa01
2022,SEA,Cal Raleigh,1242078,Cal,Raleigh,cal,raleigh,raleica01
2022,SEA,Luis Torrens,1200000,Luis,Torrens,luis,torrens,torrelu01
2022,SEA,Ty France,1144916,Ty,France,ty,france,francty01
2022,SEA,Logan Gilbert,1133788,Logan,Gilbert,logan,gilbert,gilbelo01
2022,SEA,Curt Casali,914304,Curt,Casali,curt,casali,casalcu01
2022,SEA,George Kirby,819434,George,Kirby,george,kirby,kirbyge01
2022,SEA,Erik Swanson,711600,Erik,Swanson,erik,swanson,swanser01
2022,SEA,Penn Murfee,646128,Penn,Murfee,penn,murfee,murfepe01
2022,SEA,Abraham Toro,638067,Abraham,Toro,abraham,toro,toroab01
2022,SEA,Matt Festa,615360,Matt,Festa,matt,festa,festama01
2022,SEA,Matt Brash,453946,Matt,Brash,matt,brash,brashma01
2022,SEA,Taylor Trammell,426906,Taylor,Trammell,taylor,trammell,trammta01
2022,SEA,Jarred Kelenic,259960,Jarred,Kelenic,jarred,kelenic,kelenja01
2022,SEA,Jesse Winker,6250000,Jesse,Winker,jesse,winker,winkeje01
2022,SEA,Tom Murphy,1575000,Tom,Murphy,tom,murphy,murphto04
2022,SEA,Casey Sadler,1025000,Casey,Sadler,casey,sadler,sadleca01
2022,SEA,Sam Haggerty,692937,Sam,Haggerty,sam,haggerty,haggesa01
2022,SEA,Ryan Borucki,569740,Ryan,Borucki,ryan,borucki,borucry01
2022,TEX,Corey Seager,37500000,Corey,Seager,corey,seager,seageco01
2022,TEX,Marcus Semien,25000000,Marcus,Semien,marcus,semien,semiema01
2022,TEX,Jon Gray,15000000,Jon,Gray,jon,gray,grayjo01
2022,TEX,Kole Calhoun,5200000,Kole,Calhoun,kole,calhoun,calhoko01
2022,TEX,Jose Leclerc,4750000,Jose,Leclerc,jose,leclerc,leclejo01
2022,TEX,Martin Perez,4000000,Martin,Perez,martin,perez,perezma01
2022,TEX,Matt Moore,2311852,Matt,Moore,matt,moore,moorema01
2022,TEX,Charlie Culberson,1750000,Charlie,Culberson,charlie,culberson,culbech01
2022,TEX,Nate Lowe,1171387,Nate,Lowe,nate,lowe,lowena01
2022,TEX,Jonah Heim,1114296,Jonah,Heim,jonah,heim,heimjo01
2022,TEX,Taylor Hearn,911502,Taylor,Hearn,taylor,hearn,hearnta01
2022,TEX,Jonathan Hernandez,720000,Jonathan,Hernandez,jonathan,hernandez,hernajo01
2022,TEX,Dennis Santana,720000,Dennis,Santana,dennis,santana,santade01
2022,TEX,Adolis Garcia,714000,Adolis,Garcia,adolis,garcia,garciad02
2022,TEX,Brock Burke,714000,Brock,Burke,brock,burke,burkebr01
2022,TEX,Joe Barlow,704000,Joe,Barlow,joe,barlow,barlojo01
2022,TEX,Glenn Otto,642282,Glenn,Otto,glenn,otto,ottogl01
2022,TEX,John King,509990,John,King,john,king,kingjo01
2022,TEX,Leody Taveras,438444,Leody,Taveras,leody,taveras,taverle01
2022,TEX,Josh H. Smith,426906,Josh H.,Smith,joshh,smith,smithjo09
2022,TEX,Sam Huff,311526,Sam,Huff,sam,huff,huffsa01
2022,TEX,Bubba Thompson,238452,Bubba,Thompson,bubba,thompson,thompbu01
2022,TEX,Mark Mathias,192300,Mark,Mathias,mark,mathias,mathima01
2022,TEX,Jesus Tinoco,165378,Jesus,Tinoco,jesus,tinoco,tinocje01
2022,TEX,Josh Jung,99996,Josh,Jung,josh,jung,jungjo01
2022,TEX,A.J. Alexy,73074,A.J.,Alexy,aj,alexy,aleyaj01
2022,TEX,Yerry Rodriguez,15384,Yerry,Rodriguez,yerry,rodriguez,rodriye01
2022,TEX,Brad Miller,6000000,Brad,Miller,brad,miller,millebr01
2022,TEX,Mitch Garver,3335000,Mitch,Garver,mitch,garver,garvemi01
2022,TEX,Brett Martin,1025000,Brett,Martin,brett,martin,martibr01
2022,TEX,Dane Dunning,714000,Dane,Dunning,dane,dunning,dunnida01
2022,TEX,Eli White,714000,Eli,White,eli,white,whiteel04
2022,TEX,Josh Sborz,447222,Josh,Sborz,josh,sborz,sborzjo01
2022,TEX,Nick Solak,395600,Nick,Solak,nick,solak,solakni01
2022,TEX,Cole Ragans,238452,Cole,Ragans,cole,ragans,raganco01
2022,OAK,Chad Pinder,2725000,Chad,Pinder,chad,pinder,pindech01
2022,OAK,Tony Kemp,2250000,Tony,Kemp,tony,kemp,kempto01
2022,OAK,Sean Murphy,1446106,Sean,Murphy,sean,murphy,murphse01
2022,OAK,Stephen Vogt,950000,Stephen,Vogt,stephen,vogt,vogtst01
2022,OAK,Seth Brown,942777,Seth,Brown,seth,brown,brownse01
2022,OAK,Cole Irvin,906978,Cole,Irvin,cole,irvin,irvinco01
2022,OAK,James Kaprielian,705000,James,Kaprielian,james,kaprielian,kaprija01
2022,OAK,A.J. Puk,705000,A.J.,Puk,aj,puk,pukaj01
2022,OAK,Domingo Acevedo,700000,Domingo,Acevedo,domingo,acevedo,acevedo01
2022,OAK,Kirby Snead,615360,Kirby,Snead,kirby,snead,sneadki01
2022,OAK,Adam Oller,499980,Adam,Oller,adam,oller,ollerad01
2022,OAK,Austin Pruitt,484596,Austin,Pruitt,austin,pruitt,pruitau01
2022,OAK,Nick Allen,480750,Nick,Allen,nick,allen,allenni02
2022,OAK,Cristian Pache,479823,Cristian,Pache,cristian,pache,pachecr01
2022,OAK,Jonah Bride,438444,Jonah,Bride,jonah,bride,bridejo01
2022,OAK,Dermis Garcia,265374,Dermis,Garcia,dermis,garcia,garcide01
2022,OAK,Sam Selman,238452,Sam,Selman,sam,selman,selmasa01
2022,OAK,JP Sears,215376,JP,Sears,jp,sears,searsjp01
2022,OAK,Adrian Martinez,203838,Adrian,Martinez,adrian,martinez,martiad01
2022,OAK,Shea Langeliers,192300,Shea,Langeliers,shea,langeliers,langesh01
2022,OAK,Jared Koenig,169224,Jared,Koenig,jared,koenig,koenija01
2022,OAK,Billy McKinney,162637,Billy,McKinney,billy,mckinney,mckinbi01
2022,OAK,Norge Ruiz,161532,Norge,Ruiz,norge,ruiz,ruizno01
2022,OAK,Ken Waldichuk,130764,Ken,Waldichuk,ken,waldichuk,waldike01
2022,OAK,Tyler Cyr,111534,Tyler,Cyr,tyler,cyr,cyrty01
2022,OAK,Jordan Diaz,65382,Jordan,Diaz,jordan,diaz,diazjo01
2022,OAK,Conner Capel,57690,Conner,Capel,conner,capel,capelco01
2022,OAK,Ernie Clement,46212,Ernie,Clement,ernie,clement,clemeer01
2022,OAK,Nate Mondou,7692,Nate,Mondou,nate,mondou,mondona01
2022,OAK,Ramon Laureano,2046154,Ramon,Laureano,ramon,laureano,laurera01
2022,OAK,Deolis Guerra,815000,Deolis,Guerra,deolis,guerra,guerrde01
2022,OAK,Paul Blackburn,710000,Paul,Blackburn,paul,blackburn,blackpa01
2022,OAK,Zach Jackson,700000,Zach,Jackson,zach,jackson,jacksza01
2022,OAK,Daulton Jefferies,700000,Daulton,Jefferies,daulton,jefferies,jeffeda01
2022,OAK,Sam Moll,700000,Sam,Moll,sam,moll,mollsa01
2022,OAK,Dany Jimenez,700000,Dany,Jimenez,dany,jimenez,jimenda01
2022,OAK,Joel Payamps,179124,Joel,Payamps,joel,payamps,payamjo01
2022,OAK,Collin Wiles,92304,Collin,Wiles,collin,wiles,wilesco01
2022,LAA,Anthony Rendon,36000000,Anthony,Rendon,anthony,rendon,rendoan01
2022,LAA,Mike Trout,35550000,Mike,Trout,mike,trout,troutmi01
2022,LAA,Aaron Loup,7500000,Aaron,Loup,aaron,loup,loupaa01
2022,LAA,Ryan Tepera,7000000,Ryan,Tepera,ryan,tepera,teperry01
2022,LAA,Michael Lorenzen,6750000,Michael,Lorenzen,michael,lorenzen,lorenmi01
2022,LAA,Shohei Ohtani,5500000,Shohei,Ohtani,shohei,ohtani,ohtansh01
2022,LAA,David Fletcher,4000000,David,Fletcher,david,fletcher,fletcda02
2022,LAA,Max Stassi,3000000,Max,Stassi,max,stassi,stassma01
2022,LAA,Kurt Suzuki,1750000,Kurt,Suzuki,kurt,suzuki,suzukku01
2022,LAA,Matt Duffy,1500000,Matt,Duffy,matt,duffy,duffyma01
2022,LAA,Taylor Ward,1210967,Taylor,Ward,taylor,ward,wardta01
2022,LAA,Patrick Sandoval,1152834,Patrick,Sandoval,patrick,sandoval,sandopa01
2022,LAA,Jimmy Herget,961071,Jimmy,Herget,jimmy,herget,hergeji01
2022,LAA,Reid Detmers,932257,Reid,Detmers,reid,detmers,detmere01
2022,LAA,Luis Rengifo,784554,Luis,Rengifo,luis,rengifo,rengilu01
2022,LAA,Jaime Barria,730000,Jaime,Barria,jaime,barria,barrija01
2022,LAA,Jose Quijada,720000,Jose,Quijada,jose,quijada,quijajo01
2022,LAA,Andrew Wantz,546132,Andrew,Wantz,andrew,wantz,wantzan01
2022,LAA,Jose Suarez,538016,Jose,Suarez,jose,suarez,suarejo01
2022,LAA,Jo Adell,478676,Jo,Adell,jo,adell,adelljo01
2022,LAA,Tucker Davidson,249664,Tucker,Davidson,tucker,davidson,davidtu01
2022,LAA,Michael Stefanic,180762,Michael,Stefanic,michael,stefanic,stefami01
2022,LAA,Matt Thaiss,176916,Matt,Thaiss,matt,thaiss,thaisma01
2022,LAA,Zack Weiss,130764,Zack,Weiss,zack,weiss,weissza01
2022,LAA,Livan Soto,73074,Livan,Soto,livan,soto,sotoli01
2022,LAA,Rob Zastryzny,57690,Rob,Zastryzny,rob,zastryzny,zastrro01
2022,LAA,Logan O'Hoppe,26922,Logan,O'Hoppe,logan,ohoppe,ohopplo01
2022,LAA,Nash Walters,23076,Nash,Walters,nash,walters,waltena01
2022,LAA,Archie Bradley,3750000,Archie,Bradley,archie,bradley,bradlar01
2022,LAA,Griffin Canning,730000,Griffin,Canning,griffin,canning,cannigr01
2022,LAA,Jared Walsh,730000,Jared,Walsh,jared,walsh,walshja01
2022,LAA,Chris Rodriguez,710000,Chris,Rodriguez,chris,rodriguez,rodrich01
2022,LAA,Andrew Velazquez,680742,Andrew,Velazquez,andrew,velazquez,velazan01
2022,LAA,Mickey Moniak,242676,Mickey,Moniak,mickey,moniak,moniami01
2022,LAA,Jhonathan Diaz,134610,Jhonathan,Diaz,jhonathan,diaz,diazjh01
2022,PHI,Zack Wheeler,26000000,Zack,Wheeler,zack,wheeler,wheelza01
2022,PHI,J.T. Realmuto,23875000,J.T.,Realmuto,jt,realmuto,realmjt01
2022,PHI,Nick Castellanos,20000000,Nick,Castellanos,nick,castellanos,casteni01
2022,PHI,Kyle Schwarber,19000000,Kyle,Schwarber,kyle,schwarber,schwaky01
2022,PHI,Aaron Nola,15000000,Aaron,Nola,aaron,nola,nolaaa01
2022,PHI,Jean Segura,14250000,Jean,Segura,jean,segura,segurje01
2022,PHI,Kyle Gibson,8000000,Kyle,Gibson,kyle,gibson,gibsoky01
2022,PHI,Rhys Hoskins,7700000,Rhys,Hoskins,rhys,hoskins,hoskirh01
2022,PHI,Noah Syndergaard,7384640,Noah,Syndergaard,noah,syndergaard,syndeno01
2022,PHI,Brad Hand,6000000,Brad,Hand,brad,hand,handbr01
2022,PHI,Zach Eflin,5550000,Zach,Eflin,zach,eflin,eflinza01
2022,PHI,David Robertson,2830769,David,Robertson,david,robertson,roberda01
2022,PHI,Jose Alvarado,1900000,Jose,Alvarado,jose,alvarado,alvarjo01
2022,PHI,Ranger Suarez,1034294,Ranger,Suarez,ranger,suarez,suarera01
2022,PHI,Seranthony Dominguez,725000,Seranthony,Dominguez,seranthony,dominguez,dominse01
2022,PHI,Alec Bohm,715000,Alec,Bohm,alec,bohm,bohmal01
2022,PHI,Garrett Stubbs,704500,Garrett,Stubbs,garrett,stubbs,stubbga01
2022,PHI,Andrew Bellatti,673050,Andrew,Bellatti,andrew,bellatti,bellaan01
2022,PHI,Bryson Stott,669204,Bryson,Stott,bryson,stott,stottbr01
2022,PHI,Connor Brogdon,636498,Connor,Brogdon,connor,brogdon,brogdco01
2022,PHI,Matt Vierling,615012,Matt,Vierling,matt,vierling,vierlma01
2022,PHI,Nick Maton,449982,Nick,Maton,nick,maton,matonni01
2022,PHI,Bailey Falter,347670,Bailey,Falter,bailey,falter,falteba01
2022,PHI,Edmundo Sosa,259512,Edmundo,Sosa,edmundo,sosa,sosaed01
2022,PHI,Brandon Marsh,249664,Brandon,Marsh,brandon,marsh,marshbr02
2022,PHI,Darick Hall,234606,Darick,Hall,darick,hall,hallda01
2022,PHI,Dalton Guthrie,119226,Dalton,Guthrie,dalton,guthrie,guthrda01
2022,PHI,Corey Knebel,10000000,Corey,Knebel,corey,knebel,knebeco01
2022,PHI,Damon Jones,453828,Damon,Jones,damon,jones,jonesda01
2022,PHI,Kent Emanuel,439698,Kent,Emanuel,kent,emanuel,emanuke01
2022,PHI,James McArthur,376908,James,McArthur,james,mcarthur,mcartja01
2022,PHI,Hans Crouse,315372,Hans,Crouse,hans,crouse,crousha01
2022,PHI,Simon Muzziotti,211530,Simon,Muzziotti,simon,muzziotti,muzzisi01
2022,PHI,Mark Appel,99996,Mark,Appel,mark,appel,appelma01
2022,ATL,Charlie Morton,20000000,Charlie,Morton,charlie,morton,mortoch01
2022,ATL,Kenley Jansen,16000000,Kenley,Jansen,kenley,jansen,janseke01
2022,ATL,Marcell Ozuna,16000000,Marcell,Ozuna,marcell,ozuna,ozunama01
2022,ATL,Matt Olson,15000000,Matt,Olson,matt,olson,olsonma02
2022,ATL,Ronald Acuna Jr.,15000000,Ronald,Acuna,ronald,acuna,acunaro01
2022,ATL,Dansby Swanson,10000000,Dansby,Swanson,dansby,swanson,swansda01
2022,ATL,Eddie Rosario,9000000,Eddie,Rosario,eddie,rosario,rosared01
2022,ATL,Travis d'Arnaud,8000000,Travis,d'Arnaud,travis,darnaud,darnatr01
2022,ATL,Max Fried,6850000,Max,Fried,max,fried,friedma01
2022,ATL,Collin McHugh,4000000,Collin,McHugh,collin,mchugh,mchugco01
2022,ATL,Austin Riley,3950000,Austin,Riley,austin,riley,rileyau01
2022,ATL,Raisel Iglesias,3516480,Raisel,Iglesias,raisel,iglesias,iglesra01
2022,ATL,Jake Odorizzi,3313187,Jake,Odorizzi,jake,odorizzi,odorija01
2022,ATL,A.J. Minter,2200000,A.J.,Minter,aj,minter,minteaj01
2022,ATL,Michael Harris II,1861415,Michael,Harris,michael,harris,harrimi04
2022,ATL,Robbie Grossman,1758272,Robbie,Grossman,robbie,grossman,grossro01
2022,ATL,Orlando Arcia,1600000,Orlando,Arcia,orlando,arcia,arciaor01
2022,ATL,Tyler Matzek,1400000,Tyler,Matzek,tyler,matzek,matzety01
2022,ATL,Kyle Wright,1197143,Kyle,Wright,kyle,wright,wrighky01
2022,ATL,Guillermo Heredia,1000000,Guillermo,Heredia,guillermo,heredia,heredgu01
2022,ATL,William Contreras,940315,William,Contreras,william,contreras,contrwi02
2022,ATL,Jay Jackson,807716,Jay,Jackson,jay,jackson,jacksja01
2022,ATL,Jackson Stephens,680742,Jackson,Stephens,jackson,stephens,stephja01
2022,ATL,Ehire Adrianza,535730,Ehire,Adrianza,ehire,adrianza,adriaeh01
2022,ATL,Dylan Lee,526902,Dylan,Lee,dylan,lee,leedy01
2022,ATL,Vaughn Grissom,215376,Vaughn,Grissom,vaughn,grissom,grissva01
2022,ATL,Bryce Elder,153840,Bryce,Elder,bryce,elder,elderbr01
2022,ATL,Silvino Bracho,46152,Silvino,Bracho,silvino,bracho,brachsi01
2022,ATL,Adam Duvall,9275000,Adam,Duvall,adam,duvall,duvalad01
2022,ATL,Ozzie Albies,5000000,Ozzie,Albies,ozzie,albies,albieoz01
2022,ATL,Luke Jackson,3600000,Luke,Jackson,luke,jackson,jackslu01
2022,ATL,Spencer Strider,1787294,Spencer,Strider,spencer,strider,stridsp01
2022,ATL,Darren O'Day,1000000,Darren,O'Day,darren,oday,odayda01
2022,ATL,Kirby Yates,1000000,Kirby,Yates,kirby,yates,yateski01
2022,ATL,Chadwick Tromp,226914,Chadwick,Tromp,chadwick,tromp,trompch01
2022,ATL,Huascar Ynoa,106812,Huascar,Ynoa,huascar,ynoa,ynoahu01
2022,NYM,Max Scherzer,43333333,Max,Scherzer,max,scherzer,scherma01
2022,NYM,Francisco Lindor,27000000,Francisco,Lindor,francisco,lindor,lindofr01
2022,NYM,Jacob deGrom,18500000,Jacob,deGrom,jacob,degrom,degroja01
2022,NYM,Starling Marte,17000000,Starling,Marte,starling,marte,martest01
2022,NYM,Mark Canha,14000000,Mark,Canha,mark,canha,canhama01
2022,NYM,Carlos Carrasco,12000000,Carlos,Carrasco,carlos,carrasco,carraca01
2022,NYM,Edwin Diaz,10200000,Edwin,Diaz,edwin,diaz,diazed01
2022,NYM,Eduardo Escobar,10000000,Eduardo,Escobar,eduardo,escobar,escobed01
2022,NYM,Chris Bassitt,8650000,Chris,Bassitt,chris,bassitt,bassich01
2022,NYM,James McCann,8000000,James,McCann,james,mccann,mccanja02
2022,NYM,Trevor May,7750000,Trevor,May,trevor,may,maytr01
2022,NYM,Pete Alonso,7400000,Pete,Alonso,pete,alonso,alonspe01
2022,NYM,Taijuan Walker,7000000,Taijuan,Walker,taijuan,walker,walketa01
2022,NYM,Brandon Nimmo,7000000,Brandon,Nimmo,brandon,nimmo,nimmobr01
2022,NYM,Adam Ottavino,5000000,Adam,Ottavino,adam,ottavino,ottavad01
2022,NYM,Seth Lugo,3925000,Seth,Lugo,seth,lugo,lugose01
2022,NYM,Trevor Williams,3900000,Trevor,Williams,trevor,williams,willitr01
2022,NYM,Jeff McNeil,3000000,Jeff,McNeil,jeff,mcneil,mcneije01
2022,NYM,Joely Rodriguez,2650000,Joely,Rodriguez,joely,rodriguez,rodrijo07
2022,NYM,Tyler Naquin,1503820,Tyler,Naquin,tyler,naquin,naquity01
2022,NYM,Mychal Givens,1250000,Mychal,Givens,mychal,givens,givenmy01
2022,NYM,Darin Ruf,1054976,Darin,Ruf,darin,ruf,rufda01
2022,NYM,Tomas Nido,890000,Tomas,Nido,tomas,nido,nidoto01
2022,NYM,Luis Guillorme,875000,Luis,Guillorme,luis,guillorme,guilllu01
2022,NYM,Drew Smith,750000,Drew,Smith,drew,smith,smithdr01
2022,NYM,Tylor Megill,707500,Tylor,Megill,tylor,megill,megilty01
2022,NYM,David Peterson,476904,David,Peterson,david,peterson,peterda01
2022,NYM,Dan Vogelbach,329700,Dan,Vogelbach,dan,vogelbach,vogelda01
2022,NYM,Terrance Gore,134610,Terrance,Gore,terrance,gore,gorete01
2022,NYM,Mark Vientos,96150,Mark,Vientos,mark,vientos,vientma01
2022,NYM,Francisco Alvarez,19230,Francisco,Alvarez,francisco,alvarez,alvarfr01
2022,NYM,Joey Lucchesi,1150000,Joey,Lucchesi,joey,lucchesi,lucchjo01
2022,NYM,Sean Reid-Foley,717500,Sean,Reid-Foley,sean,reidfoley,reidfse01
2022,NYM,John Curtiss,700000,John,Curtiss,john,curtiss,curtijo01
2022,NYM,Tommy Hunter,423060,Tommy,Hunter,tommy,hunter,hunteto01
2022,NYM,Brett Baty,188454,Brett,Baty,brett,baty,batybr01
2022,NYM,Bryce Montes de Oca,123072,Bryce Montes de,Oca,brycemontesde,oca,ocabr01
2022,WSH,Patrick Corbin,23000000,Patrick,Corbin,patrick,corbin,corbipa01
2022,WSH,Nelson Cruz,12000000,Nelson,Cruz,nelson,cruz,cruzne01
2022,WSH,Cesar Hernandez,4500000,Cesar,Hernandez,cesar,hernandez,hernace01
2022,WSH,Erick Fedde,2150000,Erick,Fedde,erick,fedde,feddeer01
2022,WSH,Anibal Sanchez,2000000,Anibal,Sanchez,anibal,sanchez,sanchan01
2022,WSH,Steve Cishek,2000000,Steve,Cishek,steve,cishek,cishest01
2022,WSH,Luke Voit,1916480,Luke,Voit,luke,voit,voitlu01
2022,WSH,Victor Robles,1650000,Victor,Robles,victor,robles,roblevi01
2022,WSH,Luis Garcia,754974,Luis,Garcia,luis,garcia,garcilu04
2022,WSH,Kyle Finnegan,725900,Kyle,Finnegan,kyle,finnegan,finneky01
2022,WSH,Lane Thomas,723600,Lane,Thomas,lane,thomas,thomala02
2022,WSH,Paolo Espino,716200,Paolo,Espino,paolo,espino,espinpa01
2022,WSH,Josiah Gray,703500,Josiah,Gray,josiah,gray,grayjo01
2022,WSH,Hunter Harvey,661512,Hunter,Harvey,hunter,harvey,harvehu01
2022,WSH,Erasmo Ramirez,646128,Erasmo,Ramirez,erasmo,ramirez,ramirer01
2022,WSH,C.J. Edwards,569208,C.J.,Edwards,cj,edwards,edwarcj01
2022,WSH,Andres Machado,552522,Andres,Machado,andres,machado,machaan01
2022,WSH,Mason Thompson,524688,Mason,Thompson,mason,thompson,thompma01
2022,WSH,Riley Adams,500907,Riley,Adams,riley,adams,adamsri03
2022,WSH,Joey Meneses,493606,Joey,Meneses,joey,meneses,menesjo01
2022,WSH,Tres Barrera,334602,Tres,Barrera,tres,barrera,barretr01
2022,WSH,Jordan Weems,288450,Jordan,Weems,jordan,weems,weemsjo01
2022,WSH,Cory Abbott,257682,Cory,Abbott,cory,abbott,abbotco01
2022,WSH,Ildemaro Vargas,246144,Ildemaro,Vargas,ildemaro,vargas,vargail01
2022,WSH,Joshua Palacios,223590,Joshua,Palacios,joshua,palacios,palacjo01
2022,WSH,Alex Call,199992,Alex,Call,alex,call,callal01
2022,WSH,CJ Abrams,196146,CJ,Abrams,cj,abrams,abramcj01
2022,WSH,Israel Pineda,99996,Israel,Pineda,israel,pineda,pinedis01
2022,WSH,Stephen Strasburg,23571428,Stephen,Strasburg,stephen,strasburg,strasst01
2022,WSH,Will Harris,8000000,Will,Harris,will,harris,harriwi01
2022,WSH,Joe Ross,2400000,Joe,Ross,joe,ross,rossjo01
2022,WSH,Sean Doolittle,1500000,Sean,Doolittle,sean,doolittle,doolise01
2022,WSH,Victor Arano,900000,Victor,Arano,victor,arano,aranovi01
2022,WSH,Tanner Rainey,860000,Tanner,Rainey,tanner,rainey,raineta01
2022,WSH,Yadiel Hernandez,714000,Yadiel,Hernandez,yadiel,hernandez,hernaya01
2022,WSH,Carter Kieboom,713400,Carter,Kieboom,carter,kieboom,kieboca01
2022,WSH,Keibert Ruiz,701300,Keibert,Ruiz,keibert,ruiz,ruizke01
2022,WSH,Evan Lee,484596,Evan,Lee,evan,lee,leeev01
2022,WSH,Jackson Tetreault,434598,Jackson,Tetreault,jackson,tetreault,tetreja01
2022,WSH,MacKenzie Gore,246144,MacKenzie,Gore,mackenzie,gore,gorema01
2022,WSH,Cade Cavalli,153840,Cade,Cavalli,cade,cavalli,cavalca01
2022,MIA,Avisail Garcia,12000000,Avisail,Garcia,avisail,garcia,garciav01
2022,MIA,Miguel Rojas,5500000,Miguel,Rojas,miguel,rojas,rojasmi02
2022,MIA,Miguel Rojas,5500000,Miguel,Rojas,miguel,rojas,rojasmi02
2022,MIA,Sandy Alcantara,5000000,Sandy,Alcantara,sandy,alcantara,alcansa01
2022,MIA,Joey Wendle,4550000,Joey,Wendle,joey,wendle,wendljo01
2022,MIA,Brian Anderson,4475000,Brian,Anderson,brian,anderson,anderbr06
2022,MIA,Dylan Floro,3000000,Dylan,Floro,dylan,floro,florody01
2022,MIA,Jacob Stallings,2450000,Jacob,Stallings,jacob,stallings,stallja01
2022,MIA,Pablo Lopez,2450000,Pablo,Lopez,pablo,lopez,lopezpa01
2022,MIA,Richard Bleier,2250000,Richard,Bleier,richard,bleier,bleieri01
2022,MIA,Jon Berti,1200000,Jon,Berti,jon,berti,bertijo01
2022,MIA,Tanner Scott,1050000,Tanner,Scott,tanner,scott,scottta01
2022,MIA,Jesus Luzardo,1003794,Jesus,Luzardo,jesus,luzardo,luzarje01
2022,MIA,Bryan De La Cruz,643914,Bryan De La,Cruz,bryandela,cruz,cruzbr01
2022,MIA,Tommy Nance,515364,Tommy,Nance,tommy,nance,nanceto01
2022,MIA,Nick Fortes,503826,Nick,Fortes,nick,fortes,forteni01
2022,MIA,Jesus Sanchez,490896,Jesus,Sanchez,jesus,sanchez,sanchje02
2022,MIA,Braxton Garrett,430752,Braxton,Garrett,braxton,garrett,garrebr01
2022,MIA,Lewin Diaz,292296,Lewin,Diaz,lewin,diaz,diazle01
2022,MIA,J.J. Bleday,284604,J.J.,Bleday,jj,bleday,bledajj01
2022,MIA,Huascar Brazoban,280758,Huascar,Brazoban,huascar,brazoban,brazohu01
2022,MIA,Charles Leblanc,261528,Charles,Leblanc,charles,leblanc,leblach01
2022,MIA,Jeff Brigham,207684,Jeff,Brigham,jeff,brigham,brighje01
2022,MIA,Andrew Nardi,199992,Andrew,Nardi,andrew,nardi,nardian01
2022,MIA,Peyton Burdick,176916,Peyton,Burdick,peyton,burdick,burdipe01
2022,MIA,Jake Fishman,103842,Jake,Fishman,jake,fishman,fishmja01
2022,MIA,Bryan Hoeing,99996,Bryan,Hoeing,bryan,hoeing,hoeinbr01
2022,MIA,Jordan Groshans,84612,Jordan,Groshans,jordan,groshans,groshjo01
2022,MIA,Jorge Soler,12000000,Jorge,Soler,jorge,soler,solerjo01
2022,MIA,Garrett Cooper,2500000,Garrett,Cooper,garrett,cooper,coopega03
2022,MIA,Trevor Rogers,722000,Trevor,Rogers,trevor,rogers,rogertr01
2022,MIA,Jazz Chisholm,718000,Jazz,Chisholm,jazz,chisholm,chishja01
2022,MIA,Anthony Bender,713000,Anthony,Bender,anthony,bender,bendean01
2022,MIA,Steven Okert,709000,Steven,Okert,steven,okert,okertst01
2022,MIA,Cody Poteet,704000,Cody,Poteet,cody,poteet,poteeco01
2022,MIA,Sean Guenther,703000,Sean,Guenther,sean,guenther,guentse01
2022,MIA,Paul Campbell,661512,Paul,Campbell,paul,campbell,campbpa01
2022,MIA,Daniel Castano,488124,Daniel,Castano,daniel,castano,castada01
2022,MIA,Edward Cabrera,484596,Edward,Cabrera,edward,cabrera,cabreed01
2022,MIA,Max Meyer,311526,Max,Meyer,max,meyer,meyerma01
2022,MIA,Jordan Holloway,284604,Jordan,Holloway,jordan,holloway,hollojo01
2022,MIL,Christian Yelich,22000000,Christian,Yelich,christian,yelich,yelicch01
2022,MIL,Andrew McCutchen,8500000,Andrew,McCutchen,andrew,mccutchen,mccutan01
2022,MIL,Kolten Wong,8000000,Kolten,Wong,kolten,wong,wongko01
2022,MIL,Hunter Renfroe,7650000,Hunter,Renfroe,hunter,renfroe,renfrhu01
2022,MIL,Brandon Woodruff,6800000,Brandon,Woodruff,brandon,woodruff,woodrbr01
2022,MIL,Corbin Burnes,6500000,Corbin,Burnes,corbin,burnes,burneco01
2022,MIL,Omar Narvaez,5000000,Omar,Narvaez,omar,narvaez,narvaom01
2022,MIL,Willy Adames,4600000,Willy,Adames,willy,adames,adamewi01
2022,MIL,Brent Suter,2700000,Brent,Suter,brent,suter,suterbr01
2022,MIL,Luis Urias,2550000,Luis,Urias,luis,urias,uriaslu01
2022,MIL,Eric Lauer,2425000,Eric,Lauer,eric,lauer,lauerer01
2022,MIL,Freddy Peralta,2250000,Freddy,Peralta,freddy,peralta,peralfr01
2022,MIL,Victor Caratini,2000000,Victor,Caratini,victor,caratini,caratvi01
2022,MIL,Rowdy Tellez,1940000,Rowdy,Tellez,rowdy,tellez,tellero01
2022,MIL,Jace Peterson,1825000,Jace,Peterson,jace,peterson,peterja01
2022,MIL,Brad Boxberger,1750000,Brad,Boxberger,brad,boxberger,bobebr01
2022,MIL,Devin Williams,1020092,Devin,Williams,devin,williams,willide01
2022,MIL,Tyrone Taylor,953592,Tyrone,Taylor,tyrone,taylor,tayloty01
2022,MIL,Trevor Gott,725000,Trevor,Gott,trevor,gott,gotttr01
2022,MIL,Hoby Milner,705100,Hoby,Milner,hoby,milner,milneho01
2022,MIL,Aaron Ashby,704500,Aaron,Ashby,aaron,ashby,ashbyaa01
2022,MIL,Michael Brosseau,698580,Michael,Brosseau,michael,brosseau,brossmi01
2022,MIL,Keston Hiura,592722,Keston,Hiura,keston,hiura,hiurake01
2022,MIL,Jake Cousins,570507,Jake,Cousins,jake,cousins,cousija01
2022,MIL,Jason Alexander,392292,Jason,Alexander,jason,alexander,aleaja01
2022,MIL,Peter Strzelecki,303834,Peter,Strzelecki,peter,strzelecki,strzepe01
2022,MIL,Taylor Rogers,250000,Taylor,Rogers,taylor,rogers,rogerta01
2022,MIL,Garrett Mitchell,149994,Garrett,Mitchell,garrett,mitchell,mitchga01
2022,MIL,Adrian Houser,2425000,Adrian,Houser,adrian,houser,housead01
2022,MIL,Jandel Gustave,700000,Jandel,Gustave,jandel,gustave,gustaja01
2022,MIL,Justin Topa,570984,Justin,Topa,justin,topa,topaju01
2022,MIL,Miguel Sanchez,511518,Miguel,Sanchez,miguel,sanchez,sanchmi01
2022,MIL,Alex Jackson,496134,Alex,Jackson,alex,jackson,jacksal01
2022,MIL,Luis Perdomo,473058,Luis,Perdomo,luis,perdomo,perdolu01
2022,MIL,Trevor Rosenthal,296700,Trevor,Rosenthal,trevor,rosenthal,rosentr01
2022,MIL,Matt Bush,290112,Matt,Bush,matt,bush,bushma01
2022,CHC,Marcus Stroman,25000000,Marcus,Stroman,marcus,stroman,stromma01
2022,CHC,Seiya Suzuki,12000000,Seiya,Suzuki,seiya,suzuki,suzukse01
2022,CHC,Wade Miley,10000000,Wade,Miley,wade,miley,mileywa01
2022,CHC,Willson Contreras,9625000,Willson,Contreras,willson,contreras,contrwi02
2022,CHC,Ian Happ,6850000,Ian,Happ,ian,happ,happia01
2022,CHC,Yan Gomes,6000000,Yan,Gomes,yan,gomes,gomesya01
2022,CHC,Drew Smyly,4250000,Drew,Smyly,drew,smyly,smylydr01
2022,CHC,David Bote,2500000,David,Bote,david,bote,boteda01
2022,CHC,Franmil Reyes,1450000,Franmil,Reyes,franmil,reyes,reyesfr01
2022,CHC,Nico Hoerner,1261479,Nico,Hoerner,nico,hoerner,hoernni01
2022,CHC,Patrick Wisdom,730000,Patrick,Wisdom,patrick,wisdom,wisdopa01
2022,CHC,Rowan Wick,724000,Rowan,Wick,rowan,wick,wickro01
2022,CHC,Adbert Alzolay,718250,Adbert,Alzolay,adbert,alzolay,alzolad01
2022,CHC,Keegan Thompson,706000,Keegan,Thompson,keegan,thompson,thompke01
2022,CHC,Alfonso Rivas,562684,Alfonso,Rivas,alfonso,rivas,rivasal01
2022,CHC,Michael Rucker,548120,Michael,Rucker,michael,rucker,ruckemi01
2022,CHC,Christopher Morel,542286,Christopher,Morel,christopher,morel,morelch01
2022,CHC,Brandon Hughes,538440,Brandon,Hughes,brandon,hughes,hughebr01
2022,CHC,P.J. Higgins,523056,P.J.,Higgins,pj,higgins,higgipj01
2022,CHC,Manuel Rodriguez,484596,Manuel,Rodriguez,manuel,rodriguez,rodrima01
2022,CHC,Mark Leiter Jr.,457674,Mark,Leiter,mark,leiter,leitema01
2022,CHC,Nelson Velazquez,419214,Nelson,Velazquez,nelson,velazquez,velazne01
2022,CHC,Adrian Sampson,415368,Adrian,Sampson,adrian,sampson,sampsad01
2022,CHC,Erich Uelmen,307680,Erich,Uelmen,erich,uelmen,uelmeer01
2022,CHC,Zach McKinstry,261528,Zach,McKinstry,zach,mckinstry,mckinza01
2022,CHC,Javier Assad,165378,Javier,Assad,javier,assad,assadja01
2022,CHC,Hayden Wesneski,115380,Hayden,Wesneski,hayden,wesneski,wesneha01
2022,CHC,Esteban Quiroz,69228,Esteban,Quiroz,esteban,quiroz,quiroes01
2022,CHC,Jason Heyward,22000000,Jason,Heyward,jason,heyward,heywaja01
2022,CHC,Kyle Hendricks,14000000,Kyle,Hendricks,kyle,hendricks,hendrky01
2022,CHC,Justin Steele,988127,Justin,Steele,justin,steele,steelju01
2022,CHC,Alec Mills,741250,Alec,Mills,alec,mills,millsal01
2022,CHC,Rafael Ortega,738500,Rafael,Ortega,rafael,ortega,ortegra01
2022,CHC,Codi Heuer,734000,Codi,Heuer,codi,heuer,heuerco01
2022,CHC,Brad Wieck,717000,Brad,Wieck,brad,wieck,wieckbr01
2022,CHC,Nick Madrigal,716500,Nick,Madrigal,nick,madrigal,madrini01
2022,CHC,Steven Brault,667602,Steven,Brault,steven,brault,braulst01
2022,CHC,Ethan Roberts,112890,Ethan,Roberts,ethan,roberts,roberet01
2022,STL,Paul Goldschmidt,26300000,Paul,Goldschmidt,paul,goldschmidt,goldspa01
2022,STL,Nolan Arenado,23504500,Nolan,Arenado,nolan,arenado,arenano01
2022,STL,Adam Wainwright,17500000,Adam,Wainwright,adam,wainwright,wainwad01
2022,STL,Miles Mikolas,15750000,Miles,Mikolas,miles,mikolas,mikolmi01
2022,STL,Yadier Molina,10000000,Yadier,Molina,yadier,molina,molinya01
2022,STL,Steven Matz,10000000,Steven,Matz,steven,matz,matzst01
2022,STL,"Jong

Paul DeJong",6000000,"Jong

Paul",DeJong,jongpaul,dejong,dejonjo01
2022,STL,Corey Dickerson,5000000,Corey,Dickerson,corey,dickerson,dickeco01
2022,STL,Jack Flaherty,5000000,Jack,Flaherty,jack,flaherty,flaheja01
2022,STL,Giovanny Gallegos,2910000,Giovanny,Gallegos,giovanny,gallegos,gallegi01
2022,STL,Albert Pujols,2600000,Albert,Pujols,albert,pujols,pujolal01
2022,STL,Jordan Montgomery,2109888,Jordan,Montgomery,jordan,montgomery,montgjo01
2022,STL,Ryan Helsley,1587461,Ryan,Helsley,ryan,helsley,helslry01
2022,STL,Tommy Edman,1435275,Tommy,Edman,tommy,edman,edmanto01
2022,STL,Brendan Donovan,1031185,Brendan,Donovan,brendan,donovan,donovbr01
2022,STL,Chris Stratton,949440,Chris,Stratton,chris,stratton,stratch01
2022,STL,Dylan Carlson,943601,Dylan,Carlson,dylan,carlson,carlsdy01
2022,STL,Jordan Hicks,937500,Jordan,Hicks,jordan,hicks,hicksjo01
2022,STL,Lars Nootbaar,882312,Lars,Nootbaar,lars,nootbaar,nootbla01
2022,STL,Andrew Knizner,718300,Andrew,Knizner,andrew,knizner,kniznan01
2022,STL,Jose Quintana,714285,Jose,Quintana,jose,quintana,quintjo01
2022,STL,Andre Pallante,700000,Andre,Pallante,andre,pallante,pallaan01
2022,STL,Juan Yepez,480750,Juan,Yepez,juan,yepez,yepezju01
2022,STL,Jake Woodford,435675,Jake,Woodford,jake,woodford,woodfja01
2022,STL,Zack Thompson,369216,Zack,Thompson,zack,thompson,thompza01
2022,STL,Ben DeLuzio,130764,Ben,DeLuzio,ben,deluzio,deluzbe01
2022,STL,Alec Burleson,107688,Alec,Burleson,alec,burleson,burleal01
2022,STL,Matthew Liberatore,96150,Matthew,Liberatore,matthew,liberatore,liberma01
2022,STL,Tyler O'Neill,3400000,Tyler,O'Neill,tyler,oneill,oneilty01
2022,STL,Alex Reyes,2850000,Alex,Reyes,alex,reyes,reyesal01
2022,STL,Drew VerHagen,2500000,Drew,VerHagen,drew,verhagen,verhadr01
2022,CIN,Donovan Solano,4500000,Donovan,Solano,donovan,solano,solando01
2022,CIN,Kyle Farmer,3155000,Kyle,Farmer,kyle,farmer,farmeky01
2022,CIN,Hunter Strickland,1825000,Hunter,Strickland,hunter,strickland,strichu01
2022,CIN,Luis Cessa,1800000,Luis,Cessa,luis,cessa,cessalu01
2022,CIN,Alexis Diaz,941048,Alexis,Diaz,alexis,diaz,diazal01
2022,CIN,Nick Lodolo,939917,Nick,Lodolo,nick,lodolo,lodolni01
2022,CIN,Hunter Greene,922250,Hunter,Greene,hunter,greene,greenhu01
2022,CIN,Jonathan India,760000,Jonathan,India,jonathan,india,indiajo01
2022,CIN,Jake Fraley,710000,Jake,Fraley,jake,fraley,fraleja01
2022,CIN,Aristides Aquino,640096,Aristides,Aquino,aristides,aquino,aquinar01
2022,CIN,Matt Reynolds,623052,Matt,Reynolds,matt,reynolds,reynoma01
2022,CIN,Connor Overton,611514,Connor,Overton,connor,overton,overtco01
2022,CIN,Joel Kuhnel,576900,Joel,Kuhnel,joel,kuhnel,kuhnejo01
2022,CIN,Buck Farmer,569740,Buck,Farmer,buck,farmer,farmebu01
2022,CIN,Reiver Sanmartin,549978,Reiver,Sanmartin,reiver,sanmartin,sanmare01
2022,CIN,Graham Ashcraft,515364,Graham,Ashcraft,graham,ashcraft,ashcrgr01
2022,CIN,Jose Barrero,494080,Jose,Barrero,jose,barrero,barrejo01
2022,CIN,Alejo Lopez,415368,Alejo,Lopez,alejo,lopez,lopezal03
2022,CIN,Ian Gibaut,349986,Ian,Gibaut,ian,gibaut,gibauia01
2022,CIN,Austin Romine,246144,Austin,Romine,austin,romine,rominau01
2022,CIN,Stuart Fairchild,246144,Stuart,Fairchild,stuart,fairchild,faircst01
2022,CIN,Chuckie Robinson,169224,Chuckie,Robinson,chuckie,robinson,robinch01
2022,CIN,Chase Anderson,142302,Chase,Anderson,chase,anderson,anderch01
2022,CIN,Derek Law,138456,Derek,Law,derek,law,lawde01
2022,CIN,Fernando Cruz,130764,Fernando,Cruz,fernando,cruz,cruzfe01
2022,CIN,Spencer Steer,130764,Spencer,Steer,spencer,steer,steersp01
2022,CIN,Mike Siani,53844,Mike,Siani,mike,siani,sianimi01
2022,CIN,Joey Votto,25000000,Joey,Votto,joey,votto,vottojo01
2022,CIN,Mike Moustakas,16000000,Mike,Moustakas,mike,moustakas,moustmi01
2022,CIN,Mike Minor,10000000,Mike,Minor,mike,minor,minormi01
2022,CIN,Justin Wilson,2300000,Justin,Wilson,justin,wilson,wilsoju01
2022,CIN,Nick Senzel,1250000,Nick,Senzel,nick,senzel,senzeni01
2022,CIN,Lucas Sims,1200000,Lucas,Sims,lucas,sims,simslu01
2022,CIN,Jeff Hoffman,925000,Jeff,Hoffman,jeff,hoffman,hoffmje01
2022,CIN,Tyler Stephenson,720000,Tyler,Stephenson,tyler,stephenson,stephty01
2022,CIN,Tejay Antone,720000,Tejay,Antone,tejay,antone,antonte01
2022,CIN,Vladimir Gutierrez,707500,Vladimir,Gutierrez,vladimir,gutierrez,gutievl01
2022,CIN,Tony Santillan,702500,Tony,Santillan,tony,santillan,santito01
2022,CIN,Justin Dunn,660652,Justin,Dunn,justin,dunn,dunnju01
2022,CIN,Art Warren,644620,Art,Warren,art,warren,warrear01
2022,CIN,T.J. Friedl,349986,T.J.,Friedl,tj,friedl,friedtj01
2022,PIT,Ke'Bryan Hayes,10000000,Ke'Bryan,Hayes,kebryan,hayes,hayeske01
2022,PIT,Bryan Reynolds,6750000,Bryan,Reynolds,bryan,reynolds,reynobr01
2022,PIT,Kevin Newman,1950000,Kevin,Newman,kevin,newman,newmake01
2022,PIT,Ben Gamel,1800000,Ben,Gamel,ben,gamel,gamelbe01
2022,PIT,Mitch Keller,977104,Mitch,Keller,mitch,keller,kellemi01
2022,PIT,Duane Underwood,725000,Duane,Underwood,duane,underwood,underdu01
2022,PIT,JT Brubaker,725000,JT,Brubaker,jt,brubaker,brubajt01
2022,PIT,David Bednar,715000,David,Bednar,david,bednar,bednada01
2022,PIT,Zach Thompson,705000,Zach,Thompson,zach,thompson,thompza01
2022,PIT,Chase De Jong,646128,Chase De,Jong,chasede,jong,jongch01
2022,PIT,Tyler Heineman,546132,Tyler,Heineman,tyler,heineman,heinety01
2022,PIT,Nick Mears,534612,Nick,Mears,nick,mears,mearsni01
2022,PIT,Diego Castillo,534594,Diego,Castillo,diego,castillo,castidi02
2022,PIT,Bryse Wilson,526486,Bryse,Wilson,bryse,wilson,wilsobr01
2022,PIT,Jack Suwinski,449982,Jack,Suwinski,jack,suwinski,suwinja01
2022,PIT,Oneil Cruz,411522,Oneil,Cruz,oneil,cruz,cruzon01
2022,PIT,Cal Mitchell,357678,Cal,Mitchell,cal,mitchell,mitchca01
2022,PIT,Jason Delay,357678,Jason,Delay,jason,delay,delayja01
2022,PIT,Manny Banuelos,349986,Manny,Banuelos,manny,banuelos,banuema01
2022,PIT,Tucupita Marcano,330756,Tucupita,Marcano,tucupita,marcano,marcatu01
2022,PIT,Rodolfo Castro,311526,Rodolfo,Castro,rodolfo,castro,castrro01
2022,PIT,Robert Stephenson,274287,Robert,Stephenson,robert,stephenson,stephro01
2022,PIT,Miguel Yajure,255684,Miguel,Yajure,miguel,yajure,yajurmi01
2022,PIT,Yohan Ramirez,226722,Yohan,Ramirez,yohan,ramirez,ramiryo01
2022,PIT,Johan Oviedo,130764,Johan,Oviedo,johan,oviedo,oviedjo01
2022,PIT,Miguel Andujar,71430,Miguel,Andujar,miguel,andujar,andujmi01
2022,PIT,Ji-Hwan Bae,46152,Ji-Hwan,Bae,jihwan,bae,baeji01
2022,PIT,Junior Fernandez,15384,Junior,Fernandez,junior,fernandez,fernaju01
2022,PIT,Roberto Perez,5000000,Roberto,Perez,roberto,perez,perezro01
2022,PIT,Blake Cederlind,715000,Blake,Cederlind,blake,cederlind,cederbl01
2022,PIT,Wil Crowe,715000,Wil,Crowe,wil,crowe,crowewi01
2022,PIT,Yerry De Los Santos,519210,Yerry De Los,Santos,yerrydelos,santos,santoye01
2022,PIT,Max Kranick,507494,Max,Kranick,max,kranick,kranima01
2022,PIT,Canaan Smith-Njigba,438444,Canaan,Smith-Njigba,canaan,smithnjigba,smithca07
2022,PIT,Colin Holderman,249990,Colin,Holderman,colin,holderman,holdeco01
2022,PIT,Eric Stout,203838,Eric,Stout,eric,stout,stouter01
2022,PIT,Zack Collins,100050,Zack,Collins,zack,collins,colliza01
2022,LAD,Trea Turner,21000000,Trea,Turner,trea,turner,turnetr01
2022,LAD,Clayton Kershaw,20000000,Clayton,Kershaw,clayton,kershaw,kershcl01
2022,LAD,Freddie Freeman,20000000,Freddie,Freeman,freddie,freeman,freemfr01
2022,LAD,Cody Bellinger,17000000,Cody,Bellinger,cody,bellinger,bellico01
2022,LAD,Craig Kimbrel,16000000,Craig,Kimbrel,craig,kimbrel,kimbrcr01
2022,LAD,David Price,16000000,David,Price,david,price,priceda01
2022,LAD,Justin Turner,16000000,Justin,Turner,justin,turner,turneju01
2022,LAD,Chris Taylor,15000000,Chris,Taylor,chris,taylor,tayloch03
2022,LAD,Mookie Betts,14500000,Mookie,Betts,mookie,betts,bettsmo01
2022,LAD,Max Muncy,11500000,Max,Muncy,max,muncy,muncyma01
2022,LAD,Andrew Heaney,8500000,Andrew,Heaney,andrew,heaney,heanean01
2022,LAD,Tyler Anderson,8500000,Tyler,Anderson,tyler,anderson,anderty01
2022,LAD,Julio Urias,8000000,Julio,Urias,julio,urias,uriasju01
2022,LAD,Joey Gallo,3613184,Joey,Gallo,joey,gallo,gallojo01
2022,LAD,Tommy Kahnle,3450000,Tommy,Kahnle,tommy,kahnle,kahnlto01
2022,LAD,Austin Barnes,2600000,Austin,Barnes,austin,barnes,barneau01
2022,LAD,Will Smith,1703374,Will,Smith,will,smith,smithwi05
2022,LAD,Chris Martin,1684066,Chris,Martin,chris,martin,martich01
2022,LAD,Hanser Alberto,1350000,Hanser,Alberto,hanser,alberto,alberha01
2022,LAD,Tony Gonsolin,1249938,Tony,Gonsolin,tony,gonsolin,gonsoto01
2022,LAD,Evan Phillips,1079470,Evan,Phillips,evan,phillips,phillev01
2022,LAD,Gavin Lux,1032331,Gavin,Lux,gavin,lux,luga01
2022,LAD,Alex Vesia,720000,Alex,Vesia,alex,vesia,vesiaal01
2022,LAD,Brusdar Graterol,720000,Brusdar,Graterol,brusdar,graterol,gratebr01
2022,LAD,Trayce Thompson,691580,Trayce,Thompson,trayce,thompson,thomptr01
2022,LAD,Caleb Ferguson,678640,Caleb,Ferguson,caleb,ferguson,ferguca01
2022,LAD,Yency Almonte,561516,Yency,Almonte,yency,almonte,almonye01
2022,LAD,Miguel Vargas,153840,Miguel,Vargas,miguel,vargas,vargami01
2022,LAD,Blake Treinen,9000000,Blake,Treinen,blake,treinen,treinbl01
2022,LAD,Walker Buehler,6250000,Walker,Buehler,walker,buehler,buehlwa01
2022,LAD,Daniel Hudson,6000000,Daniel,Hudson,daniel,hudson,hudsoda01
2022,LAD,Danny Duffy,3000000,Danny,Duffy,danny,duffy,duffyda01
2022,LAD,Kevin Pillar,1785680,Kevin,Pillar,kevin,pillar,pillake01
2022,LAD,Dustin May,730000,Dustin,May,dustin,may,maydu01
2022,LAD,Victor Gonzalez,720000,Victor,Gonzalez,victor,gonzalez,gonzavi01
2022,LAD,Jimmy Nelson,700000,Jimmy,Nelson,jimmy,nelson,nelsoji01
2022,LAD,Phil Bickford,607668,Phil,Bickford,phil,bickford,bickfph01
2022,LAD,Michael Grove,126918,Michael,Grove,michael,grove,grovemi01
2022,SD,Manny Machado,30000000,Manny,Machado,manny,machado,machama01
2022,SD,Yu Darvish,20000000,Yu,Darvish,yu,darvish,darviyu01
2022,SD,Wil Myers,20000000,Wil,Myers,wil,myers,myerswi01
2022,SD,Blake Snell,12500000,Blake,Snell,blake,snell,snellbl01
2022,SD,Sean Manaea,9750000,Sean,Manaea,sean,manaea,manaese01
2022,SD,Joe Musgrove,8625000,Joe,Musgrove,joe,musgrove,musgrjo01
2022,SD,Jurickson Profar,8000000,Jurickson,Profar,jurickson,profar,profaju01
2022,SD,Mike Clevinger,7000000,Mike,Clevinger,mike,clevinger,clevimi01
2022,SD,Ha-seong Kim,7000000,Ha-seong,Kim,haseong,kim,kimha01
2022,SD,Juan Soto,6013184,Juan,Soto,juan,soto,sotoju01
2022,SD,Nick Martinez,6000000,Nick,Martinez,nick,martinez,martini02
2022,SD,Robert Suarez,6000000,Robert,Suarez,robert,suarez,suarero01
2022,SD,Craig Stammen,4000000,Craig,Stammen,craig,stammen,stammcr01
2022,SD,Josh Hader,3989011,Josh,Hader,josh,hader,haderjo01
2022,SD,Josh Bell,3516480,Josh,Bell,josh,bell,belljo02
2022,SD,Luis Garcia,3000000,Luis,Garcia,luis,garcia,garcilu04
2022,SD,Pierce Johnson,3000000,Pierce,Johnson,pierce,johnson,johnspi01
2022,SD,Jorge Alfaro,2725000,Jorge,Alfaro,jorge,alfaro,alfarjo01
2022,SD,Tim Hill,1325000,Tim,Hill,tim,hill,hillti01
2022,SD,Jake Cronenworth,1234840,Jake,Cronenworth,jake,cronenworth,croneja01
2022,SD,Trent Grisham,931000,Trent,Grisham,trent,grisham,grishtr01
2022,SD,Austin Nola,726900,Austin,Nola,austin,nola,nolaau01
2022,SD,Adrian Morejon,704500,Adrian,Morejon,adrian,morejon,morejad01
2022,SD,Steven Wilson,665358,Steven,Wilson,steven,wilson,wilsost01
2022,SD,Nabil Crismatt,634240,Nabil,Crismatt,nabil,crismatt,crismna01
2022,SD,Jose Azocar,561516,Jose,Azocar,jose,azocar,azocajo01
2022,SD,Brandon Drury,316480,Brandon,Drury,brandon,drury,drurybr01
2022,SD,Luis Campusano,180762,Luis,Campusano,luis,campusano,campulu01
2022,SD,Brandon Dixon,30768,Brandon,Dixon,brandon,dixon,dionbr01
2022,SD,Drew Pomeranz,10000000,Drew,Pomeranz,drew,pomeranz,pomerdr01
2022,SD,Austin Adams,925000,Austin,Adams,austin,adams,adamsau01
2022,ARI,Madison Bumgarner,18000000,Madison,Bumgarner,madison,bumgarner,bumgama01
2022,ARI,Mark Melancon,7000000,Mark,Melancon,mark,melancon,melanma01
2022,ARI,Merrill Kelly,6250000,Merrill,Kelly,merrill,kelly,kellyme01
2022,ARI,Ian Kennedy,4500000,Ian,Kennedy,ian,kennedy,kenneia01
2022,ARI,Carson Kelly,3325000,Carson,Kelly,carson,kelly,kellyca02
2022,ARI,Christian Walker,2600000,Christian,Walker,christian,walker,walkech02
2022,ARI,Zac Gallen,2416475,Zac,Gallen,zac,gallen,galleza01
2022,ARI,Caleb Smith,2000000,Caleb,Smith,caleb,smith,smithca07
2022,ARI,Zach Davies,1500000,Zach,Davies,zach,davies,davieza01
2022,ARI,Jordan Luplow,1400000,Jordan,Luplow,jordan,luplow,luplojo01
2022,ARI,Daulton Varsho,1268573,Daulton,Varsho,daulton,varsho,varshda01
2022,ARI,Josh Rojas,1039795,Josh,Rojas,josh,rojas,rojasjo03
2022,ARI,Jake McCarthy,811879,Jake,McCarthy,jake,mccarthy,mccarja02
2022,ARI,Joe Mantiply,717000,Joe,Mantiply,joe,mantiply,mantijo01
2022,ARI,Geraldo Perdomo,701300,Geraldo,Perdomo,geraldo,perdomo,perdoge01
2022,ARI,Cooper Hummel,523056,Cooper,Hummel,cooper,hummel,hummeco01
2022,ARI,Sean Poppen,406026,Sean,Poppen,sean,poppen,poppese01
2022,ARI,Pavin Smith,393228,Pavin,Smith,pavin,smith,smithpa04
2022,ARI,Reyes Moronta,362648,Reyes,Moronta,reyes,moronta,moronre01
2022,ARI,Sergio Alcantara,360180,Sergio,Alcantara,sergio,alcantara,alcanse01
2022,ARI,Kevin Ginkel,246144,Kevin,Ginkel,kevin,ginkel,ginkeke01
2022,ARI,Jake Hager,215376,Jake,Hager,jake,hager,hagerja01
2022,ARI,Buddy Kennedy,196146,Buddy,Kennedy,buddy,kennedy,kennebu01
2022,ARI,Stone Garrett,188454,Stone,Garrett,stone,garrett,garrest01
2022,ARI,Tommy Henry,184608,Tommy,Henry,tommy,henry,henryto01
2022,ARI,Taylor Widener,161532,Taylor,Widener,taylor,widener,widenta01
2022,ARI,Corbin Carroll,142302,Corbin,Carroll,corbin,carroll,carroco02
2022,ARI,Drey Jameson,76920,Drey,Jameson,drey,jameson,jamesdr01
2022,ARI,Nick Ahmed,8250000,Nick,Ahmed,nick,ahmed,ahmedni01
2022,ARI,Ketel Marte,8000000,Ketel,Marte,ketel,marte,marteke01
2022,ARI,Humberto Castellanos,713700,Humberto,Castellanos,humberto,castellanos,castehu01
2022,ARI,Kyle Nelson,684588,Kyle,Nelson,kyle,nelson,nelsoky01
2022,ARI,Keynan Middleton,567084,Keynan,Middleton,keynan,middleton,middlke01
2022,ARI,Tyler Gilbert,373062,Tyler,Gilbert,tyler,gilbert,gilbety01
2022,ARI,Emmanuel Rivera,246144,Emmanuel,Rivera,emmanuel,rivera,riverem01
2022,ARI,Ryne Nelson,115380,Ryne,Nelson,ryne,nelson,nelsory01
2022,SF,Brandon Crawford,16000000,Brandon,Crawford,brandon,crawford,crawfbr01
2022,SF,Alex Cobb,9000000,Alex,Cobb,alex,cobb,cobbal01
2022,SF,Mike Yastrzemski,3700000,Mike,Yastrzemski,mike,yastrzemski,yastrmi01
2022,SF,Wilmer Flores,3500000,Wilmer,Flores,wilmer,flores,florewi01
2022,SF,Austin Slater,1850000,Austin,Slater,austin,slater,slateau01
2022,SF,Jarlin Garcia,1725000,Jarlin,Garcia,jarlin,garcia,garcija01
2022,SF,J.D. Davis,970560,J.D.,Davis,jd,davis,davisjd01
2022,SF,John Brebbia,837500,John,Brebbia,john,brebbia,brebbjo01
2022,SF,LaMonte Wade Jr.,730000,LaMonte,Wade,lamonte,wade,wadela01
2022,SF,Tyler Rogers,730000,Tyler,Rogers,tyler,rogers,rogerty01
2022,SF,Thairo Estrada,715000,Thairo,Estrada,thairo,estrada,estrath01
2022,SF,Camilo Doval,703750,Camilo,Doval,camilo,doval,dovalca01
2022,SF,Joey Bart,614146,Joey,Bart,joey,bart,bartjo01
2022,SF,Austin Wynns,457674,Austin,Wynns,austin,wynns,wynnsau01
2022,SF,Yunior Marte,457674,Yunior,Marte,yunior,marte,marteyu01
2022,SF,David Villar,261528,David,Villar,david,villar,villada01
2022,SF,Alex Young,246144,Alex,Young,alex,young,youngal01
2022,SF,Jason Vosler,180762,Jason,Vosler,jason,vosler,vosleja01
2022,SF,Scott Alexander,153840,Scott,Alexander,scott,alexander,aleasc01
2022,SF,Jharel Cotton,65382,Jharel,Cotton,jharel,cotton,cottojh01
2022,SF,Bryce Johnson,57690,Bryce,Johnson,bryce,johnson,johnsbr01
2022,SF,Sean Hjelle,53844,Sean,Hjelle,sean,hjelle,hjellse01
2022,SF,Shelby Miller,49998,Shelby,Miller,shelby,miller,millesh01
2022,SF,Luis Ortiz,49998,Luis,Ortiz,luis,ortiz,ortizlu01
2022,SF,Cole Waites,46152,Cole,Waites,cole,waites,waiteco01
2022,SF,Ford Proctor,42306,Ford,Proctor,ford,proctor,proctfo01
2022,SF,Heliot Ramos,38460,Heliot,Ramos,heliot,ramos,ramoshe02
2022,SF,Andrew Vasquez,8792,Andrew,Vasquez,andrew,vasquez,vasquan01
2022,SF,Carlos Rodon,21500000,Carlos,Rodon,carlos,rodon,rodonca01
2022,SF,Brandon Belt,18400000,Brandon,Belt,brandon,belt,beltbr01
2022,SF,Evan Longoria,14500000,Evan,Longoria,evan,longoria,longoev01
2022,SF,Alex Wood,13500000,Alex,Wood,alex,wood,woodal01
2022,SF,Anthony DeSclafani,12000000,Anthony,DeSclafani,anthony,desclafani,desclan01
2021,NYY,Gerrit Cole,36000000,Gerrit,Cole,gerrit,cole,colege01
2021,NYY,Giancarlo Stanton,19000000,Giancarlo,Stanton,giancarlo,stanton,stantgi01
2021,NYY,Anthony Rizzo,16500000,Anthony,Rizzo,anthony,rizzo,rizzoan01
2021,NYY,Aroldis Chapman,14838709,Aroldis,Chapman,aroldis,chapman,chapmar01
2021,NYY,Rougned Odor,12000000,Rougned,Odor,rougned,odor,odorro01
2021,NYY,Corey Kluber,11000000,Corey,Kluber,corey,kluber,klubeco01
2021,NYY,Luis Severino,10250000,Luis,Severino,luis,severino,severlu01
2021,NYY,Aaron Judge,10175000,Aaron,Judge,aaron,judge,judgeaa01
2021,NYY,Gary Sanchez,6350000,Gary,Sanchez,gary,sanchez,sanchga02
2021,NYY,Joey Gallo,6200000,Joey,Gallo,joey,gallo,gallojo01
2021,NYY,Giovanny Urshela,4650000,Giovanny,Urshela,giovanny,urshela,urshegi01
2021,NYY,Gleyber Torres,4000000,Gleyber,Torres,gleyber,torres,torregl01
2021,NYY,Brett Gardner,2850000,Brett,Gardner,brett,gardner,gardnbr01
2021,NYY,Joely Rodriguez,2500000,Joely,Rodriguez,joely,rodriguez,rodrijo07
2021,NYY,Jameson Taillon,2250000,Jameson,Taillon,jameson,taillon,taillja01
2021,NYY,Chad Green,2150000,Chad,Green,chad,green,greench01
2021,NYY,Jordan Montgomery,2130000,Jordan,Montgomery,jordan,montgomery,montgjo01
2021,NYY,Wandy Peralta,795000,Wandy,Peralta,wandy,peralta,peralwa01
2021,NYY,Domingo German,619675,Domingo,German,domingo,german,germado01
2021,NYY,Tyler Wade,603000,Tyler,Wade,tyler,wade,wadety01
2021,NYY,Lucas Luetge,600000,Lucas,Luetge,lucas,luetge,luetglu01
2021,NYY,Jonathan Loaisiga,595800,Jonathan,Loaisiga,jonathan,loaisiga,loaisjo01
2021,NYY,Kyle Higashioka,594000,Kyle,Higashioka,kyle,higashioka,higasky01
2021,NYY,Michael King,517092,Michael,King,michael,king,kingmi01
2021,NYY,Nestor Cortes,386442,Nestor,Cortes,nestor,cortes,cortene01
2021,NYY,Rob Brantly,309767,Rob,Brantly,rob,brantly,brantro01
2021,NYY,Clay Holmes,241155,Clay,Holmes,clay,holmes,holmecl01
2021,NYY,Andrew Velazquez,113479,Andrew,Velazquez,andrew,velazquez,velazan01
2021,NYY,Greg Allen,61340,Greg,Allen,greg,allen,allengr01
2021,NYY,Luis Gil,42938,Luis,Gil,luis,gil,gillu01
2021,NYY,D.J. LeMahieu,15000000,D.J.,LeMahieu,dj,lemahieu,lemahdj01
2021,NYY,Zack Britton,13000000,Zack,Britton,zack,britton,brittza01
2021,NYY,Aaron Hicks,10500000,Aaron,Hicks,aaron,hicks,hicksaa01
2021,NYY,Luke Voit,4700000,Luke,Voit,luke,voit,voitlu01
2021,NYY,Clint Frazier,2100000,Clint,Frazier,clint,frazier,frazicl01
2021,NYY,Darren O'Day,1750000,Darren,O'Day,darren,oday,odayda01
2021,NYY,Miguel Andujar,583950,Miguel,Andujar,miguel,andujar,andujmi01
2021,NYY,Tim Locastro,297698,Tim,Locastro,tim,locastro,locasti01
2021,BAL,Trey Mancini,4750000,Trey,Mancini,trey,mancini,mancitr01
2021,BAL,Pedro Severino,1825000,Pedro,Severino,pedro,severino,severpe01
2021,BAL,Pat Valaika,606816,Pat,Valaika,pat,valaika,valaipa01
2021,BAL,John Means,593500,John,Means,john,means,meansjo01
2021,BAL,Austin Hays,578500,Austin,Hays,austin,hays,haysau01
2021,BAL,Cedric Mullins,577000,Cedric,Mullins,cedric,mullins,mullice01
2021,BAL,Dillon Tate,574500,Dillon,Tate,dillon,tate,tatedi01
2021,BAL,Ryan Mountcastle,574500,Ryan,Mountcastle,ryan,mountcastle,mountry01
2021,BAL,Cole Sulser,537486,Cole,Sulser,cole,sulser,sulseco01
2021,BAL,Bruce Zimmermann,531629,Bruce,Zimmermann,bruce,zimmermann,zimmebr01
2021,BAL,Ryan McKenna,386442,Ryan,McKenna,ryan,mckenna,mckenry01
2021,BAL,Austin Wynns,383375,Austin,Wynns,austin,wynns,wynnsau01
2021,BAL,Richie Martin,331236,Richie,Martin,richie,martin,martiri01
2021,BAL,Spenser Watkins,239226,Spenser,Watkins,spenser,watkins,watkisp01
2021,BAL,Marcos Diplan,177886,Marcos,Diplan,marcos,diplan,diplama01
2021,BAL,Thomas Eshelman,174819,Thomas,Eshelman,thomas,eshelman,eshelth01
2021,BAL,Kelvin Gutierrez,168685,Kelvin,Gutierrez,kelvin,gutierrez,gutieke01
2021,BAL,Fernando Abad,150283,Fernando,Abad,fernando,abad,abadfe01
2021,BAL,Conner Greene,125747,Conner,Greene,conner,greene,greenco01
2021,BAL,Zac Lowther,116546,Zac,Lowther,zac,lowther,lowthza01
2021,BAL,Jahmai Jones,110412,Jahmai,Jones,jahmai,jones,jonesja08
2021,BAL,Konner Wade,73608,Konner,Wade,konner,wade,wadeko01
2021,BAL,Eric Hanhold,64407,Eric,Hanhold,eric,hanhold,hanhoer01
2021,BAL,Isaac Mattson,52139,Isaac,Mattson,isaac,mattson,mattsis01
2021,BAL,Brooks Kriske,46005,Brooks,Kriske,brooks,kriske,kriskbr01
2021,BAL,Tyler Nevin,30670,Tyler,Nevin,tyler,nevin,nevinty01
2021,BAL,Joey Krehbiel,30670,Joey,Krehbiel,joey,krehbiel,krehbjo01
2021,BAL,Nick Ciuffo,27603,Nick,Ciuffo,nick,ciuffo,ciuffni01
2021,BAL,Anthony Santander,2100000,Anthony,Santander,anthony,santander,santaan02
2021,BAL,Matt Harvey,1000000,Matt,Harvey,matt,harvey,harvema01
2021,BAL,Jorge Lopez,586750,Jorge,Lopez,jorge,lopez,lopezjo01
2021,BAL,Tanner Scott,580000,Tanner,Scott,tanner,scott,scottta01
2021,BAL,D.J. Stewart,577000,D.J.,Stewart,dj,stewart,stewadj01
2021,BAL,Hunter Harvey,574000,Hunter,Harvey,hunter,harvey,harvehu01
2021,BAL,Tyler Wells,570500,Tyler,Wells,tyler,wells,wellsty01
2021,BAL,Travis Lakins,475385,Travis,Lakins,travis,lakins,lakintr01
2021,BAL,Ramon Urias,454804,Ramon,Urias,ramon,urias,uriasra01
2021,BAL,Keegan Akin,447782,Keegan,Akin,keegan,akin,akinke01
2021,BAL,Jorge Mateo,181366,Jorge,Mateo,jorge,mateo,mateojo01
2021,BAL,Chris Ellis,134948,Chris,Ellis,chris,ellis,ellisch01
2021,BOS,Chris Sale,20000000,Chris,Sale,chris,sale,salech01
2021,BOS,Xander Bogaerts,20000000,Xander,Bogaerts,xander,bogaerts,bogaea01
2021,BOS,J.D. Martinez,19350000,J.D.,Martinez,jd,martinez,martijd02
2021,BOS,Nathan Eovaldi,17000000,Nathan,Eovaldi,nathan,eovaldi,eovalna01
2021,BOS,Garrett Richards,9500000,Garrett,Richards,garrett,richards,richaga01
2021,BOS,Eduardo Rodriguez,8300000,Eduardo,Rodriguez,eduardo,rodriguez,rodried01
2021,BOS,Adam Ottavino,7225044,Adam,Ottavino,adam,ottavino,ottavad01
2021,BOS,Christian Vazquez,6250000,Christian,Vazquez,christian,vazquez,vazquch01
2021,BOS,Rafael Devers,4575000,Rafael,Devers,rafael,devers,deverra01
2021,BOS,Martin Perez,4500000,Martin,Perez,martin,perez,perezma01
2021,BOS,Matt Barnes,4500000,Matt,Barnes,matt,barnes,barnema01
2021,BOS,Enrique Hernandez,4500000,Enrique,Hernandez,enrique,hernandez,hernaen02
2021,BOS,Hunter Renfroe,3700000,Hunter,Renfroe,hunter,renfroe,renfrhu01
2021,BOS,Kyle Schwarber,2459459,Kyle,Schwarber,kyle,schwarber,schwaky01
2021,BOS,Kevin Plawecki,1600000,Kevin,Plawecki,kevin,plawecki,plaweke01
2021,BOS,Hirokazu Sawamura,1600000,Hirokazu,Sawamura,hirokazu,sawamura,sawamhi01
2021,BOS,Ryan Brasier,1250000,Ryan,Brasier,ryan,brasier,brasiry01
2021,BOS,Hansel Robles,773945,Hansel,Robles,hansel,robles,robleha01
2021,BOS,Alex Verdugo,649500,Alex,Verdugo,alex,verdugo,verdual01
2021,BOS,Nick Pivetta,613500,Nick,Pivetta,nick,pivetta,pivetni01
2021,BOS,Christian Arroyo,581500,Christian,Arroyo,christian,arroyo,arroych01
2021,BOS,Darwinzon Hernandez,578500,Darwinzon,Hernandez,darwinzon,hernandez,hernada01
2021,BOS,Bobby Dalbec,575000,Bobby,Dalbec,bobby,dalbec,dalbebo01
2021,BOS,Garrett Whitlock,570500,Garrett,Whitlock,garrett,whitlock,whitlga01
2021,BOS,Travis Shaw,395185,Travis,Shaw,travis,shaw,shawtr01
2021,BOS,Austin Davis,205465,Austin,Davis,austin,davis,davisau01
2021,BOS,Tanner Houck,192324,Tanner,Houck,tanner,houck,houckta01
2021,BOS,Jose Iglesias,82809,Jose,Iglesias,jose,iglesias,iglesjo01
2021,BOS,Danny Santana,1750000,Danny,Santana,danny,santana,santada01
2021,BOS,Josh Taylor,580500,Josh,Taylor,josh,taylor,taylojo01
2021,BOS,Phillips Valdez,388750,Phillips,Valdez,phillips,valdez,valdeph01
2021,BOS,Yairo Munoz,113479,Yairo,Munoz,yairo,munoz,munozya01
2021,TB,Kevin Kiermaier,11500000,Kevin,Kiermaier,kevin,kiermaier,kiermke01
2021,TB,Nelson Cruz,5102116,Nelson,Cruz,nelson,cruz,cruzne01
2021,TB,Manuel Margot,3400000,Manuel,Margot,manuel,margot,margoma01
2021,TB,Michael Wacha,3000000,Michael,Wacha,michael,wacha,wachami01
2021,TB,Brandon Lowe,2500000,Brandon,Lowe,brandon,lowe,lowebr01
2021,TB,Ji-Man Choi,2450000,Ji-Man,Choi,jiman,choi,choiji01
2021,TB,Ryan Yarbrough,2300000,Ryan,Yarbrough,ryan,yarbrough,yarbrry01
2021,TB,Joey Wendle,2250000,Joey,Wendle,joey,wendle,wendljo01
2021,TB,Mike Zunino,2000000,Mike,Zunino,mike,zunino,zuninmi01
2021,TB,Collin McHugh,1800000,Collin,McHugh,collin,mchugh,mchugco01
2021,TB,Andrew Kittredge,750000,Andrew,Kittredge,andrew,kittredge,kittran01
2021,TB,Matt Wisler,748679,Matt,Wisler,matt,wisler,wislema01
2021,TB,Austin Meadows,591400,Austin,Meadows,austin,meadows,meadoau01
2021,TB,Yandy Diaz,588900,Yandy,Diaz,yandy,diaz,diazya02
2021,TB,Francisco Mejia,586300,Francisco,Mejia,francisco,mejia,mejiafr01
2021,TB,Brett Phillips,584400,Brett,Phillips,brett,phillips,phillbr01
2021,TB,Pete Fairbanks,583800,Pete,Fairbanks,pete,fairbanks,fairbpe01
2021,TB,Randy Arozarena,581200,Randy,Arozarena,randy,arozarena,arozara01
2021,TB,Shane McClanahan,481519,Shane,McClanahan,shane,mcclanahan,mcclash01
2021,TB,Josh Fleming,453916,Josh,Fleming,josh,fleming,flemijo01
2021,TB,J.P. Feyereisen,418550,J.P.,Feyereisen,jp,feyereisen,feyerjp01
2021,TB,Luis Patino,334303,Luis,Patino,luis,patino,patinlu01
2021,TB,Drew Rasmussen,317343,Drew,Rasmussen,drew,rasmussen,rasmudr01
2021,TB,Wander Franco,315901,Wander,Franco,wander,franco,francwa01
2021,TB,J.T. Chargois,199355,J.T.,Chargois,jt,chargois,chargjt01
2021,TB,Chris Mazza,196288,Chris,Mazza,chris,mazza,mazzach01
2021,TB,David Robertson,98144,David,Robertson,david,robertson,roberda01
2021,TB,Shane Baz,39871,Shane,Baz,shane,baz,bazsh01
2021,TB,Chris Archer,6500000,Chris,Archer,chris,archer,archech01
2021,TB,Tyler Glasnow,4000000,Tyler,Glasnow,tyler,glasnow,glasnty01
2021,TB,Yonny Chirinos,1175000,Yonny,Chirinos,yonny,chirinos,chiriyo01
2021,TB,Chaz Roe,1150000,Chaz,Roe,chaz,roe,roech01
2021,TB,Tommy Hunter,870984,Tommy,Hunter,tommy,hunter,hunteto01
2021,TB,Oliver Drake,775000,Oliver,Drake,oliver,drake,drakeol01
2021,TB,Jalen Beeks,588800,Jalen,Beeks,jalen,beeks,beeksja01
2021,TB,Nick Anderson,587800,Nick,Anderson,nick,anderson,anderni01
2021,TB,Jeffrey Springs,585000,Jeffrey,Springs,jeffrey,springs,sprinje01
2021,TB,Cody Reed,581200,Cody,Reed,cody,reed,reedco01
2021,TB,Colin Poche,577800,Colin,Poche,colin,poche,pocheco01
2021,TB,Ryan Thompson,577200,Ryan,Thompson,ryan,thompson,thompry01
2021,TB,DJ Johnson,230025,DJ,Johnson,dj,johnson,johnsdj01
2021,TB,Adam Conley,153350,Adam,Conley,adam,conley,conlead01
2021,TOR,George Springer,32000000,George,Springer,george,springer,springe01
2021,TOR,Hyun-Jin Ryu,20000000,Hyun-Jin,Ryu,hyunjin,ryu,ryuhy01
2021,TOR,Marcus Semien,18000000,Marcus,Semien,marcus,semien,semiema01
2021,TOR,Randal Grichuk,9333333,Randal,Grichuk,randal,grichuk,grichra01
2021,TOR,Corey Dickerson,8500000,Corey,Dickerson,corey,dickerson,dickeco01
2021,TOR,Robbie Ray,8000000,Robbie,Ray,robbie,ray,rayro01
2021,TOR,Steven Matz,5200000,Steven,Matz,steven,matz,matzst01
2021,TOR,Teoscar Hernandez,4325000,Teoscar,Hernandez,teoscar,hernandez,hernate01
2021,TOR,Lourdes Gurriel Jr.,3500000,Lourdes,Gurriel,lourdes,gurriel,gurrilo01
2021,TOR,Ross Stripling,3000000,Ross,Stripling,ross,stripling,stripro01
2021,TOR,Jose Berrios,1957020,Jose,Berrios,jose,berrios,berrijo01
2021,TOR,Rafael Dolis,1500000,Rafael,Dolis,rafael,dolis,dolisra01
2021,TOR,Vladimir Guerrero Jr.,605400,Vladimir,Guerrero,vladimir,guerrero,guerrvl02
2021,TOR,Cavan Biggio,604000,Cavan,Biggio,cavan,biggio,biggica01
2021,TOR,Danny Jansen,601800,Danny,Jansen,danny,jansen,janseda01
2021,TOR,Tim Mayza,600000,Tim,Mayza,tim,mayza,mayzati01
2021,TOR,Bo Bichette,587800,Bo,Bichette,bo,bichette,bichebo01
2021,TOR,Jordan Romano,584000,Jordan,Romano,jordan,romano,romanjo01
2021,TOR,Julian Merryweather,578400,Julian,Merryweather,julian,merryweather,merryju01
2021,TOR,Alejandro Kirk,564189,Alejandro,Kirk,alejandro,kirk,kirkal01
2021,TOR,Santiago Espinal,506055,Santiago,Espinal,santiago,espinal,espinsa01
2021,TOR,Adam Cimber,477408,Adam,Cimber,adam,cimber,cimbead01
2021,TOR,Reese McGuire,463117,Reese,McGuire,reese,mcguire,mcguire01
2021,TOR,Alek Manoah,395643,Alek,Manoah,alek,manoah,manoaal01
2021,TOR,Jarrod Dyson,298405,Jarrod,Dyson,jarrod,dyson,dysonja01
2021,TOR,Trevor Richards,274824,Trevor,Richards,trevor,richards,richatr01
2021,TOR,Breyvic Valera,236159,Breyvic,Valera,breyvic,valera,valerbr01
2021,TOR,Nate Pearson,195615,Nate,Pearson,nate,pearson,pearsna01
2021,TOR,Jacob Barnes,169344,Jacob,Barnes,jacob,barnes,barneja01
2021,TOR,Kirby Yates,5500000,Kirby,Yates,kirby,yates,yateski01
2021,TOR,David Phelps,1750000,David,Phelps,david,phelps,phelpda01
2021,TOR,Joakim Soria,1223105,Joakim,Soria,joakim,soria,soriajo01
2021,TOR,Thomas Hatch,380424,Thomas,Hatch,thomas,hatch,hatchth01
2021,CLE,Jose Ramirez,9000000,Jose,Ramirez,jose,ramirez,ramirjo01
2021,CLE,Roberto Perez,5500000,Roberto,Perez,roberto,perez,perezro01
2021,CLE,Austin Hedges,3280000,Austin,Hedges,austin,hedges,hedgeau01
2021,CLE,Blake Parker,2500000,Blake,Parker,blake,parker,parkebl01
2021,CLE,Bryan Shaw,2450000,Bryan,Shaw,bryan,shaw,shawbr01
2021,CLE,Amed Rosario,2400000,Amed,Rosario,amed,rosario,rosaram01
2021,CLE,Nick Wittgren,2000000,Nick,Wittgren,nick,wittgren,wittgni01
2021,CLE,Shane Bieber,679700,Shane,Bieber,shane,bieber,biebesh01
2021,CLE,Franmil Reyes,602400,Franmil,Reyes,franmil,reyes,reyesfr01
2021,CLE,Zach Plesac,590200,Zach,Plesac,zach,plesac,plesaza01
2021,CLE,Aaron Civale,587400,Aaron,Civale,aaron,civale,civalaa01
2021,CLE,Harold Ramirez,587000,Harold,Ramirez,harold,ramirez,ramirha02
2021,CLE,Cal Quantrill,586200,Cal,Quantrill,cal,quantrill,quantca01
2021,CLE,Bradley Zimmer,576700,Bradley,Zimmer,bradley,zimmer,zimmebr01
2021,CLE,Emmanuel Clase,571800,Emmanuel,Clase,emmanuel,clase,claseem01
2021,CLE,Trevor Stephan,570500,Trevor,Stephan,trevor,stephan,stephtr01
2021,CLE,Sam Hentges,481519,Sam,Hentges,sam,hentges,hentgsa01
2021,CLE,Yu-Cheng Chang,478920,Yu-Cheng,Chang,yucheng,chang,changyu01
2021,CLE,James Karinchak,478040,James,Karinchak,james,karinchak,karinja01
2021,CLE,Triston McKenzie,436113,Triston,McKenzie,triston,mckenzie,mckentr01
2021,CLE,Bobby Bradley,368040,Bobby,Bradley,bobby,bradley,bradlbo01
2021,CLE,Eli Morgan,331236,Eli,Morgan,eli,morgan,morgael01
2021,CLE,Andres Gimenez,325815,Andres,Gimenez,andres,gimenez,gimenan01
2021,CLE,Oscar Mercado,297499,Oscar,Mercado,oscar,mercado,mercaos01
2021,CLE,Justin Garza,282164,Justin,Garza,justin,garza,garzaju01
2021,CLE,Logan Allen,242767,Logan,Allen,logan,allen,allenlo01
2021,CLE,Myles Straw,206310,Myles,Straw,myles,straw,strawmy01
2021,CLE,Anthony Gose,39871,Anthony,Gose,anthony,gose,gosean01
2021,CLE,Josh Naylor,577500,Josh,Naylor,josh,naylor,naylojo01
2021,CLE,Nick Sandlin,478452,Nick,Sandlin,nick,sandlin,sandlni01
2021,CLE,Wilson Ramos,311808,Wilson,Ramos,wilson,ramos,ramoswi01
2021,DET,Miguel Cabrera,30000000,Miguel,Cabrera,miguel,cabrera,cabremi01
2021,DET,Robbie Grossman,5500000,Robbie,Grossman,robbie,grossman,grossro01
2021,DET,Jonathan Schoop,4500000,Jonathan,Schoop,jonathan,schoop,schoojo01
2021,DET,Jose Urena,3450000,Jose,Urena,jose,urena,urenajo01
2021,DET,Michael Fulmer,3100000,Michael,Fulmer,michael,fulmer,fulmemi01
2021,DET,Jeimer Candelario,2850000,Jeimer,Candelario,jeimer,candelario,candeje01
2021,DET,Niko Goodrum,2100000,Niko,Goodrum,niko,goodrum,goodrni01
2021,DET,Wily Peralta,1500000,Wily,Peralta,wily,peralta,peralwi01
2021,DET,Joe Jimenez,1500000,Joe,Jimenez,joe,jimenez,jimenjo01
2021,DET,Derek Holland,925000,Derek,Holland,derek,holland,hollade01
2021,DET,Harold Castro,581700,Harold,Castro,harold,castro,castrha01
2021,DET,Tyler Alexander,578800,Tyler,Alexander,tyler,alexander,aleaty01
2021,DET,Tarik Skubal,574300,Tarik,Skubal,tarik,skubal,skubata01
2021,DET,Casey Mize,574100,Casey,Mize,casey,mize,mizeca01
2021,DET,Akil Baddoo,570500,Akil,Baddoo,akil,baddoo,baddoak01
2021,DET,Willi Castro,559800,Willi,Castro,willi,castro,castrwi01
2021,DET,Kyle Funkhouser,460050,Kyle,Funkhouser,kyle,funkhouser,funkhky01
2021,DET,Eric Haase,441648,Eric,Haase,eric,haase,haaseer01
2021,DET,Bryan Garcia,368900,Bryan,Garcia,bryan,garcia,garcibr01
2021,DET,Matt Manning,303633,Matt,Manning,matt,manning,mannima01
2021,DET,Daz Cameron,291365,Daz,Cameron,daz,cameron,camerda01
2021,DET,Alex Lange,272963,Alex,Lange,alex,lange,langeal01
2021,DET,Zack Short,266829,Zack,Short,zack,short,shortza01
2021,DET,Ian Krol,220824,Ian,Krol,ian,krol,krolia01
2021,DET,Isaac Paredes,190154,Isaac,Paredes,isaac,paredes,paredis01
2021,DET,Dustin Garneau,141082,Dustin,Garneau,dustin,garneau,garnedu01
2021,DET,Drew Hutchison,104278,Drew,Hutchison,drew,hutchison,hutchdr01
2021,DET,Jason Foley,95077,Jason,Foley,jason,foley,foleyja01
2021,DET,Matt Boyd,6500000,Matt,Boyd,matt,boyd,boydma01
2021,DET,Julio Teheran,3000000,Julio,Teheran,julio,teheran,teherju01
2021,DET,Jose Cisnero,970000,Jose,Cisnero,jose,cisnero,cisnejo01
2021,DET,Victor Reyes,587100,Victor,Reyes,victor,reyes,reyesvi01
2021,DET,Spencer Turnbull,586900,Spencer,Turnbull,spencer,turnbull,turnbsp01
2021,DET,Gregory Soto,579600,Gregory,Soto,gregory,soto,sotogr01
2021,DET,Jake Rogers,456983,Jake,Rogers,jake,rogers,rogerja03
2021,DET,Rony Garcia,435831,Rony,Garcia,rony,garcia,garciro01
2021,DET,Derek Hill,337370,Derek,Hill,derek,hill,hillde01
2021,DET,Miguel Del Pozo,125747,Miguel Del,Pozo,migueldel,pozo,pozomi01
2021,KC,Salvador Perez,13000000,Salvador,Perez,salvador,perez,perezsa02
2021,KC,Whit Merrifield,7450000,Whit,Merrifield,whit,merrifield,merriwh01
2021,KC,Carlos Santana,7250000,Carlos,Santana,carlos,santana,santaca01
2021,KC,Andrew Benintendi,3800000,Andrew,Benintendi,andrew,benintendi,beninan01
2021,KC,Greg Holland,3750000,Greg,Holland,greg,holland,hollagr01
2021,KC,Hunter Dozier,3250000,Hunter,Dozier,hunter,dozier,doziehu01
2021,KC,Adalberto Mondesi,2525000,Adalberto,Mondesi,adalberto,mondesi,mondead01
2021,KC,Michael A. Taylor,2000000,Michael A.,Taylor,michaela,taylor,taylomi02
2021,KC,Hanser Alberto,1650000,Hanser,Alberto,hanser,alberto,alberha01
2021,KC,Ervin Santana,1500000,Ervin,Santana,ervin,santana,santaer01
2021,KC,Scott Barlow,650000,Scott,Barlow,scott,barlow,barlosc01
2021,KC,Cam Gallagher,604000,Cam,Gallagher,cam,gallagher,gallaca01
2021,KC,Nicky Lopez,597500,Nicky,Lopez,nicky,lopez,lopezni01
2021,KC,Kyle Zimmer,588700,Kyle,Zimmer,kyle,zimmer,zimmeky01
2021,KC,Josh Staumont,588700,Josh,Staumont,josh,staumont,staumjo01
2021,KC,Ryan O'Hearn,570500,Ryan,O'Hearn,ryan,ohearn,ohearry01
2021,KC,Jake Brentz,570500,Jake,Brentz,jake,brentz,brentja01
2021,KC,Kris Bubic,475385,Kris,Bubic,kris,bubic,bubickr01
2021,KC,Carlos Hernandez,404844,Carlos,Hernandez,carlos,hernandez,hernaca01
2021,KC,Domingo Tapia,220824,Domingo,Tapia,domingo,tapia,tapiado01
2021,KC,Sebastian Rivero,174819,Sebastian,Rivero,sebastian,rivero,riverse01
2021,KC,Joel Payamps,155900,Joel,Payamps,joel,payamps,payamjo01
2021,KC,Jackson Kowar,147216,Jackson,Kowar,jackson,kowar,kowarja01
2021,KC,Kyle Isbel,131881,Kyle,Isbel,kyle,isbel,isbelky01
2021,KC,Gabe Speier,55206,Gabe,Speier,gabe,speier,speiega01
2021,KC,Jon Heasley,49072,Jon,Heasley,jon,heasley,heasljo01
2021,KC,Dylan Coleman,39871,Dylan,Coleman,dylan,coleman,colemdy01
2021,KC,Angel Zerpa,9201,Angel,Zerpa,angel,zerpa,zerpaan01
2021,KC,Mike Minor,7000000,Mike,Minor,mike,minor,minormi01
2021,KC,Brad Keller,3350000,Brad,Keller,brad,keller,kellebr01
2021,KC,Jake Junis,1700000,Jake,Junis,jake,junis,junisja01
2021,KC,Jesse Hahn,1350000,Jesse,Hahn,jesse,hahn,hahnje01
2021,KC,Wade Davis,1250000,Wade,Davis,wade,davis,daviswa01
2021,KC,Brady Singer,593700,Brady,Singer,brady,singer,singebr01
2021,KC,Richard Lovelady,297499,Richard,Lovelady,richard,lovelady,lovelri01
2021,KC,Daniel Lynch,217757,Daniel,Lynch,daniel,lynch,lynchda01
2021,MIN,Josh Donaldson,21000000,Josh,Donaldson,josh,donaldson,donaljo02
2021,MIN,Miguel Sano,11000000,Miguel,Sano,miguel,sano,sanomi01
2021,MIN,Andrelton Simmons,10500000,Andrelton,Simmons,andrelton,simmons,simmoan01
2021,MIN,Michael Pineda,10000000,Michael,Pineda,michael,pineda,pinedmi01
2021,MIN,Max Kepler,6500000,Max,Kepler,max,kepler,keplema01
2021,MIN,Byron Buxton,5125000,Byron,Buxton,byron,buxton,butoby01
2021,MIN,Alex Colome,5000000,Alex,Colome,alex,colome,colomal01
2021,MIN,Jorge Polanco,4333334,Jorge,Polanco,jorge,polanco,polanjo01
2021,MIN,Tyler Duffey,2200000,Tyler,Duffey,tyler,duffey,duffety01
2021,MIN,Mitch Garver,1875000,Mitch,Garver,mitch,garver,garvemi01
2021,MIN,Caleb Thielbar,700000,Caleb,Thielbar,caleb,thielbar,thielca01
2021,MIN,Luis Arraez,611000,Luis,Arraez,luis,arraez,arraelu01
2021,MIN,Jake Cave,597500,Jake,Cave,jake,cave,caveja01
2021,MIN,Jorge Alcala,575500,Jorge,Alcala,jorge,alcala,alcaljo01
2021,MIN,Willians Astudillo,573500,Willians,Astudillo,willians,astudillo,astudwi01
2021,MIN,Juan Minaya,570500,Juan,Minaya,juan,minaya,minayju01
2021,MIN,Ryan Jeffers,501228,Ryan,Jeffers,ryan,jeffers,jeffery01
2021,MIN,Luke Farrell,432447,Luke,Farrell,luke,farrell,farrelu01
2021,MIN,Nick Gordon,404844,Nick,Gordon,nick,gordon,gordoni01
2021,MIN,Danny Coulombe,306700,Danny,Coulombe,danny,coulombe,couloda01
2021,MIN,Brent Rooker,300566,Brent,Rooker,brent,rooker,rookebr01
2021,MIN,Griffin Jax,279097,Griffin,Jax,griffin,jax,jagr01
2021,MIN,Ralph Garza,153350,Ralph,Garza,ralph,garza,garzara01
2021,MIN,Charlie Barnes,150283,Charlie,Barnes,charlie,barnes,barnech01
2021,MIN,Joe Ryan,98144,Joe,Ryan,joe,ryan,ryanjo01
2021,MIN,Kyle Barraclough,88943,Kyle,Barraclough,kyle,barraclough,barraky01
2021,MIN,Nick Vincent,73608,Nick,Vincent,nick,vincent,vinceni01
2021,MIN,Jovani Moran,67474,Jovani,Moran,jovani,moran,moranjo01
2021,MIN,Taylor Rogers,6000000,Taylor,Rogers,taylor,rogers,rogerta01
2021,MIN,Kenta Maeda,4936000,Kenta,Maeda,kenta,maeda,maedake01
2021,MIN,John Gant,733850,John,Gant,john,gant,gantjo01
2021,MIN,Randy Dobnak,700000,Randy,Dobnak,randy,dobnak,dobnara01
2021,MIN,Kyle Garlick,570500,Kyle,Garlick,kyle,garlick,garliky01
2021,MIN,Edwar Colina,570500,Edwar,Colina,edwar,colina,colined01
2021,MIN,Alex Kirilloff,502988,Alex,Kirilloff,alex,kirilloff,kirilal01
2021,MIN,Devin Smeltzer,481519,Devin,Smeltzer,devin,smeltzer,smeltde01
2021,MIN,Rob Refsnyder,432447,Rob,Refsnyder,rob,refsnyder,refsnro01
2021,MIN,Bailey Ober,371107,Bailey,Ober,bailey,ober,oberba01
2021,MIN,Lewis Thorpe,153350,Lewis,Thorpe,lewis,thorpe,thorple01
2021,MIN,Cody Stashak,120783,Cody,Stashak,cody,stashak,stashco01
2021,CHW,Yasmani Grandal,18250000,Yasmani,Grandal,yasmani,grandal,grandya01
2021,CHW,Dallas Keuchel,18000000,Dallas,Keuchel,dallas,keuchel,keuchda01
2021,CHW,Jose Abreu,16000000,Jose,Abreu,jose,abreu,abreujo01
2021,CHW,Liam Hendriks,12000000,Liam,Hendriks,liam,hendriks,hendrli01
2021,CHW,Lance Lynn,8000000,Lance,Lynn,lance,lynn,lynnla01
2021,CHW,Tim Anderson,7250000,Tim,Anderson,tim,anderson,anderti01
2021,CHW,Yoan Moncada,7000000,Yoan,Moncada,yoan,moncada,moncayo01
2021,CHW,Craig Kimbrel,5591430,Craig,Kimbrel,craig,kimbrel,kimbrcr01
2021,CHW,Lucas Giolito,4150000,Lucas,Giolito,lucas,giolito,giolilu01
2021,CHW,Leury Garcia,3500000,Leury,Garcia,leury,garcia,garcile01
2021,CHW,Luis Robert Jr.,3500000,Luis,Robert,luis,robert,roberlu01
2021,CHW,Eloy Jimenez,3500000,Eloy,Jimenez,eloy,jimenez,jimenel02
2021,CHW,Carlos Rodon,3000000,Carlos,Rodon,carlos,rodon,rodonca01
2021,CHW,Reynaldo Lopez,2100000,Reynaldo,Lopez,reynaldo,lopez,lopezre01
2021,CHW,Aaron Bummer,2000000,Aaron,Bummer,aaron,bummer,bummeaa01
2021,CHW,Cesar Hernandez,1747330,Cesar,Hernandez,cesar,hernandez,hernace01
2021,CHW,Adam Engel,1375000,Adam,Engel,adam,engel,engelad01
2021,CHW,Billy Hamilton,1250000,Billy,Hamilton,billy,hamilton,hamilbi02
2021,CHW,Ryan Tepera,1233866,Ryan,Tepera,ryan,tepera,teperry01
2021,CHW,Dylan Cease,600000,Dylan,Cease,dylan,cease,ceasedy01
2021,CHW,Jose Ruiz,575000,Jose,Ruiz,jose,ruiz,ruizjo01
2021,CHW,Garrett Crochet,572000,Garrett,Crochet,garrett,crochet,crochga01
2021,CHW,Michael Kopech,570500,Michael,Kopech,michael,kopech,kopecmi01
2021,CHW,Andrew Vaughn,570500,Andrew,Vaughn,andrew,vaughn,vaughan01
2021,CHW,Zack Collins,522379,Zack,Collins,zack,collins,colliza01
2021,CHW,Matt Foster,405705,Matt,Foster,matt,foster,fostema01
2021,CHW,Ryan Burr,315901,Ryan,Burr,ryan,burr,burrry01
2021,CHW,Gavin Sheets,233092,Gavin,Sheets,gavin,sheets,sheetga01
2021,CHW,Evan Marshall,2000000,Evan,Marshall,evan,marshall,marshev01
2021,CHW,Brian Goodwin,1000000,Brian,Goodwin,brian,goodwin,goodwbr01
2021,CHW,Jimmy Cordero,575000,Jimmy,Cordero,jimmy,cordero,cordeji01
2021,HOU,Jose Altuve,26000000,Jose,Altuve,jose,altuve,altuvjo01
2021,HOU,Michael Brantley,16000000,Michael,Brantley,michael,brantley,brantmi02
2021,HOU,Zack Greinke,13666667,Zack,Greinke,zack,greinke,greinza01
2021,HOU,Carlos Correa,11700000,Carlos,Correa,carlos,correa,correca01
2021,HOU,Alex Bregman,11000000,Alex,Bregman,alex,bregman,bregmal01
2021,HOU,Ryan Pressly,8750000,Ryan,Pressly,ryan,pressly,pressry01
2021,HOU,Yulieski Gurriel,8500000,Yulieski,Gurriel,yulieski,gurriel,gurriyu01
2021,HOU,Jake Odorizzi,8000000,Jake,Odorizzi,jake,odorizzi,odorija01
2021,HOU,Lance McCullers,6500000,Lance,McCullers,lance,mccullers,mcculla01
2021,HOU,Jason Castro,4500000,Jason,Castro,jason,castro,castrja01
2021,HOU,Martin Maldonado,3500000,Martin,Maldonado,martin,maldonado,maldoma01
2021,HOU,Aledmys Diaz,3000000,Aledmys,Diaz,aledmys,diaz,diazal01
2021,HOU,Brooks Raley,2000000,Brooks,Raley,brooks,raley,raleybr01
2021,HOU,Ryne Stanek,1100000,Ryne,Stanek,ryne,stanek,stanery01
2021,HOU,Kendall Graveman,956960,Kendall,Graveman,kendall,graveman,graveke01
2021,HOU,Yimi Garcia,684405,Yimi,Garcia,yimi,garcia,garciyi01
2021,HOU,Framber Valdez,637300,Framber,Valdez,framber,valdez,valdefr01
2021,HOU,Kyle Tucker,624300,Kyle,Tucker,kyle,tucker,tuckeky01
2021,HOU,Yordan Alvarez,609000,Yordan,Alvarez,yordan,alvarez,alvaryo01
2021,HOU,Jose Urquidy,604200,Jose,Urquidy,jose,urquidy,urquijo01
2021,HOU,Blake Taylor,599100,Blake,Taylor,blake,taylor,taylobl01
2021,HOU,Cristian Javier,580290,Cristian,Javier,cristian,javier,javiecr01
2021,HOU,Luis Garcia,580100,Luis,Garcia,luis,garcia,garcilu04
2021,HOU,Chas McCormick,570500,Chas,McCormick,chas,mccormick,mccorch01
2021,HOU,Phil Maton,340730,Phil,Maton,phil,maton,matonph01
2021,HOU,Jake Meyers,196288,Jake,Meyers,jake,meyers,meyerja02
2021,HOU,Jose Siri,92010,Jose,Siri,jose,siri,sirijo01
2021,HOU,Marwin Gonzalez,85876,Marwin,Gonzalez,marwin,gonzalez,gonzama01
2021,HOU,Justin Verlander,33000000,Justin,Verlander,justin,verlander,verlaju01
2021,HOU,Pedro Baez,5000000,Pedro,Baez,pedro,baez,baezpe01
2021,HOU,Rafael Montero,1427404,Rafael,Montero,rafael,montero,montera01
2021,HOU,Kent Emanuel,499921,Kent,Emanuel,kent,emanuel,emanuke01
2021,HOU,Tyler Ivey,193221,Tyler,Ivey,tyler,ivey,iveyty01
2021,SEA,Kyle Seager,18000000,Kyle,Seager,kyle,seager,seageky01
2021,SEA,Yusei Kikuchi,15000000,Yusei,Kikuchi,yusei,kikuchi,kikucyu01
2021,SEA,Marco Gonzales,5000000,Marco,Gonzales,marco,gonzales,gonzama01
2021,SEA,Mitch Haniger,3010000,Mitch,Haniger,mitch,haniger,hanigmi01
2021,SEA,J.P. Crawford,2050000,J.P.,Crawford,jp,crawford,crawfjp01
2021,SEA,Chris Flexen,2000000,Chris,Flexen,chris,flexen,fleech01
2021,SEA,Tyler Anderson,900547,Tyler,Anderson,tyler,anderson,anderty01
2021,SEA,Tom Murphy,875000,Tom,Murphy,tom,murphy,murphto04
2021,SEA,Drew Steckenrider,800000,Drew,Steckenrider,drew,steckenrider,steckdr01
2021,SEA,Casey Sadler,591800,Casey,Sadler,casey,sadler,sadleca01
2021,SEA,Dylan Moore,590400,Dylan,Moore,dylan,moore,mooredy01
2021,SEA,Ty France,587500,Ty,France,ty,france,francty01
2021,SEA,Luis Torrens,580700,Luis,Torrens,luis,torrens,torrelu01
2021,SEA,Anthony Misiewicz,578700,Anthony,Misiewicz,anthony,misiewicz,misiean01
2021,SEA,Andres Munoz,575000,Andres,Munoz,andres,munoz,munozan01
2021,SEA,Jake Fraley,572100,Jake,Fraley,jake,fraley,fraleja01
2021,SEA,Paul Sewald,570500,Paul,Sewald,paul,sewald,sewalpa01
2021,SEA,Erik Swanson,484586,Erik,Swanson,erik,swanson,swanser01
2021,SEA,Logan Gilbert,438581,Logan,Gilbert,logan,gilbert,gilbelo01
2021,SEA,Jake Bauers,370990,Jake,Bauers,jake,bauers,bauerja01
2021,SEA,Jarred Kelenic,318968,Jarred,Kelenic,jarred,kelenic,kelenja01
2021,SEA,Sean Doolittle,306470,Sean,Doolittle,sean,doolittle,doolise01
2021,SEA,Yohan Ramirez,263762,Yohan,Ramirez,yohan,ramirez,ramiryo01
2021,SEA,Cal Raleigh,257628,Cal,Raleigh,cal,raleigh,raleica01
2021,SEA,Abraham Toro,208556,Abraham,Toro,abraham,toro,toroab01
2021,SEA,Diego Castillo,203515,Diego,Castillo,diego,castillo,castidi02
2021,SEA,Donnie Walton,134948,Donnie,Walton,donnie,walton,waltodo01
2021,SEA,James Paxton,8500000,James,Paxton,james,paxton,patoja01
2021,SEA,Ken Giles,1550000,Ken,Giles,ken,giles,gileske01
2021,SEA,Joe Smith,1462340,Joe,Smith,joe,smith,smithjo09
2021,SEA,Evan White,1300000,Evan,White,evan,white,whiteev01
2021,SEA,Kyle Lewis,625000,Kyle,Lewis,kyle,lewis,lewisky01
2021,SEA,Nick Margevicius,586900,Nick,Margevicius,nick,margevicius,margeni01
2021,SEA,Justin Dunn,584900,Justin,Dunn,justin,dunn,dunnju01
2021,SEA,Shed Long Jr.,580500,Shed,Long,shed,long,longsh01
2021,SEA,Sam Haggerty,574300,Sam,Haggerty,sam,haggerty,haggesa01
2021,SEA,Ljay Newsome,548993,Ljay,Newsome,ljay,newsome,newsolj01
2021,TEX,Jordan Lyles,8000000,Jordan,Lyles,jordan,lyles,lylesjo01
2021,TEX,Mike Foltynewicz,2000000,Mike,Foltynewicz,mike,foltynewicz,foltymi01
2021,TEX,Isiah Kiner-Falefa,2000000,Isiah,Kiner-Falefa,isiah,kinerfalefa,kineris01
2021,TEX,Brock Holt,1750000,Brock,Holt,brock,holt,holtbr01
2021,TEX,Charlie Culberson,1500000,Charlie,Culberson,charlie,culberson,culbech01
2021,TEX,Matt Bush,680000,Matt,Bush,matt,bush,bushma01
2021,TEX,Willie Calhoun,593000,Willie,Calhoun,willie,calhoun,calhowi01
2021,TEX,Brett Martin,589500,Brett,Martin,brett,martin,martibr01
2021,TEX,Kolby Allard,584250,Kolby,Allard,kolby,allard,allarko01
2021,TEX,Jose Trevino,584000,Jose,Trevino,jose,trevino,trevijo01
2021,TEX,Taylor Hearn,582500,Taylor,Hearn,taylor,hearn,hearnta01
2021,TEX,Nate Lowe,575000,Nate,Lowe,nate,lowe,lowena01
2021,TEX,Jonah Heim,574000,Jonah,Heim,jonah,heim,heimjo01
2021,TEX,Dane Dunning,572500,Dane,Dunning,dane,dunning,dunnida01
2021,TEX,Josh Sborz,548774,Josh,Sborz,josh,sborz,sborzjo01
2021,TEX,Adolis Garcia,534743,Adolis,Garcia,adolis,garcia,garciad02
2021,TEX,Nick Solak,497858,Nick,Solak,nick,solak,solakni01
2021,TEX,Andy Ibanez,371107,Andy,Ibanez,andy,ibanez,ibanean01
2021,TEX,Spencer Patton,355772,Spencer,Patton,spencer,patton,pattosp01
2021,TEX,Joe Barlow,312834,Joe,Barlow,joe,barlow,barlojo01
2021,TEX,Dennis Santana,284372,Dennis,Santana,dennis,santana,santade01
2021,TEX,DJ Peters,268917,DJ,Peters,dj,peters,peterdj01
2021,TEX,Leody Taveras,203676,Leody,Taveras,leody,taveras,taverle01
2021,TEX,Jharel Cotton,199355,Jharel,Cotton,jharel,cotton,cottojh01
2021,TEX,Drew Anderson,199355,Drew,Anderson,drew,anderson,anderdr01
2021,TEX,Spencer Howard,199355,Spencer,Howard,spencer,howard,howarsp01
2021,TEX,Yonny Hernandez,177886,Yonny,Hernandez,yonny,hernandez,hernayo01
2021,TEX,A.J. Alexy,104278,A.J.,Alexy,aj,alexy,aleyaj01
2021,TEX,Jose Leclerc,4000000,Jose,Leclerc,jose,leclerc,leclejo01
2021,TEX,Ronald Guzman,606000,Ronald,Guzman,ronald,guzman,guzmaro01
2021,TEX,Jonathan Hernandez,587500,Jonathan,Hernandez,jonathan,hernandez,hernajo01
2021,TEX,Kyle Cody,573500,Kyle,Cody,kyle,cody,codyky01
2021,TEX,John King,572500,John,King,john,king,kingjo01
2021,TEX,Eli White,492480,Eli,White,eli,white,whiteel04
2021,TEX,Hunter Wood,432447,Hunter,Wood,hunter,wood,woodhu01
2021,TEX,Nick Snyder,134948,Nick,Snyder,nick,snyder,snydeni01
2021,OAK,Mark Canha,6925000,Mark,Canha,mark,canha,canhama01
2021,OAK,Matt Chapman,6490000,Matt,Chapman,matt,chapman,chapmma01
2021,OAK,Sean Manaea,5950000,Sean,Manaea,sean,manaea,manaese01
2021,OAK,Matt Olson,5000000,Matt,Olson,matt,olson,olsonma02
2021,OAK,Chris Bassitt,4900000,Chris,Bassitt,chris,bassitt,bassich01
2021,OAK,Jake Diekman,4000000,Jake,Diekman,jake,diekman,diekmja01
2021,OAK,Yusmeiro Petit,3000000,Yusmeiro,Petit,yusmeiro,petit,petityu01
2021,OAK,Chad Pinder,2275000,Chad,Pinder,chad,pinder,pindech01
2021,OAK,Yan Gomes,2096770,Yan,Gomes,yan,gomes,gomesya01
2021,OAK,Sergio Romo,2000000,Sergio,Romo,sergio,romo,romose01
2021,OAK,Frankie Montas,1800000,Frankie,Montas,frankie,montas,montafr01
2021,OAK,Andrew Chafin,1322596,Andrew,Chafin,andrew,chafin,chafian01
2021,OAK,Tony Kemp,1050000,Tony,Kemp,tony,kemp,kempto01
2021,OAK,Lou Trivino,912500,Lou,Trivino,lou,trivino,trivilo01
2021,OAK,Josh Harrison,599440,Josh,Harrison,josh,harrison,harrijo01
2021,OAK,Sean Murphy,575500,Sean,Murphy,sean,murphy,murphse01
2021,OAK,Cole Irvin,573000,Cole,Irvin,cole,irvin,irvinco01
2021,OAK,Deolis Guerra,545926,Deolis,Guerra,deolis,guerra,guerrde01
2021,OAK,Seth Brown,539792,Seth,Brown,seth,brown,brownse01
2021,OAK,James Kaprielian,441648,James,Kaprielian,james,kaprielian,kaprija01
2021,OAK,Skye Bolt,239226,Skye,Bolt,skye,bolt,boltsk01
2021,OAK,Starling Marte,205489,Starling,Marte,starling,marte,martest01
2021,OAK,Paul Blackburn,144149,Paul,Blackburn,paul,blackburn,blackpa01
2021,OAK,Sam Moll,128814,Sam,Moll,sam,moll,mollsa01
2021,OAK,Khris Davis,98144,Khris,Davis,khris,davis,daviskh01
2021,OAK,Domingo Acevedo,95077,Domingo,Acevedo,domingo,acevedo,acevedo01
2021,OAK,Luis Barrera,46005,Luis,Barrera,luis,barrera,barrelu01
2021,OAK,Pete Kozma,6134,Pete,Kozma,pete,kozma,kozmape01
2021,OAK,Elvis Andrus,8550000,Elvis,Andrus,elvis,andrus,andruel01
2021,OAK,Stephen Piscotty,7250000,Stephen,Piscotty,stephen,piscotty,piscost01
2021,OAK,Michael Fiers,3500000,Michael,Fiers,michael,fiers,fiersmi01
2021,OAK,Trevor Rosenthal,3000000,Trevor,Rosenthal,trevor,rosenthal,rosentr01
2021,OAK,Mitch Moreland,2250000,Mitch,Moreland,mitch,moreland,morelmi01
2021,OAK,Jed Lowrie,1500000,Jed,Lowrie,jed,lowrie,lowrije01
2021,OAK,Daulton Jefferies,138015,Daulton,Jefferies,daulton,jefferies,jeffeda01
2021,OAK,Vimael Machin,125747,Vimael,Machin,vimael,machin,machivi01
2021,LAA,Raisel Iglesias,9125000,Raisel,Iglesias,raisel,iglesias,iglesra01
2021,LAA,Alex Cobb,5000000,Alex,Cobb,alex,cobb,cobbal01
2021,LAA,Jose Iglesias,3500000,Jose,Iglesias,jose,iglesias,iglesjo01
2021,LAA,Shohei Ohtani,3000000,Shohei,Ohtani,shohei,ohtani,ohtansh01
2021,LAA,David Fletcher,2000000,David,Fletcher,david,fletcher,fletcda02
2021,LAA,Max Stassi,1600000,Max,Stassi,max,stassi,stassma01
2021,LAA,Kurt Suzuki,1500000,Kurt,Suzuki,kurt,suzuki,suzukku01
2021,LAA,Juan Lagares,1250000,Juan,Lagares,juan,lagares,lagarju01
2021,LAA,Mike Mayers,1200000,Mike,Mayers,mike,mayers,mayermi01
2021,LAA,Steve Cishek,1000000,Steve,Cishek,steve,cishek,cishest01
2021,LAA,Junior Guerra,750000,Junior,Guerra,junior,guerra,guerrju01
2021,LAA,Jared Walsh,590500,Jared,Walsh,jared,walsh,walshja01
2021,LAA,Philip Gosselin,570500,Philip,Gosselin,philip,gosselin,gosseph01
2021,LAA,Jose Suarez,401777,Jose,Suarez,jose,suarez,suarejo01
2021,LAA,Jose Rojas,288298,Jose,Rojas,jose,rojas,rojasjo03
2021,LAA,Jack Mayfield,272963,Jack,Mayfield,jack,mayfield,mayfija01
2021,LAA,Luis Rengifo,266829,Luis,Rengifo,luis,rengifo,rengilu01
2021,LAA,Brandon Marsh,236159,Brandon,Marsh,brandon,marsh,marshbr02
2021,LAA,Jose Quijada,226958,Jose,Quijada,jose,quijada,quijajo01
2021,LAA,Andrew Wantz,223891,Andrew,Wantz,andrew,wantz,wantzan01
2021,LAA,Austin Warren,205489,Austin,Warren,austin,warren,warreau01
2021,LAA,Sam Selman,197442,Sam,Selman,sam,selman,selmasa01
2021,LAA,Kean Wong,177886,Kean,Wong,kean,wong,wongke01
2021,LAA,Reid Detmers,174819,Reid,Detmers,reid,detmers,detmere01
2021,LAA,Jimmy Herget,101211,Jimmy,Herget,jimmy,herget,hergeji01
2021,LAA,Oliver Ortega,98144,Oliver,Ortega,oliver,ortega,ortegol01
2021,LAA,James Hoyt,92010,James,Hoyt,james,hoyt,hoytja01
2021,LAA,A.J. Ramos,30672,A.J.,Ramos,aj,ramos,ramosaj01
2021,LAA,Matt Thaiss,24536,Matt,Thaiss,matt,thaiss,thaisma01
2021,LAA,Mike Trout,35500000,Mike,Trout,mike,trout,troutmi01
2021,LAA,Anthony Rendon,27500000,Anthony,Rendon,anthony,rendon,rendoan01
2021,LAA,Justin Upton,23000000,Justin,Upton,justin,upton,uptonju01
2021,LAA,Dylan Bundy,8325000,Dylan,Bundy,dylan,bundy,bundydy01
2021,LAA,Dexter Fowler,1750000,Dexter,Fowler,dexter,fowler,fowlede01
2021,LAA,Franklin Barreto,600500,Franklin,Barreto,franklin,barreto,barrefr01
2021,LAA,Luke Bard,570500,Luke,Bard,luke,bard,bardlu01
2021,LAA,Patrick Sandoval,469251,Patrick,Sandoval,patrick,sandoval,sandopa01
2021,LAA,Taylor Ward,263525,Taylor,Ward,taylor,ward,wardta01
2021,LAA,Jaime Barria,257175,Jaime,Barria,jaime,barria,barrija01
2021,LAA,Jo Adell,190154,Jo,Adell,jo,adell,adelljo01
2021,LAA,Kyle Tyler,113479,Kyle,Tyler,kyle,tyler,tylerky01
2021,PHI,Bryce Harper,26550000,Bryce,Harper,bryce,harper,harpebr03
2021,PHI,Zack Wheeler,22500000,Zack,Wheeler,zack,wheeler,wheelza01
2021,PHI,Andrew McCutchen,20000000,Andrew,McCutchen,andrew,mccutchen,mccutan01
2021,PHI,Jean Segura,14250000,Jean,Segura,jean,segura,segurje01
2021,PHI,Aaron Nola,11750000,Aaron,Nola,aaron,nola,nolaaa01
2021,PHI,Odubel Herrera,10000000,Odubel,Herrera,odubel,herrera,herreod01
2021,PHI,Hector Neris,5020000,Hector,Neris,hector,neris,nerishe01
2021,PHI,Didi Gregorius,5000000,Didi,Gregorius,didi,gregorius,gregodi01
2021,PHI,Brad Miller,3500000,Brad,Miller,brad,miller,millebr01
2021,PHI,Kyle Gibson,1500000,Kyle,Gibson,kyle,gibson,gibsoky01
2021,PHI,Andrew Knapp,1100000,Andrew,Knapp,andrew,knapp,knappan01
2021,PHI,Jose Alvarado,1000000,Jose,Alvarado,jose,alvarado,alvarjo01
2021,PHI,Ronald Torreyes,800000,Ronald,Torreyes,ronald,torreyes,torrero01
2021,PHI,Freddy Galvis,774225,Freddy,Galvis,freddy,galvis,galvifr01
2021,PHI,Seranthony Dominguez,610116,Seranthony,Dominguez,seranthony,dominguez,dominse01
2021,PHI,Sam Coonrod,573000,Sam,Coonrod,sam,coonrod,coonrsa01
2021,PHI,Travis Jankowski,570500,Travis,Jankowski,travis,jankowski,jankotr01
2021,PHI,Alec Bohm,460559,Alec,Bohm,alec,bohm,bohmal01
2021,PHI,Ranger Suarez,460050,Ranger,Suarez,ranger,suarez,suarera01
2021,PHI,Bailey Falter,358839,Bailey,Falter,bailey,falter,falteba01
2021,PHI,Ian Kennedy,246839,Ian,Kennedy,ian,kennedy,kenneia01
2021,PHI,Matt Vierling,125747,Matt,Vierling,matt,vierling,vierlma01
2021,PHI,Cam Bedrosian,98144,Cam,Bedrosian,cam,bedrosian,bedroca01
2021,PHI,Cristopher Sanchez,92010,Cristopher,Sanchez,cristopher,sanchez,sanchcr01
2021,PHI,Adonis Medina,70541,Adonis,Medina,adonis,medina,medinad01
2021,PHI,Hans Crouse,24536,Hans,Crouse,hans,crouse,crousha01
2021,PHI,Kyle Dohy,24536,Kyle,Dohy,kyle,dohy,dohyky01
2021,PHI,Archie Bradley,6000000,Archie,Bradley,archie,bradley,bradlar01
2021,PHI,Rhys Hoskins,4800000,Rhys,Hoskins,rhys,hoskins,hoskirh01
2021,PHI,Zach Eflin,4450000,Zach,Eflin,zach,eflin,eflinza01
2021,PHI,Matt Moore,3000000,Matt,Moore,matt,moore,moorema01
2021,PHI,Roman Quinn,578000,Roman,Quinn,roman,quinn,quinnro01
2021,PHI,Connor Brogdon,571500,Connor,Brogdon,connor,brogdon,brogdco01
2021,PHI,JoJo Romero,536725,JoJo,Romero,jojo,romero,romerjo01
2021,ATL,Freddie Freeman,22050000,Freddie,Freeman,freddie,freeman,freemfr01
2021,ATL,Charlie Morton,15000000,Charlie,Morton,charlie,morton,mortoch01
2021,ATL,Will Smith,13000000,Will,Smith,will,smith,smithwi05
2021,ATL,Drew Smyly,11000000,Drew,Smyly,drew,smyly,smylydr01
2021,ATL,Travis d'Arnaud,8000000,Travis,d'Arnaud,travis,darnaud,darnatr01
2021,ATL,Chris Martin,7000000,Chris,Martin,chris,martin,martich01
2021,ATL,Dansby Swanson,6000000,Dansby,Swanson,dansby,swanson,swansda01
2021,ATL,Ronald Acuna Jr.,5000000,Ronald,Acuna,ronald,acuna,acunaro01
2021,ATL,Max Fried,3500000,Max,Fried,max,fried,friedma01
2021,ATL,Jorge Soler,3013200,Jorge,Soler,jorge,soler,solerjo01
2021,ATL,Ozzie Albies,3000000,Ozzie,Albies,ozzie,albies,albieoz01
2021,ATL,Michael Soroka,2800000,Michael,Soroka,michael,soroka,sorokmi01
2021,ATL,Eddie Rosario,2795715,Eddie,Rosario,eddie,rosario,rosared01
2021,ATL,Joc Pederson,1935520,Joc,Pederson,joc,pederson,pederjo01
2021,ATL,Luke Jackson,1900000,Luke,Jackson,luke,jackson,jackslu01
2021,ATL,Ehire Adrianza,1500000,Ehire,Adrianza,ehire,adrianza,adriaeh01
2021,ATL,A.J. Minter,1300000,A.J.,Minter,aj,minter,minteaj01
2021,ATL,Guillermo Heredia,1000000,Guillermo,Heredia,guillermo,heredia,heredgu01
2021,ATL,Orlando Arcia,978523,Orlando,Arcia,orlando,arcia,arciaor01
2021,ATL,Grant Dayton,900000,Grant,Dayton,grant,dayton,daytogr01
2021,ATL,Adam Duvall,698945,Adam,Duvall,adam,duvall,duvalad01
2021,ATL,Tyler Matzek,600500,Tyler,Matzek,tyler,matzek,matzety01
2021,ATL,Richard Rodriguez,594100,Richard,Rodriguez,richard,rodriguez,rodriri01
2021,ATL,Austin Riley,590500,Austin,Riley,austin,riley,rileyau01
2021,ATL,Huascar Ynoa,580500,Huascar,Ynoa,huascar,ynoa,ynoahu01
2021,ATL,Ian Anderson,575500,Ian,Anderson,ian,anderson,anderia01
2021,ATL,William Contreras,285231,William,Contreras,william,contreras,contrwi02
2021,ATL,Jacob Webb,263762,Jacob,Webb,jacob,webb,webbja01
2021,ATL,Dylan Lee,15335,Dylan,Lee,dylan,lee,leedy01
2021,ATL,Spencer Strider,6134,Spencer,Strider,spencer,strider,stridsp01
2021,ATL,Stephen Vogt,1467726,Stephen,Vogt,stephen,vogt,vogtst01
2021,ATL,Josh Tomlin,1000000,Josh,Tomlin,josh,tomlin,tomlijo01
2021,ATL,Edgar Santana,447782,Edgar,Santana,edgar,santana,santaed01
2021,ATL,Tucker Davidson,386442,Tucker,Davidson,tucker,davidson,davidtu01
2021,NYM,Francisco Lindor,43300000,Francisco,Lindor,francisco,lindor,lindofr01
2021,NYM,Jacob deGrom,20000000,Jacob,deGrom,jacob,degrom,degroja01
2021,NYM,Marcus Stroman,18900000,Marcus,Stroman,marcus,stroman,stromma01
2021,NYM,Michael Conforto,12250000,Michael,Conforto,michael,conforto,confomi01
2021,NYM,Carlos Carrasco,12000000,Carlos,Carrasco,carlos,carrasco,carraca01
2021,NYM,Jeurys Familia,10000000,Jeurys,Familia,jeurys,familia,familje01
2021,NYM,Taijuan Walker,10000000,Taijuan,Walker,taijuan,walker,walketa01
2021,NYM,Noah Syndergaard,9700000,Noah,Syndergaard,noah,syndergaard,syndeno01
2021,NYM,James McCann,8600000,James,McCann,james,mccann,mccanja02
2021,NYM,Trevor May,8000000,Trevor,May,trevor,may,maytr01
2021,NYM,Edwin Diaz,7000000,Edwin,Diaz,edwin,diaz,diazed01
2021,NYM,Brandon Nimmo,4700000,Brandon,Nimmo,brandon,nimmo,nimmobr01
2021,NYM,Kevin Pillar,3600000,Kevin,Pillar,kevin,pillar,pillake01
2021,NYM,Jonathan Villar,3550000,Jonathan,Villar,jonathan,villar,villajo01
2021,NYM,Aaron Loup,3250000,Aaron,Loup,aaron,loup,loupaa01
2021,NYM,Seth Lugo,2925000,Seth,Lugo,seth,lugo,lugose01
2021,NYM,Dominic Smith,2550000,Dominic,Smith,dominic,smith,smithdo02
2021,NYM,Brad Hand,1750012,Brad,Hand,brad,hand,handbr01
2021,NYM,Miguel Castro,1687500,Miguel,Castro,miguel,castro,castrmi01
2021,NYM,Robert Gsellman,1300000,Robert,Gsellman,robert,gsellman,gsellro01
2021,NYM,Rich Hill,967752,Rich,Hill,rich,hill,hillri01
2021,NYM,Pete Alonso,676775,Pete,Alonso,pete,alonso,alonspe01
2021,NYM,Jeff McNeil,642251,Jeff,McNeil,jeff,mcneil,mcneije01
2021,NYM,Luis Guillorme,580701,Luis,Guillorme,luis,guillorme,guilllu01
2021,NYM,Trevor Williams,549355,Trevor,Williams,trevor,williams,willitr01
2021,NYM,Jose Peraza,510015,Jose,Peraza,jose,peraza,perazjo01
2021,NYM,Heath Hembree,295680,Heath,Hembree,heath,hembree,hembrhe01
2021,NYM,Patrick Mazeika,214690,Patrick,Mazeika,patrick,mazeika,mazeipa01
2021,NYM,Javier Baez,199355,Javier,Baez,javier,baez,baezja01
2021,NYM,Dellin Betances,6000000,Dellin,Betances,dellin,betances,betande01
2021,NYM,J.D. Davis,2100000,J.D.,Davis,jd,davis,davisjd01
2021,NYM,Jose Martinez,1000000,Jose,Martinez,jose,martinez,martijo01
2021,NYM,David Peterson,585750,David,Peterson,david,peterson,peterda01
2021,NYM,Tomas Nido,577720,Tomas,Nido,tomas,nido,nidoto01
2021,NYM,Joey Lucchesi,574464,Joey,Lucchesi,joey,lucchesi,lucchjo01
2021,NYM,Drew Smith,531308,Drew,Smith,drew,smith,smithdr01
2021,NYM,Corey Oswalt,312834,Corey,Oswalt,corey,oswalt,oswalco01
2021,NYM,Robert Stock,236159,Robert,Stock,robert,stock,stockro01
2021,NYM,Thomas Szapucki,15335,Thomas,Szapucki,thomas,szapucki,szaputh01
2021,WSH,Patrick Corbin,24000000,Patrick,Corbin,patrick,corbin,corbipa01
2021,WSH,Juan Soto,8500000,Juan,Soto,juan,soto,sotoju01
2021,WSH,Josh Bell,6350000,Josh,Bell,josh,bell,belljo02
2021,WSH,Alex Avila,1500000,Alex,Avila,alex,avila,avilaal01
2021,WSH,Ryan Zimmerman,1000000,Ryan,Zimmerman,ryan,zimmerman,zimmery01
2021,WSH,Jordy Mercer,1000000,Jordy,Mercer,jordy,mercer,mercejo01
2021,WSH,Austin Voth,587700,Austin,Voth,austin,voth,vothau01
2021,WSH,Kyle Finnegan,582400,Kyle,Finnegan,kyle,finnegan,finneky01
2021,WSH,Erick Fedde,575000,Erick,Fedde,erick,fedde,feddeer01
2021,WSH,Josiah Gray,570500,Josiah,Gray,josiah,gray,grayjo01
2021,WSH,Gerardo Parra,564480,Gerardo,Parra,gerardo,parra,parrage01
2021,WSH,Yadiel Hernandez,557118,Yadiel,Hernandez,yadiel,hernandez,hernaya01
2021,WSH,Andrew Stevenson,526097,Andrew,Stevenson,andrew,stevenson,stevean01
2021,WSH,Paolo Espino,506055,Paolo,Espino,paolo,espino,espinpa01
2021,WSH,Tanner Rainey,443380,Tanner,Rainey,tanner,rainey,raineta01
2021,WSH,Ryne Harper,340437,Ryne,Harper,ryne,harper,harpery01
2021,WSH,Alcides Escobar,282164,Alcides,Escobar,alcides,escobar,escobal01
2021,WSH,Riley Adams,272963,Riley,Adams,riley,adams,adamsri03
2021,WSH,Andres Machado,260695,Andres,Machado,andres,machado,machaan01
2021,WSH,Carter Kieboom,226958,Carter,Kieboom,carter,kieboom,kieboca01
2021,WSH,Mason Thompson,202422,Mason,Thompson,mason,thompson,thompma01
2021,WSH,Sean Nolin,162551,Sean,Nolin,sean,nolin,nolinse01
2021,WSH,Lane Thomas,159484,Lane,Thomas,lane,thomas,thomala02
2021,WSH,Patrick Murphy,123640,Patrick,Murphy,patrick,murphy,murphpa01
2021,WSH,Keibert Ruiz,104278,Keibert,Ruiz,keibert,ruiz,ruizke01
2021,WSH,Alberto Baldonado,98144,Alberto,Baldonado,alberto,baldonado,baldoal01
2021,WSH,Jhon Romero,30670,Jhon,Romero,jhon,romero,romerjh01
2021,WSH,Joan Adon,3067,Joan,Adon,joan,adon,adonjo01
2021,WSH,Stephen Strasburg,23571428,Stephen,Strasburg,stephen,strasburg,strasst01
2021,WSH,Will Harris,8000000,Will,Harris,will,harris,harriwi01
2021,WSH,Joe Ross,1500000,Joe,Ross,joe,ross,rossjo01
2021,WSH,Luis Avilan,950000,Luis,Avilan,luis,avilan,avilalu01
2021,WSH,Kyle McGowin,460050,Kyle,McGowin,kyle,mcgowin,mcgowky01
2021,WSH,Luis Garcia,303633,Luis,Garcia,luis,garcia,garcilu04
2021,WSH,Josh Rogers,92010,Josh,Rogers,josh,rogers,rogerjo01
2021,MIA,Miguel Rojas,5000000,Miguel,Rojas,miguel,rojas,rojasmi02
2021,MIA,Richard Bleier,1425000,Richard,Bleier,richard,bleier,bleieri01
2021,MIA,Sandy Leon,1250000,Sandy,Leon,sandy,leon,leonsa01
2021,MIA,Anthony Bass,1000000,Anthony,Bass,anthony,bass,bassan01
2021,MIA,Dylan Floro,975000,Dylan,Floro,dylan,floro,florody01
2021,MIA,Sandy Alcantara,630000,Sandy,Alcantara,sandy,alcantara,alcansa01
2021,MIA,Pablo Lopez,595000,Pablo,Lopez,pablo,lopez,lopezpa01
2021,MIA,Lewis Brinson,587500,Lewis,Brinson,lewis,brinson,brinsle01
2021,MIA,Elieser Hernandez,579000,Elieser,Hernandez,elieser,hernandez,hernael01
2021,MIA,Jazz Chisholm,571750,Jazz,Chisholm,jazz,chisholm,chishja01
2021,MIA,Magneuris Sierra,571375,Magneuris,Sierra,magneuris,sierra,sierrma01
2021,MIA,Trevor Rogers,570500,Trevor,Rogers,trevor,rogers,rogertr01
2021,MIA,Zach Pop,570500,Zach,Pop,zach,pop,popza01
2021,MIA,Anthony Bender,466184,Anthony,Bender,anthony,bender,bendean01
2021,MIA,Zach Thompson,368040,Zach,Thompson,zach,thompson,thompza01
2021,MIA,Steven Okert,294432,Steven,Okert,steven,okert,okertst01
2021,MIA,Alex Jackson,202865,Alex,Jackson,alex,jackson,jacksal01
2021,MIA,Bryan De La Cruz,199355,Bryan De La,Cruz,bryandela,cruz,cruzbr01
2021,MIA,Jesus Luzardo,194922,Jesus,Luzardo,jesus,luzardo,luzarje01
2021,MIA,Lewin Diaz,150283,Lewin,Diaz,lewin,diaz,diazle01
2021,MIA,Paul Campbell,101211,Paul,Campbell,paul,campbell,campbpa01
2021,MIA,Eddy Alvarez,79742,Eddy,Alvarez,eddy,alvarez,alvared01
2021,MIA,Deven Marrero,70541,Deven,Marrero,deven,marrero,marrede01
2021,MIA,Payton Henry,49072,Payton,Henry,payton,henry,henrypa01
2021,MIA,Nick Fortes,49072,Nick,Fortes,nick,fortes,forteni01
2021,MIA,Preston Guilmet,21469,Preston,Guilmet,preston,guilmet,guilmpr01
2021,MIA,Andrew Bellatti,18402,Andrew,Bellatti,andrew,bellatti,bellaan01
2021,MIA,Brian Miller,18402,Brian,Miller,brian,miller,millebr01
2021,MIA,Jesus Aguilar,4500000,Jesus,Aguilar,jesus,aguilar,aguilje01
2021,MIA,Brian Anderson,3800000,Brian,Anderson,brian,anderson,anderbr06
2021,MIA,Jorge Alfaro,2050000,Jorge,Alfaro,jorge,alfaro,alfarjo01
2021,MIA,Garrett Cooper,1900000,Garrett,Cooper,garrett,cooper,coopega03
2021,MIA,Jon Berti,607500,Jon,Berti,jon,berti,bertijo01
2021,MIA,Jeff Brigham,570500,Jeff,Brigham,jeff,brigham,brighje01
2021,MIA,Jorge Guzman,472318,Jorge,Guzman,jorge,guzman,guzmajo01
2021,MIA,Jose Devers,456983,Jose,Devers,jose,devers,deverjo01
2021,MIA,Cody Poteet,432447,Cody,Poteet,cody,poteet,poteeco01
2021,MIA,Jesus Sanchez,401830,Jesus,Sanchez,jesus,sanchez,sanchje02
2021,MIA,Sean Guenther,177886,Sean,Guenther,sean,guenther,guentse01
2021,MIA,Edward Cabrera,119613,Edward,Cabrera,edward,cabrera,cabreed01
2021,MIL,Lorenzo Cain,16000000,Lorenzo,Cain,lorenzo,cain,cainlo01
2021,MIL,Christian Yelich,14000000,Christian,Yelich,christian,yelich,yelicch01
2021,MIL,Avisail Garcia,10500000,Avisail,Garcia,avisail,garcia,garciav01
2021,MIL,Josh Hader,6675000,Josh,Hader,josh,hader,haderjo01
2021,MIL,Jackie Bradley Jr.,6500000,Jackie,Bradley,jackie,bradley,bradlja01
2021,MIL,Brandon Woodruff,3275000,Brandon,Woodruff,brandon,woodruff,woodrbr01
2021,MIL,Kolten Wong,3000000,Kolten,Wong,kolten,wong,wongko01
2021,MIL,Eduardo Escobar,2661318,Eduardo,Escobar,eduardo,escobar,escobed01
2021,MIL,Brett Anderson,2500000,Brett,Anderson,brett,anderson,anderbr06
2021,MIL,Omar Narvaez,2500000,Omar,Narvaez,omar,narvaez,narvaom01
2021,MIL,Manuel Pina,1650000,Manuel,Pina,manuel,pina,pinama01
2021,MIL,Brent Suter,1550000,Brent,Suter,brent,suter,suterbr01
2021,MIL,Dan Vogelbach,1400000,Dan,Vogelbach,dan,vogelbach,vogelda01
2021,MIL,Daniel Norris,1214395,Daniel,Norris,daniel,norris,norrida01
2021,MIL,Freddy Peralta,1100000,Freddy,Peralta,freddy,peralta,peralfr01
2021,MIL,Brad Boxberger,1000000,Brad,Boxberger,brad,boxberger,bobebr01
2021,MIL,Corbin Burnes,608000,Corbin,Burnes,corbin,burnes,burneco01
2021,MIL,Hunter Strickland,607488,Hunter,Strickland,hunter,strickland,strichu01
2021,MIL,Rowdy Tellez,598100,Rowdy,Tellez,rowdy,tellez,tellero01
2021,MIL,Adrian Houser,584100,Adrian,Houser,adrian,houser,housead01
2021,MIL,Luis Urias,575100,Luis,Urias,luis,urias,uriaslu01
2021,MIL,Jandel Gustave,570500,Jandel,Gustave,jandel,gustave,gustaja01
2021,MIL,Jace Peterson,497651,Jace,Peterson,jace,peterson,peterja01
2021,MIL,Tyrone Taylor,472318,Tyrone,Taylor,tyrone,taylor,tayloty01
2021,MIL,Eric Lauer,450849,Eric,Lauer,eric,lauer,lauerer01
2021,MIL,Willy Adames,431400,Willy,Adames,willy,adames,adamewi01
2021,MIL,Aaron Ashby,138015,Aaron,Ashby,aaron,ashby,ashbyaa01
2021,MIL,Colin Rea,15108,Colin,Rea,colin,rea,reaco01
2021,MIL,Devin Williams,681100,Devin,Williams,devin,williams,willide01
2021,MIL,Mark Mathias,572000,Mark,Mathias,mark,mathias,mathima01
2021,MIL,Justin Topa,520689,Justin,Topa,justin,topa,topaju01
2021,MIL,Angel Perdomo,463117,Angel,Perdomo,angel,perdomo,perdoan01
2021,MIL,John Axford,338709,John,Axford,john,axford,aforjo01
2021,MIL,Jake Cousins,318968,Jake,Cousins,jake,cousins,cousija01
2021,MIL,John Curtiss,214890,John,Curtiss,john,curtiss,curtijo01
2021,CHC,Kyle Hendricks,14000000,Kyle,Hendricks,kyle,hendricks,hendrky01
2021,CHC,Zach Davies,8630000,Zach,Davies,zach,davies,davieza01
2021,CHC,Ian Happ,4100000,Ian,Happ,ian,happ,happia01
2021,CHC,Matt Duffy,1000000,Matt,Duffy,matt,duffy,duffyma01
2021,CHC,Rex Brothers,850000,Rex,Brothers,rex,brothers,brothre01
2021,CHC,Alec Mills,600000,Alec,Mills,alec,mills,millsal01
2021,CHC,Rowan Wick,593000,Rowan,Wick,rowan,wick,wickro01
2021,CHC,Adbert Alzolay,542256,Adbert,Alzolay,adbert,alzolay,alzolad01
2021,CHC,Adam Morgan,464544,Adam,Morgan,adam,morgan,morgaad01
2021,CHC,Justin Steele,401777,Justin,Steele,justin,steele,steelju01
2021,CHC,Rafael Ortega,398710,Rafael,Ortega,rafael,ortega,ortegra01
2021,CHC,Sergio Alcantara,355772,Sergio,Alcantara,sergio,alcantara,alcanse01
2021,CHC,Trevor Megill,331236,Trevor,Megill,trevor,megill,megiltr01
2021,CHC,Codi Heuer,204425,Codi,Heuer,codi,heuer,heuerco01
2021,CHC,Frank Schwindel,202422,Frank,Schwindel,frank,schwindel,schwifr01
2021,CHC,Michael Rucker,196288,Michael,Rucker,michael,rucker,ruckemi01
2021,CHC,Adrian Sampson,141082,Adrian,Sampson,adrian,sampson,sampsad01
2021,CHC,Scott Effross,110412,Scott,Effross,scott,effross,effrosc01
2021,CHC,Johneshwy Fargas,67474,Johneshwy,Fargas,johneshwy,fargas,fargajo01
2021,CHC,Greg Deichmann,55206,Greg,Deichmann,greg,deichmann,deichgr01
2021,CHC,Cory Abbott,39871,Cory,Abbott,cory,abbott,abbotco01
2021,CHC,Jason Adam,19110,Jason,Adam,jason,adam,adamja01
2021,CHC,Trent Giambrone,12268,Trent,Giambrone,trent,giambrone,giambtr01
2021,CHC,Erick Castillo,9201,Erick,Castillo,erick,castillo,castier01
2021,CHC,Tyler Ladendorf,6134,Tyler,Ladendorf,tyler,ladendorf,ladenty01
2021,CHC,Joseph Biagini,6134,Joseph,Biagini,joseph,biagini,biagijo01
2021,CHC,Tyler Payne,3067,Tyler,Payne,tyler,payne,paynety01
2021,CHC,Jason Heyward,21000000,Jason,Heyward,jason,heyward,heywaja01
2021,CHC,Willson Contreras,6650000,Willson,Contreras,willson,contreras,contrwi02
2021,CHC,Austin Romine,2000000,Austin,Romine,austin,romine,rominau01
2021,CHC,David Bote,1000000,David,Bote,david,bote,boteda01
2021,CHC,Jonathan Holder,750000,Jonathan,Holder,jonathan,holder,holdejo01
2021,CHC,Jose Lobaton,612903,Jose,Lobaton,jose,lobaton,lobatjo01
2021,CHC,Nico Hoerner,502988,Nico,Hoerner,nico,hoerner,hoernni01
2021,CHC,Robinson Chirinos,483840,Robinson,Chirinos,robinson,chirinos,chiriro01
2021,CHC,P.J. Higgins,420179,P.J.,Higgins,pj,higgins,higgipj01
2021,CHC,Kohl Stewart,402641,Kohl,Stewart,kohl,stewart,stewako01
2021,CHC,Patrick Wisdom,401777,Patrick,Wisdom,patrick,wisdom,wisdopa01
2021,CHC,Keegan Thompson,395643,Keegan,Thompson,keegan,thompson,thompke01
2021,CHC,Brad Wieck,392576,Brad,Wieck,brad,wieck,wieckbr01
2021,CHC,Tommy Nance,208556,Tommy,Nance,tommy,nance,nanceto01
2021,CHC,Nick Madrigal,204100,Nick,Madrigal,nick,madrigal,madrini01
2021,CHC,Manuel Rodriguez,202422,Manuel,Rodriguez,manuel,rodriguez,rodrima01
2021,CHC,Michael Hermosillo,145277,Michael,Hermosillo,michael,hermosillo,hermomi01
2021,CHC,Nick Martini,141082,Nick,Martini,nick,martini,martini02
2021,CHC,Alfonso Rivas,110412,Alfonso,Rivas,alfonso,rivas,rivasal01
2021,STL,Paul Goldschmidt,26000000,Paul,Goldschmidt,paul,goldschmidt,goldspa01
2021,STL,Matt Carpenter,18500000,Matt,Carpenter,matt,carpenter,carpema01
2021,STL,Miles Mikolas,15750000,Miles,Mikolas,miles,mikolas,mikolmi01
2021,STL,Andrew Miller,12000000,Andrew,Miller,andrew,miller,millean01
2021,STL,Yadier Molina,9000000,Yadier,Molina,yadier,molina,molinya01
2021,STL,Adam Wainwright,8000000,Adam,Wainwright,adam,wainwright,wainwad01
2021,STL,Paul DeJong,4000000,Paul,DeJong,paul,dejong,dejonpa01
2021,STL,Kwang-hyun Kim,4000000,Kwang-hyun,Kim,kwanghyun,kim,kimkw01
2021,STL,Jack Flaherty,3900000,Jack,Flaherty,jack,flaherty,flaheja01
2021,STL,J.A. Happ,2795715,J.A.,Happ,ja,happ,happja01
2021,STL,Harrison Bader,2000000,Harrison,Bader,harrison,bader,baderha01
2021,STL,Alex Reyes,900000,Alex,Reyes,alex,reyes,reyesal01
2021,STL,Jon Lester,698945,Jon,Lester,jon,lester,lestejo01
2021,STL,Nolan Arenado,620500,Nolan,Arenado,nolan,arenado,arenano01
2021,STL,Tommy Edman,596000,Tommy,Edman,tommy,edman,edmanto01
2021,STL,Dakota Hudson,595700,Dakota,Hudson,dakota,hudson,hudsoda01
2021,STL,Tyler O'Neill,594700,Tyler,O'Neill,tyler,oneill,oneilty01
2021,STL,Giovanny Gallegos,594500,Giovanny,Gallegos,giovanny,gallegos,gallegi01
2021,STL,Genesis Cabrera,580900,Genesis,Cabrera,genesis,cabrera,cabrege01
2021,STL,Andrew Knizner,579200,Andrew,Knizner,andrew,knizner,kniznan01
2021,STL,Dylan Carlson,577100,Dylan,Carlson,dylan,carlson,carlsdy01
2021,STL,Edmundo Sosa,575900,Edmundo,Sosa,edmundo,sosa,sosaed01
2021,STL,T.J. McFarland,424704,T.J.,McFarland,tj,mcfarland,mcfartj01
2021,STL,Jose Rondon,389509,Jose,Rondon,jose,rondon,rondojo01
2021,STL,Jake Woodford,354426,Jake,Woodford,jake,woodford,woodfja01
2021,STL,Kodi Whitley,346571,Kodi,Whitley,kodi,whitley,whitlko01
2021,STL,Luis Garcia,263762,Luis,Garcia,luis,garcia,garcilu04
2021,STL,Lars Nootbaar,263762,Lars,Nootbaar,lars,nootbaar,nootbla01
2021,STL,Carlos Martinez,11500000,Carlos,Martinez,carlos,martinez,martica01
2021,STL,Jordan Hicks,862500,Jordan,Hicks,jordan,hicks,hicksjo01
2021,STL,Ryan Helsley,582300,Ryan,Helsley,ryan,helsley,helslry01
2021,STL,Max Moroff,435514,Max,Moroff,max,moroff,morofma01
2021,STL,Wade LeBlanc,331236,Wade,LeBlanc,wade,leblanc,leblawa01
2021,STL,Junior Fernandez,318968,Junior,Fernandez,junior,fernandez,fernaju01
2021,STL,Justin Miller,282164,Justin,Miller,justin,miller,milleju01
2021,CIN,Joey Votto,25000000,Joey,Votto,joey,votto,vottojo01
2021,CIN,Nick Castellanos,13924496,Nick,Castellanos,nick,castellanos,casteni01
2021,CIN,Sonny Gray,10700000,Sonny,Gray,sonny,gray,grayso01
2021,CIN,Eugenio Suarez,10500000,Eugenio,Suarez,eugenio,suarez,suareeu01
2021,CIN,Michael Lorenzen,4437500,Michael,Lorenzen,michael,lorenzen,lorenmi01
2021,CIN,Luis Castillo,4200000,Luis,Castillo,luis,castillo,castilu01
2021,CIN,Tucker Barnhart,3750000,Tucker,Barnhart,tucker,barnhart,barnhtu01
2021,CIN,Tyler Mahle,2200000,Tyler,Mahle,tyler,mahle,mahlety01
2021,CIN,Amir Garrett,1500000,Amir,Garrett,amir,garrett,garream01
2021,CIN,Mychal Givens,1458858,Mychal,Givens,mychal,givens,givenmy01
2021,CIN,Luis Cessa,1050000,Luis,Cessa,luis,cessa,cessalu01
2021,CIN,Justin Wilson,1026641,Justin,Wilson,justin,wilson,wilsoju01
2021,CIN,Kyle Farmer,640000,Kyle,Farmer,kyle,farmer,farmeky01
2021,CIN,Lucas Sims,598500,Lucas,Sims,lucas,sims,simslu01
2021,CIN,Jeff Hoffman,585500,Jeff,Hoffman,jeff,hoffman,hoffmje01
2021,CIN,Aristides Aquino,579000,Aristides,Aquino,aristides,aquino,aquinar01
2021,CIN,Tyler Stephenson,570500,Tyler,Stephenson,tyler,stephenson,stephty01
2021,CIN,Jonathan India,570500,Jonathan,India,jonathan,india,indiajo01
2021,CIN,Vladimir Gutierrez,386442,Vladimir,Gutierrez,vladimir,gutierrez,gutievl01
2021,CIN,Art Warren,368040,Art,Warren,art,warren,warrear01
2021,CIN,Asdrubal Cabrera,348133,Asdrubal,Cabrera,asdrubal,cabrera,cabreas01
2021,CIN,Tony Santillan,266829,Tony,Santillan,tony,santillan,santito01
2021,CIN,Max Schrock,233092,Max,Schrock,max,schrock,schroma01
2021,CIN,Jose Barrero,107345,Jose,Barrero,jose,barrero,barrejo01
2021,CIN,Delino DeShields,98144,Delino,DeShields,delino,deshields,deshide01
2021,CIN,T.J. Friedl,46005,T.J.,Friedl,tj,friedl,friedtj01
2021,CIN,Dauri Moreta,33737,Dauri,Moreta,dauri,moreta,moretda01
2021,CIN,Reiver Sanmartin,18402,Reiver,Sanmartin,reiver,sanmartin,sanmare01
2021,CIN,Mike Moustakas,14000000,Mike,Moustakas,mike,moustakas,moustmi01
2021,CIN,Wade Miley,8150000,Wade,Miley,wade,miley,mileywa01
2021,CIN,Shogo Akiyama,7000000,Shogo,Akiyama,shogo,akiyama,akiyash01
2021,CIN,Jesse Winker,3150000,Jesse,Winker,jesse,winker,winkeje01
2021,CIN,Tyler Naquin,1500000,Tyler,Naquin,tyler,naquin,naquity01
2021,CIN,Tejay Antone,580500,Tejay,Antone,tejay,antone,antonte01
2021,CIN,Brandon Bailey,570500,Brandon,Bailey,brandon,bailey,bailebr01
2021,PIT,Colin Moran,2800000,Colin,Moran,colin,moran,moranco01
2021,PIT,Chad Kuhl,2130000,Chad,Kuhl,chad,kuhl,kuhlch01
2021,PIT,Chasen Shreve,1500000,Chasen,Shreve,chasen,shreve,shrevch01
2021,PIT,Ben Gamel,1500000,Ben,Gamel,ben,gamel,gamelbe01
2021,PIT,Jacob Stallings,1300000,Jacob,Stallings,jacob,stallings,stallja01
2021,PIT,Erik Gonzalez,1225000,Erik,Gonzalez,erik,gonzalez,gonzaer01
2021,PIT,Chris Stratton,1100000,Chris,Stratton,chris,stratton,stratch01
2021,PIT,Wilmer Difo,1000000,Wilmer,Difo,wilmer,difo,difowi01
2021,PIT,Bryan Reynolds,601000,Bryan,Reynolds,bryan,reynolds,reynobr01
2021,PIT,Kevin Newman,598000,Kevin,Newman,kevin,newman,newmake01
2021,PIT,Michael Perez,591500,Michael,Perez,michael,perez,perezmi03
2021,PIT,David Bednar,579000,David,Bednar,david,bednar,bednada01
2021,PIT,Sam Howard,575000,Sam,Howard,sam,howard,howarsa01
2021,PIT,Wil Crowe,481416,Wil,Crowe,wil,crowe,crowewi01
2021,PIT,Mitch Keller,429594,Mitch,Keller,mitch,keller,kellemi01
2021,PIT,Kyle Keller,312834,Kyle,Keller,kyle,keller,kelleky01
2021,PIT,Nick Mears,260695,Nick,Mears,nick,mears,mearsni01
2021,PIT,Anthony Alford,244062,Anthony,Alford,anthony,alford,alforan01
2021,PIT,Cody Ponce,240317,Cody,Ponce,cody,ponce,ponceco01
2021,PIT,Cole Tucker,193221,Cole,Tucker,cole,tucker,tuckeco01
2021,PIT,Hoy Park,193221,Hoy,Park,hoy,park,parkho01
2021,PIT,Anthony Banda,184020,Anthony,Banda,anthony,banda,bandaan01
2021,PIT,Michael Chavis,157794,Michael,Chavis,michael,chavis,chavimi01
2021,PIT,Yoshitomo Tsutsugo,144149,Yoshitomo,Tsutsugo,yoshitomo,tsutsugo,tsutsyo01
2021,PIT,Shelby Miller,98144,Shelby,Miller,shelby,miller,millesh01
2021,PIT,Max Kranick,64407,Max,Kranick,max,kranick,kranima01
2021,PIT,Enyel De Los Santos,61340,Enyel De Los,Santos,enyeldelos,santos,santoen01
2021,PIT,Miguel Yajure,30670,Miguel,Yajure,miguel,yajure,yajurmi01
2021,PIT,Oneil Cruz,6134,Oneil,Cruz,oneil,cruz,cruzon01
2021,PIT,Steven Brault,2050000,Steven,Brault,steven,brault,braulst01
2021,PIT,Trevor Cahill,1500000,Trevor,Cahill,trevor,cahill,cahiltr01
2021,PIT,JT Brubaker,590500,JT,Brubaker,jt,brubaker,brubajt01
2021,PIT,Ke'Bryan Hayes,589500,Ke'Bryan,Hayes,kebryan,hayes,hayeske01
2021,PIT,Duane Underwood,584500,Duane,Underwood,duane,underwood,underdu01
2021,PIT,Blake Cederlind,579000,Blake,Cederlind,blake,cederlind,cederbl01
2021,PIT,Jose Soriano,570500,Jose,Soriano,jose,soriano,soriajo01
2021,PIT,Luis Oviedo,570500,Luis,Oviedo,luis,oviedo,oviedlu01
2021,PIT,Chase De Jong,386442,Chase De,Jong,chasede,jong,jongch01
2021,PIT,Bryse Wilson,199355,Bryse,Wilson,bryse,wilson,wilsobr01
2021,PIT,Dillon Peters,150283,Dillon,Peters,dillon,peters,peterdi01
2021,PIT,Connor Overton,67474,Connor,Overton,connor,overton,overtco01
2021,PIT,Tanner Anderson,9201,Tanner,Anderson,tanner,anderson,anderta01
2021,LAD,Kenley Jansen,20000000,Kenley,Jansen,kenley,jansen,janseke01
2021,LAD,Cody Bellinger,16100000,Cody,Bellinger,cody,bellinger,bellico01
2021,LAD,David Price,16000000,David,Price,david,price,priceda01
2021,LAD,A.J. Pollock,15000000,A.J.,Pollock,aj,pollock,polloaj01
2021,LAD,Mookie Betts,14500000,Mookie,Betts,mookie,betts,bettsmo01
2021,LAD,Corey Seager,13750000,Corey,Seager,corey,seager,seageco01
2021,LAD,Justin Turner,10000000,Justin,Turner,justin,turner,turneju01
2021,LAD,Joe Kelly,8500000,Joe,Kelly,joe,kelly,kellyjo01
2021,LAD,Chris Taylor,7800000,Chris,Taylor,chris,taylor,tayloch03
2021,LAD,Max Muncy,7500000,Max,Muncy,max,muncy,muncyma01
2021,LAD,Blake Treinen,7000000,Blake,Treinen,blake,treinen,treinbl01
2021,LAD,Corey Knebel,5250000,Corey,Knebel,corey,knebel,knebeco01
2021,LAD,Walker Buehler,4750000,Walker,Buehler,walker,buehler,buehlwa01
2021,LAD,Trea Turner,4567568,Trea,Turner,trea,turner,turnetr01
2021,LAD,Julio Urias,3600000,Julio,Urias,julio,urias,uriasju01
2021,LAD,Austin Barnes,1800000,Austin,Barnes,austin,barnes,barneau01
2021,LAD,Will Smith,590500,Will,Smith,will,smith,smithwi05
2021,LAD,Tony Gonsolin,580500,Tony,Gonsolin,tony,gonsolin,gonsoto01
2021,LAD,Gavin Lux,533691,Gavin,Lux,gavin,lux,luga01
2021,LAD,Matt Beaty,523875,Matt,Beaty,matt,beaty,beatyma01
2021,LAD,Brusdar Graterol,434975,Brusdar,Graterol,brusdar,graterol,gratebr01
2021,LAD,Albert Pujols,426313,Albert,Pujols,albert,pujols,pujolal01
2021,LAD,Phil Bickford,407911,Phil,Bickford,phil,bickford,bickfph01
2021,LAD,Alex Vesia,368040,Alex,Vesia,alex,vesia,vesiaal01
2021,LAD,Justin Bruihl,171752,Justin,Bruihl,justin,bruihl,bruihju01
2021,LAD,Evan Phillips,144149,Evan,Phillips,evan,phillips,phillev01
2021,LAD,Andre Jackson,12268,Andre,Jackson,andre,jackson,jacksan01
2021,LAD,Clayton Kershaw,23333334,Clayton,Kershaw,clayton,kershaw,kershcl01
2021,LAD,Tommy Kahnle,1300000,Tommy,Kahnle,tommy,kahnle,kahnlto01
2021,LAD,Jimmy Nelson,1250000,Jimmy,Nelson,jimmy,nelson,nelsoji01
2021,LAD,Scott Alexander,1000000,Scott,Alexander,scott,alexander,aleasc01
2021,LAD,Caleb Ferguson,600500,Caleb,Ferguson,caleb,ferguson,ferguca01
2021,LAD,Dustin May,590500,Dustin,May,dustin,may,maydu01
2021,LAD,Edwin Rios,590500,Edwin,Rios,edwin,rios,riosed01
2021,LAD,Danny Duffy,500000,Danny,Duffy,danny,duffy,duffyda01
2021,LAD,Garrett Cleavinger,472318,Garrett,Cleavinger,garrett,cleavinger,cleavga01
2021,LAD,Cole Hamels,322581,Cole,Hamels,cole,hamels,hamelco01
2021,LAD,Jimmie Sherfy,242293,Jimmie,Sherfy,jimmie,sherfy,sherfji01
2021,LAD,Billy McKinney,229992,Billy,McKinney,billy,mckinney,mckinbi01
2021,SD,Manny Machado,30000000,Manny,Machado,manny,machado,machama01
2021,SD,Eric Hosmer,20000000,Eric,Hosmer,eric,hosmer,hosmeer01
2021,SD,Wil Myers,20000000,Wil,Myers,wil,myers,myerswi01
2021,SD,Fernando Tatis Jr.,11000000,Fernando,Tatis,fernando,tatis,tatisfe02
2021,SD,Tommy Pham,8900000,Tommy,Pham,tommy,pham,phamto01
2021,SD,Ha-seong Kim,7000000,Ha-seong,Kim,haseong,kim,kimha01
2021,SD,Craig Stammen,4500000,Craig,Stammen,craig,stammen,stammcr01
2021,SD,Jurickson Profar,4500000,Jurickson,Profar,jurickson,profar,profaju01
2021,SD,Joe Musgrove,4450000,Joe,Musgrove,joe,musgrove,musgrjo01
2021,SD,Dinelson Lamet,4200000,Dinelson,Lamet,dinelson,lamet,lametdi01
2021,SD,Mark Melancon,4000000,Mark,Melancon,mark,melancon,melanma01
2021,SD,Daniel Hudson,2096770,Daniel,Hudson,daniel,hudson,hudsoda01
2021,SD,Pierce Johnson,2000000,Pierce,Johnson,pierce,johnson,johnspi01
2021,SD,Emilio Pagan,1570000,Emilio,Pagan,emilio,pagan,paganem01
2021,SD,Victor Caratini,1300000,Victor,Caratini,victor,caratini,caratvi01
2021,SD,Tim Hill,596000,Tim,Hill,tim,hill,hillti01
2021,SD,Trent Grisham,589200,Trent,Grisham,trent,grisham,grishtr01
2021,SD,Jake Cronenworth,584900,Jake,Cronenworth,jake,cronenworth,croneja01
2021,SD,Austin Adams,580200,Austin,Adams,austin,adams,adamsau01
2021,SD,Javier Guerra,573100,Javier,Guerra,javier,guerra,guerrja01
2021,SD,Nabil Crismatt,471750,Nabil,Crismatt,nabil,crismatt,crismna01
2021,SD,Jake Marisnick,349440,Jake,Marisnick,jake,marisnick,marisja01
2021,SD,Adam Frazier,214690,Adam,Frazier,adam,frazier,fraziad01
2021,SD,Webster Rivas,199355,Webster,Rivas,webster,rivas,rivaswe01
2021,SD,Reiss Knehr,95077,Reiss,Knehr,reiss,knehr,knehrre01
2021,SD,Ross Detwiler,58273,Ross,Detwiler,ross,detwiler,detwiro01
2021,SD,James Norwood,52139,James,Norwood,james,norwood,norwoja01
2021,SD,Vince Velasquez,49072,Vince,Velasquez,vince,velasquez,velasvi01
2021,SD,Yu Darvish,23000000,Yu,Darvish,yu,darvish,darviyu01
2021,SD,Blake Snell,10500000,Blake,Snell,blake,snell,snellbl01
2021,SD,Drew Pomeranz,8000000,Drew,Pomeranz,drew,pomeranz,pomerdr01
2021,SD,Mike Clevinger,5000000,Mike,Clevinger,mike,clevinger,clevimi01
2021,SD,Matt Strahm,2050000,Matt,Strahm,matt,strahm,strahma01
2021,SD,Keone Kela,1200000,Keone,Kela,keone,kela,kelake01
2021,SD,Dan Altavilla,850000,Dan,Altavilla,dan,altavilla,altavda01
2021,SD,Chris Paddack,610900,Chris,Paddack,chris,paddack,paddach01
2021,SD,Jose Castillo,575000,Jose,Castillo,jose,castillo,castijo01
2021,SD,Michel Baez,574200,Michel,Baez,michel,baez,baezmi01
2021,SD,Adrian Morejon,572900,Adrian,Morejon,adrian,morejon,morejad01
2021,SD,Austin Nola,571500,Austin,Nola,austin,nola,nolaau01
2021,SD,Jorge Ona,570500,Jorge,Ona,jorge,ona,onajo01
2021,SD,Trey Wingenter,570500,Trey,Wingenter,trey,wingenter,wingetr01
2021,ARI,Madison Bumgarner,14000000,Madison,Bumgarner,madison,bumgarner,bumgama01
2021,ARI,Kole Calhoun,8000000,Kole,Calhoun,kole,calhoun,calhoko01
2021,ARI,David Peralta,7500000,David,Peralta,david,peralta,peralda01
2021,ARI,Ketel Marte,6000000,Ketel,Marte,ketel,marte,marteke01
2021,ARI,Merrill Kelly,4250000,Merrill,Kelly,merrill,kelly,kellyme01
2021,ARI,Luke Weaver,1950000,Luke,Weaver,luke,weaver,weavelu01
2021,ARI,Tyler Clippard,1750000,Tyler,Clippard,tyler,clippard,clippty01
2021,ARI,Carson Kelly,1700000,Carson,Kelly,carson,kelly,kellyca02
2021,ARI,Caleb Smith,1386240,Caleb,Smith,caleb,smith,smithca07
2021,ARI,Chris Devenski,1000000,Chris,Devenski,chris,devenski,devench01
2021,ARI,Christian Walker,619300,Christian,Walker,christian,walker,walkech02
2021,ARI,Zac Gallen,607500,Zac,Gallen,zac,gallen,galleza01
2021,ARI,Pavin Smith,586600,Pavin,Smith,pavin,smith,smithpa04
2021,ARI,Josh Rojas,582400,Josh,Rojas,josh,rojas,rojasjo03
2021,ARI,Noe Ramirez,570500,Noe,Ramirez,noe,ramirez,ramirno01
2021,ARI,Taylor Widener,552112,Taylor,Widener,taylor,widener,widenta01
2021,ARI,Josh VanMeter,495646,Josh,VanMeter,josh,vanmeter,vanmejo01
2021,ARI,Joe Mantiply,432447,Joe,Mantiply,joe,mantiply,mantijo01
2021,ARI,Daulton Varsho,401777,Daulton,Varsho,daulton,varsho,varshda01
2021,ARI,Brett de Geus,303633,Brett de,Geus,brettde,geus,geusbr01
2021,ARI,Humberto Castellanos,214690,Humberto,Castellanos,humberto,castellanos,castehu01
2021,ARI,Sean Poppen,144149,Sean,Poppen,sean,poppen,poppese01
2021,ARI,Jake McCarthy,113479,Jake,McCarthy,jake,mccarthy,mccarja02
2021,ARI,Ildemaro Vargas,95077,Ildemaro,Vargas,ildemaro,vargas,vargail01
2021,ARI,Henry Ramos,85876,Henry,Ramos,henry,ramos,ramoshe02
2021,ARI,Humberto Mejia,61340,Humberto,Mejia,humberto,mejia,mejiahu01
2021,ARI,Luis Frias,46005,Luis,Frias,luis,frias,friaslu01
2021,ARI,Geraldo Perdomo,42938,Geraldo,Perdomo,geraldo,perdomo,perdoge01
2021,ARI,Nick Ahmed,7750000,Nick,Ahmed,nick,ahmed,ahmedni01
2021,ARI,Kevin Ginkel,311850,Kevin,Ginkel,kevin,ginkel,ginkeke01
2021,ARI,Tyler Gilbert,187087,Tyler,Gilbert,tyler,gilbert,gilbety01
2021,ARI,Seth Beer,70541,Seth,Beer,seth,beer,beerse01
2021,SF,Johnny Cueto,22000000,Johnny,Cueto,johnny,cueto,cuetojo01
2021,SF,Buster Posey,21425000,Buster,Posey,buster,posey,poseybu01
2021,SF,Kevin Gausman,18900000,Kevin,Gausman,kevin,gausman,gausmke01
2021,SF,Evan Longoria,16500000,Evan,Longoria,evan,longoria,longoev01
2021,SF,Brandon Crawford,15000000,Brandon,Crawford,brandon,crawford,crawfbr01
2021,SF,Kris Bryant,6814535,Kris,Bryant,kris,bryant,bryankr01
2021,SF,Alex Wood,5000000,Alex,Wood,alex,wood,woodal01
2021,SF,Donovan Solano,3250000,Donovan,Solano,donovan,solano,solando01
2021,SF,Anthony DeSclafani,3125000,Anthony,DeSclafani,anthony,desclafani,desclan01
2021,SF,Wilmer Flores,3000000,Wilmer,Flores,wilmer,flores,florewi01
2021,SF,Alex Dickerson,2100000,Alex,Dickerson,alex,dickerson,dickeal01
2021,SF,Jake McGee,2000000,Jake,McGee,jake,mcgee,mcgeeja01
2021,SF,Tommy La Stella,2000000,Tommy La,Stella,tommyla,stella,stellto01
2021,SF,Curt Casali,2000000,Curt,Casali,curt,casali,casalcu01
2021,SF,Darin Ruf,1275000,Darin,Ruf,darin,ruf,rufda01
2021,SF,Austin Slater,1150000,Austin,Slater,austin,slater,slateau01
2021,SF,Jose Alvarez,1050000,Jose,Alvarez,jose,alvarez,alvarjo01
2021,SF,Jarlin Garcia,950000,Jarlin,Garcia,jarlin,garcia,garcija01
2021,SF,Mike Yastrzemski,600000,Mike,Yastrzemski,mike,yastrzemski,yastrmi01
2021,SF,Tyler Rogers,583000,Tyler,Rogers,tyler,rogers,rogerty01
2021,SF,Kervin Castro,570500,Kervin,Castro,kervin,castro,castrke01
2021,SF,Logan Webb,564120,Logan,Webb,logan,webb,webblo01
2021,SF,Zack Littell,447782,Zack,Littell,zack,littell,litteza01
2021,SF,LaMonte Wade Jr.,414045,LaMonte,Wade,lamonte,wade,wadela01
2021,SF,Steven Duggar,404844,Steven,Duggar,steven,duggar,duggast01
2021,SF,Dominic Leone,380308,Dominic,Leone,dominic,leone,leonedo01
2021,SF,Camilo Doval,208556,Camilo,Doval,camilo,doval,dovalca01
2021,SF,Jay Jackson,184020,Jay,Jackson,jay,jackson,jacksja01
2021,SF,Brandon Belt,16000000,Brandon,Belt,brandon,belt,beltbr01
2021,SF,Rico Garcia,575000,Rico,Garcia,rico,garcia,garciri01
2021,SF,Dedniel Nunez,570500,Dedniel,Nunez,dedniel,nunez,nunezde01
2021,SF,Tyler Beede,460559,Tyler,Beede,tyler,beede,beedety01
2021,SF,Sam Delaplane,380308,Sam,Delaplane,sam,delaplane,delapsa01
2021,SF,Tony Watson,349440,Tony,Watson,tony,watson,watsoto01
2021,SF,Luis Gonzalez,150283,Luis,Gonzalez,luis,gonzalez,gonzalu01
2021,SF,Scott Kazmir,80650,Scott,Kazmir,scott,kazmir,kazmisc01
2021,COL,Charlie Blackmon,21000000,Charlie,Blackmon,charlie,blackmon,blackch02
2021,COL,Trevor Story,17500000,Trevor,Story,trevor,story,storytr01
2021,COL,German Marquez,7500000,German,Marquez,german,marquez,marquge01
2021,COL,Jon Gray,6000000,Jon,Gray,jon,gray,grayjo01
2021,COL,Kyle Freeland,5025000,Kyle,Freeland,kyle,freeland,freelky01
2021,COL,Antonio Senzatela,3000000,Antonio,Senzatela,antonio,senzatela,senzaan01
2021,COL,Daniel Bard,2925000,Daniel,Bard,daniel,bard,bardda01
2021,COL,Ryan McMahon,2375000,Ryan,McMahon,ryan,mcmahon,mcmahry01
2021,COL,Raimel Tapia,1950000,Raimel,Tapia,raimel,tapia,tapiara01
2021,COL,Carlos Estevez,1450000,Carlos,Estevez,carlos,estevez,estevca01
2021,COL,Elias Diaz,1300000,Elias,Diaz,elias,diaz,diazel01
2021,COL,C.J. Cron,1000000,C.J.,Cron,cj,cron,croncj01
2021,COL,Jhoulys Chacin,850000,Jhoulys,Chacin,jhoulys,chacin,chacijh01
2021,COL,Robert Stephenson,805000,Robert,Stephenson,robert,stephenson,stephro01
2021,COL,Garrett Hampson,580500,Garrett,Hampson,garrett,hampson,hampsga01
2021,COL,Tyler Kinley,580500,Tyler,Kinley,tyler,kinley,kinlety01
2021,COL,Brendan Rodgers,575500,Brendan,Rodgers,brendan,rodgers,rodgebr02
2021,COL,Yency Almonte,575500,Yency,Almonte,yency,almonte,almonye01
2021,COL,Yonathan Daza,572500,Yonathan,Daza,yonathan,daza,dazayo01
2021,COL,Dom Nunez,572500,Dom,Nunez,dom,nunez,nunezdo01
2021,COL,Jordan Sheffield,570500,Jordan,Sheffield,jordan,sheffield,sheffjo01
2021,COL,Lucas Gilbreath,450849,Lucas,Gilbreath,lucas,gilbreath,gilbrlu01
2021,COL,Sam Hilliard,340340,Sam,Hilliard,sam,hilliard,hillisa01
2021,COL,Justin Lawrence,196288,Justin,Lawrence,justin,lawrence,lawreju01
2021,COL,Ashton Goudeau,159484,Ashton,Goudeau,ashton,goudeau,goudeas01
2021,COL,Julian Fernandez,98144,Julian,Fernandez,julian,fernandez,fernaju01
2021,COL,Antonio Santos,82809,Antonio,Santos,antonio,santos,santoan01
2021,COL,Colton Welker,76675,Colton,Welker,colton,welker,welkeco01
2021,COL,Scott Oberg,4000000,Scott,Oberg,scott,oberg,obergsc01
2021,COL,Chris Owings,1000000,Chris,Owings,chris,owings,owingch01
2021,COL,Austin Gomber,575500,Austin,Gomber,austin,gomber,gombeau01
2021,COL,Connor Joe,355772,Connor,Joe,connor,joe,joeco01
2020,NYY,Gerrit Cole,13333333,Gerrit,Cole,gerrit,cole,colege01
2020,NYY,Giancarlo Stanton,9629630,Giancarlo,Stanton,giancarlo,stanton,stantgi01
2020,NYY,Masahiro Tanaka,8518519,Masahiro,Tanaka,masahiro,tanaka,tanakma01
2020,NYY,J.A. Happ,6296296,J.A.,Happ,ja,happ,happja01
2020,NYY,Aroldis Chapman,5555555,Aroldis,Chapman,aroldis,chapman,chapmar01
2020,NYY,Brett Gardner,4962962,Brett,Gardner,brett,gardner,gardnbr01
2020,NYY,Zack Britton,4814815,Zack,Britton,zack,britton,brittza01
2020,NYY,D.J. LeMahieu,4444444,D.J.,LeMahieu,dj,lemahieu,lemahdj01
2020,NYY,Aaron Hicks,3888888,Aaron,Hicks,aaron,hicks,hicksaa01
2020,NYY,Aaron Judge,3148148,Aaron,Judge,aaron,judge,judgeaa01
2020,NYY,Adam Ottavino,2962962,Adam,Ottavino,adam,ottavino,ottavad01
2020,NYY,Gary Sanchez,1851852,Gary,Sanchez,gary,sanchez,sanchga02
2020,NYY,Giovanny Urshela,916667,Giovanny,Urshela,giovanny,urshela,urshegi01
2020,NYY,Chad Green,472222,Chad,Green,chad,green,greench01
2020,NYY,Luis Cessa,331481,Luis,Cessa,luis,cessa,cessalu01
2020,NYY,Erik Kratz,281923,Erik,Kratz,erik,kratz,kratzer01
2020,NYY,Jonathan Holder,277778,Jonathan,Holder,jonathan,holder,holdejo01
2020,NYY,Jordan Montgomery,258100,Jordan,Montgomery,jordan,montgomery,montgjo01
2020,NYY,Gleyber Torres,250222,Gleyber,Torres,gleyber,torres,torregl01
2020,NYY,Luke Voit,234815,Luke,Voit,luke,voit,voitlu01
2020,NYY,Mike Tauchman,223370,Mike,Tauchman,mike,tauchman,tauchmi01
2020,NYY,Tyler Wade,215852,Tyler,Wade,tyler,wade,wadety01
2020,NYY,Jonathan Loaisiga,215046,Jonathan,Loaisiga,jonathan,loaisiga,loaisjo01
2020,NYY,Kyle Higashioka,214519,Kyle,Higashioka,kyle,higashioka,higasky01
2020,NYY,Clint Frazier,165801,Clint,Frazier,clint,frazier,frazicl01
2020,NYY,Nick Nelson,165095,Nick,Nelson,nick,nelson,nelsoni01
2020,NYY,Deivi Garcia,65415,Deivi,Garcia,deivi,garcia,garcide01
2020,NYY,Clarke Schmidt,34265,Clarke,Schmidt,clarke,schmidt,schmicl01
2020,NYY,James Paxton,4629630,James,Paxton,james,paxton,patoja01
2020,NYY,Luis Severino,3703703,Luis,Severino,luis,severino,severlu01
2020,NYY,Tommy Kahnle,981481,Tommy,Kahnle,tommy,kahnle,kahnlto01
2020,NYY,Ben Heller,105910,Ben,Heller,ben,heller,hellebe01
2020,BAL,Alex Cobb,4582187,Alex,Cobb,alex,cobb,cobbal01
2020,BAL,Jose Iglesias,925926,Jose,Iglesias,jose,iglesias,iglesjo01
2020,BAL,Hanser Alberto,611111,Hanser,Alberto,hanser,alberto,alberha01
2020,BAL,John Means,214815,John,Means,john,means,meansjo01
2020,BAL,Renato Nunez,214074,Renato,Nunez,renato,nunez,nunezre01
2020,BAL,Pedro Severino,213333,Pedro,Severino,pedro,severino,severpe01
2020,BAL,Shawn Armstrong,212407,Shawn,Armstrong,shawn,armstrong,armstsh01
2020,BAL,Rio Ruiz,212222,Rio,Ruiz,rio,ruiz,ruizri01
2020,BAL,Chance Sisco,211481,Chance,Sisco,chance,sisco,siscoch01
2020,BAL,Paul Fry,211481,Paul,Fry,paul,fry,frypa01
2020,BAL,Tanner Scott,210556,Tanner,Scott,tanner,scott,scottta01
2020,BAL,Austin Hays,210185,Austin,Hays,austin,hays,haysau01
2020,BAL,Travis Lakins,209630,Travis,Lakins,travis,lakins,lakintr01
2020,BAL,Hunter Harvey,209259,Hunter,Harvey,hunter,harvey,harvehu01
2020,BAL,Cole Sulser,209259,Cole,Sulser,cole,sulser,sulseco01
2020,BAL,Pat Valaika,208704,Pat,Valaika,pat,valaika,valaipa01
2020,BAL,Cedric Mullins,190015,Cedric,Mullins,cedric,mullins,mullice01
2020,BAL,Bryan Holaday,184355,Bryan,Holaday,bryan,holaday,holadbr01
2020,BAL,Thomas Eshelman,183785,Thomas,Eshelman,thomas,eshelman,eshelth01
2020,BAL,Jorge Lopez,158956,Jorge,Lopez,jorge,lopez,lopezjo01
2020,BAL,D.J. Stewart,128617,D.J.,Stewart,dj,stewart,stewadj01
2020,BAL,Ryan Mountcastle,118370,Ryan,Mountcastle,ryan,mountcastle,mountry01
2020,BAL,Keegan Akin,118370,Keegan,Akin,keegan,akin,akinke01
2020,BAL,Cesar Valdez,99680,Cesar,Valdez,cesar,valdez,valdece01
2020,BAL,David Hess,87220,David,Hess,david,hess,hessda01
2020,BAL,Ramon Urias,50864,Ramon,Urias,ramon,urias,uriasra01
2020,BAL,Bruce Zimmermann,34265,Bruce,Zimmermann,bruce,zimmermann,zimmebr01
2020,BAL,Branden Kline,31150,Branden,Kline,branden,kline,klinebr01
2020,BAL,Kohl Stewart,296296,Kohl,Stewart,kohl,stewart,stewako01
2020,BOS,J.D. Martinez,8796296,J.D.,Martinez,jd,martinez,martijd02
2020,BOS,Xander Bogaerts,7407407,Xander,Bogaerts,xander,bogaerts,bogaea01
2020,BOS,Nathan Eovaldi,6296296,Nathan,Eovaldi,nathan,eovaldi,eovalna01
2020,BOS,Jackie Bradley Jr.,4074074,Jackie,Bradley,jackie,bradley,bradlja01
2020,BOS,Martin Perez,2422222,Martin,Perez,martin,perez,perezma01
2020,BOS,Christian Vazquez,1555556,Christian,Vazquez,christian,vazquez,vazquch01
2020,BOS,Andrew Benintendi,1259259,Andrew,Benintendi,andrew,benintendi,beninan01
2020,BOS,Matt Barnes,1148148,Matt,Barnes,matt,barnes,barnema01
2020,BOS,Kevin Plawecki,433333,Kevin,Plawecki,kevin,plawecki,plaweke01
2020,BOS,Rafael Devers,256481,Rafael,Devers,rafael,devers,deverra01
2020,BOS,Alex Verdugo,222778,Alex,Verdugo,alex,verdugo,verdual01
2020,BOS,Ryan Brasier,216481,Ryan,Brasier,ryan,brasier,brasiry01
2020,BOS,Michael Chavis,211481,Michael,Chavis,michael,chavis,chavimi01
2020,BOS,Tzu-Wei Lin,211111,Tzu-Wei,Lin,tzuwei,lin,lintz01
2020,BOS,Darwinzon Hernandez,209630,Darwinzon,Hernandez,darwinzon,hernandez,hernada01
2020,BOS,Ryan Weber,208971,Ryan,Weber,ryan,weber,weberry01
2020,BOS,Jonathan Arauz,208704,Jonathan,Arauz,jonathan,arauz,arauzjo01
2020,BOS,Phillips Valdez,208703,Phillips,Valdez,phillips,valdez,valdeph01
2020,BOS,Marcus Walden,166556,Marcus,Walden,marcus,walden,waldema01
2020,BOS,Christian Arroyo,146922,Christian,Arroyo,christian,arroyo,arroych01
2020,BOS,Chris Mazza,122031,Chris,Mazza,chris,mazza,mazzach01
2020,BOS,Dylan Covey,92191,Dylan,Covey,dylan,covey,coveydy01
2020,BOS,Bobby Dalbec,90335,Bobby,Dalbec,bobby,dalbec,dalbebo01
2020,BOS,Mike Kickham,87220,Mike,Kickham,mike,kickham,kickhmi01
2020,BOS,Andrew Triggs,80990,Andrew,Triggs,andrew,triggs,triggan01
2020,BOS,Domingo Tapia,49840,Domingo,Tapia,domingo,tapia,tapiado01
2020,BOS,Tanner Houck,40495,Tanner,Houck,tanner,houck,houckta01
2020,BOS,Cesar Puello,28035,Cesar,Puello,cesar,puello,puellce01
2020,BOS,Nick Pivetta,19500,Nick,Pivetta,nick,pivetta,pivetni01
2020,BOS,Chris Sale,7407407,Chris,Sale,chris,sale,salech01
2020,BOS,Dustin Pedroia,4637737,Dustin,Pedroia,dustin,pedroia,pedrodu01
2020,BOS,Eduardo Rodriguez,3074074,Eduardo,Rodriguez,eduardo,rodriguez,rodried01
2020,BOS,Zack Godley,530679,Zack,Godley,zack,godley,godleza01
2020,BOS,Josh Taylor,213704,Josh,Taylor,josh,taylor,taylojo01
2020,BOS,Austin Brice,212407,Austin,Brice,austin,brice,briceau01
2020,BOS,Colten Brewer,210925,Colten,Brewer,colten,brewer,breweco01
2020,BOS,Kyle Hart,143290,Kyle,Hart,kyle,hart,hartky01
2020,BOS,Yairo Munoz,88999,Yairo,Munoz,yairo,munoz,munozya01
2020,TB,Charlie Morton,5555556,Charlie,Morton,charlie,morton,mortoch01
2020,TB,Kevin Kiermaier,3703704,Kevin,Kiermaier,kevin,kiermaier,kiermke01
2020,TB,Blake Snell,2592593,Blake,Snell,blake,snell,snellbl01
2020,TB,Mike Zunino,1666667,Mike,Zunino,mike,zunino,zuninmi01
2020,TB,Aaron Loup,1650000,Aaron,Loup,aaron,loup,loupaa01
2020,TB,Hunter Renfroe,1222222,Hunter,Renfroe,hunter,renfroe,renfrhu01
2020,TB,Manuel Margot,916667,Manuel,Margot,manuel,margot,margoma01
2020,TB,Tyler Glasnow,759259,Tyler,Glasnow,tyler,glasnow,glasnty01
2020,TB,Brandon Lowe,555556,Brandon,Lowe,brandon,lowe,lowebr01
2020,TB,Oliver Drake,379630,Oliver,Drake,oliver,drake,drakeol01
2020,TB,Ji-Man Choi,314815,Ji-Man,Choi,jiman,choi,choiji01
2020,TB,Willy Adames,214630,Willy,Adames,willy,adames,adamewi01
2020,TB,Austin Meadows,214407,Austin,Meadows,austin,meadows,meadoau01
2020,TB,Ryan Yarbrough,214259,Ryan,Yarbrough,ryan,yarbrough,yarbrry01
2020,TB,Nick Anderson,213815,Nick,Anderson,nick,anderson,anderni01
2020,TB,Yandy Diaz,213556,Yandy,Diaz,yandy,diaz,diazya02
2020,TB,Diego Castillo,213259,Diego,Castillo,diego,castillo,castidi02
2020,TB,Joey Wendle,213185,Joey,Wendle,joey,wendle,wendljo01
2020,TB,Michael Perez,209852,Michael,Perez,michael,perez,perezmi03
2020,TB,Pete Fairbanks,209148,Pete,Fairbanks,pete,fairbanks,fairbpe01
2020,TB,Michael Brosseau,205589,Michael,Brosseau,michael,brosseau,brossmi01
2020,TB,Ryan Thompson,202475,Ryan,Thompson,ryan,thompson,thompry01
2020,TB,John Curtiss,155750,John,Curtiss,john,curtiss,curtijo01
2020,TB,Kevan Smith,149413,Kevan,Smith,kevan,smith,smithke01
2020,TB,Aaron Slegers,130830,Aaron,Slegers,aaron,slegers,slegeaa01
2020,TB,Josh Fleming,115255,Josh,Fleming,josh,fleming,flemijo01
2020,TB,Randy Arozarena,90335,Randy,Arozarena,randy,arozarena,arozara01
2020,TB,Chaz Roe,809333,Chaz,Roe,chaz,roe,roech01
2020,TB,Yonny Chirinos,213593,Yonny,Chirinos,yonny,chirinos,chiriyo01
2020,TB,Jose Alvarado,212259,Jose,Alvarado,jose,alvarado,alvarjo01
2020,TB,Jalen Beeks,212000,Jalen,Beeks,jalen,beeks,beeksja01
2020,TB,Andrew Kittredge,211556,Andrew,Kittredge,andrew,kittredge,kittran01
2020,TB,Colin Poche,210519,Colin,Poche,colin,poche,pocheco01
2020,TB,Cody Reed,88760,Cody,Reed,cody,reed,reedco01
2020,TOR,Hyun-Jin Ryu,7407407,Hyun-Jin,Ryu,hyunjin,ryu,ryuhy01
2020,TOR,Tanner Roark,4444444,Tanner,Roark,tanner,roark,roarkta01
2020,TOR,Randal Grichuk,4444444,Randal,Grichuk,randal,grichuk,grichra01
2020,TOR,Chase Anderson,3148148,Chase,Anderson,chase,anderson,anderch01
2020,TOR,Travis Shaw,1639481,Travis,Shaw,travis,shaw,shawtr01
2020,TOR,Matt Shoemaker,1555556,Matt,Shoemaker,matt,shoemaker,shoemma01
2020,TOR,Robbie Ray,1459584,Robbie,Ray,robbie,ray,rayro01
2020,TOR,Jonathan Villar,1269212,Jonathan,Villar,jonathan,villar,villajo01
2020,TOR,Shun Yamaguchi,1175926,Shun,Yamaguchi,shun,yamaguchi,yamagsh01
2020,TOR,Joe Panik,1055556,Joe,Panik,joe,panik,panikjo01
2020,TOR,Lourdes Gurriel Jr.,925926,Lourdes,Gurriel,lourdes,gurriel,gurrilo01
2020,TOR,Taijuan Walker,724151,Taijuan,Walker,taijuan,walker,walketa01
2020,TOR,Anthony Bass,555556,Anthony,Bass,anthony,bass,bassan01
2020,TOR,Rafael Dolis,370370,Rafael,Dolis,rafael,dolis,dolisra01
2020,TOR,Teoscar Hernandez,223037,Teoscar,Hernandez,teoscar,hernandez,hernate01
2020,TOR,Danny Jansen,215148,Danny,Jansen,danny,jansen,janseda01
2020,TOR,Vladimir Guerrero Jr.,214556,Vladimir,Guerrero,vladimir,guerrero,guerrvl02
2020,TOR,Cavan Biggio,213556,Cavan,Biggio,cavan,biggio,biggica01
2020,TOR,Bo Bichette,211111,Bo,Bichette,bo,bichette,bichebo01
2020,TOR,A.J. Cole,208703,A.J.,Cole,aj,cole,coleaj01
2020,TOR,Thomas Hatch,208703,Thomas,Hatch,thomas,hatch,hatchth01
2020,TOR,Ryan Borucki,199836,Ryan,Borucki,ryan,borucki,borucry01
2020,TOR,Nate Pearson,193891,Nate,Pearson,nate,pearson,pearsna01
2020,TOR,Ross Stripling,92876,Ross,Stripling,ross,stripling,stripro01
2020,TOR,Jonathan Davis,66045,Jonathan,Davis,jonathan,davis,davisjo05
2020,TOR,Alejandro Kirk,49840,Alejandro,Kirk,alejandro,kirk,kirkal01
2020,TOR,T.J. Zeuch,34265,T.J.,Zeuch,tj,zeuch,zeuchtj01
2020,TOR,Patrick Murphy,31150,Patrick,Murphy,patrick,murphy,murphpa01
2020,TOR,Ken Giles,3555556,Ken,Giles,ken,giles,gileske01
2020,TOR,Trent Thornton,215519,Trent,Thornton,trent,thornton,thorntr01
2020,TOR,Rowdy Tellez,214667,Rowdy,Tellez,rowdy,tellez,tellero01
2020,TOR,Derek Fisher,214667,Derek,Fisher,derek,fisher,fishede01
2020,TOR,Elvis Luciano,211385,Elvis,Luciano,elvis,luciano,luciael01
2020,TOR,Jordan Romano,210296,Jordan,Romano,jordan,romano,romanjo01
2020,TOR,Yennsy Diaz,208889,Yennsy,Diaz,yennsy,diaz,diazye01
2020,TOR,Jacob Waguespack,155750,Jacob,Waguespack,jacob,waguespack,wagueja01
2020,TOR,Julian Merryweather,127715,Julian,Merryweather,julian,merryweather,merryju01
2020,CLE,Francisco Lindor,6481481,Francisco,Lindor,francisco,lindor,lindofr01
2020,CLE,Carlos Santana,5000000,Carlos,Santana,carlos,santana,santaca01
2020,CLE,Carlos Carrasco,3796296,Carlos,Carrasco,carlos,carrasco,carraca01
2020,CLE,Brad Hand,2592593,Brad,Hand,brad,hand,handbr01
2020,CLE,Jose Ramirez,2514815,Jose,Ramirez,jose,ramirez,ramirjo01
2020,CLE,Cesar Hernandez,2407815,Cesar,Hernandez,cesar,hernandez,hernace01
2020,CLE,Roberto Perez,1388889,Roberto,Perez,roberto,perez,perezro01
2020,CLE,Oliver Perez,1111111,Oliver,Perez,oliver,perez,perezol01
2020,CLE,Sandy Leon,740741,Sandy,Leon,sandy,leon,leonsa01
2020,CLE,Delino DeShields,694444,Delino,DeShields,delino,deshields,deshide01
2020,CLE,Tyler Naquin,537037,Tyler,Naquin,tyler,naquin,naquity01
2020,CLE,Austin Hedges,464352,Austin,Hedges,austin,hedges,hedgeau01
2020,CLE,Nick Wittgren,416667,Nick,Wittgren,nick,wittgren,wittgni01
2020,CLE,Shane Bieber,230815,Shane,Bieber,shane,bieber,biebesh01
2020,CLE,Franmil Reyes,217185,Franmil,Reyes,franmil,reyes,reyesfr01
2020,CLE,Mike Freeman,212963,Mike,Freeman,mike,freeman,freemmi01
2020,CLE,Adam Plutko,212889,Adam,Plutko,adam,plutko,plutkad01
2020,CLE,Jordan Luplow,212778,Jordan,Luplow,jordan,luplow,luplojo01
2020,CLE,Phil Maton,211889,Phil,Maton,phil,maton,matonph01
2020,CLE,Aaron Civale,208704,Aaron,Civale,aaron,civale,civalaa01
2020,CLE,James Karinchak,208703,James,Karinchak,james,karinchak,karinja01
2020,CLE,Cam Hill,174440,Cam,Hill,cam,hill,hillca01
2020,CLE,Oscar Mercado,168010,Oscar,Mercado,oscar,mercado,mercaos01
2020,CLE,Zach Plesac,158865,Zach,Plesac,zach,plesac,plesaza01
2020,CLE,Adam Cimber,157486,Adam,Cimber,adam,cimber,cimbead01
2020,CLE,Triston McKenzie,115255,Triston,McKenzie,triston,mckenzie,mckentr01
2020,CLE,Cal Quantrill,88508,Cal,Quantrill,cal,quantrill,quantca01
2020,CLE,Josh Naylor,88004,Josh,Naylor,josh,naylor,naylojo01
2020,CLE,Jefry Rodriguez,209630,Jefry,Rodriguez,jefry,rodriguez,rodrije01
2020,DET,Miguel Cabrera,11111111,Miguel,Cabrera,miguel,cabrera,cabremi01
2020,DET,Jordan Zimmermann,9259259,Jordan,Zimmermann,jordan,zimmermann,zimmejo01
2020,DET,Matt Boyd,1962963,Matt,Boyd,matt,boyd,boydma01
2020,DET,Austin Romine,1537037,Austin,Romine,austin,romine,rominau01
2020,DET,Daniel Norris,1097222,Daniel,Norris,daniel,norris,norrida01
2020,DET,Michael Fulmer,1037037,Michael,Fulmer,michael,fulmer,fulmemi01
2020,DET,Buck Farmer,425926,Buck,Farmer,buck,farmer,farmebu01
2020,DET,Niko Goodrum,258593,Niko,Goodrum,niko,goodrum,goodrni01
2020,DET,Joe Jimenez,216630,Joe,Jimenez,joe,jimenez,jimenjo01
2020,DET,Jeimer Candelario,216037,Jeimer,Candelario,jeimer,candelario,candeje01
2020,DET,Victor Reyes,212556,Victor,Reyes,victor,reyes,reyesvi01
2020,DET,Spencer Turnbull,212407,Spencer,Turnbull,spencer,turnbull,turnbsp01
2020,DET,Jose Cisnero,211556,Jose,Cisnero,jose,cisnero,cisnejo01
2020,DET,Harold Castro,211370,Harold,Castro,harold,castro,castrha01
2020,DET,Gregory Soto,210296,Gregory,Soto,gregory,soto,sotogr01
2020,DET,Tyler Alexander,209852,Tyler,Alexander,tyler,alexander,aleaty01
2020,DET,Bryan Garcia,209037,Bryan,Garcia,bryan,garcia,garcibr01
2020,DET,Rony Garcia,208704,Rony,Garcia,rony,garcia,garciro01
2020,DET,Casey Mize,130830,Casey,Mize,casey,mize,mizeca01
2020,DET,Tarik Skubal,130830,Tarik,Skubal,tarik,skubal,skubata01
2020,DET,Isaac Paredes,130830,Isaac,Paredes,isaac,paredes,paredis01
2020,DET,Jorge Bonifacio,124600,Jorge,Bonifacio,jorge,bonifacio,bonifjo01
2020,DET,Derek Hill,80990,Derek,Hill,derek,hill,hillde01
2020,DET,Daz Cameron,59185,Daz,Cameron,daz,cameron,camerda01
2020,DET,Sergio Alcantara,56070,Sergio,Alcantara,sergio,alcantara,alcanse01
2020,DET,Nick Ramirez,56070,Nick,Ramirez,nick,ramirez,ramirni01
2020,DET,Eric Haase,40625,Eric,Haase,eric,haase,haaseer01
2020,DET,Brandon Dixon,19071,Brandon,Dixon,brandon,dixon,dionbr01
2020,DET,Jonathan Schoop,2259259,Jonathan,Schoop,jonathan,schoop,schoojo01
2020,DET,C.J. Cron,2259259,C.J.,Cron,cj,cron,croncj01
2020,DET,Ivan Nova,648556,Ivan,Nova,ivan,nova,novaiv01
2020,DET,Jacoby Jones,583333,Jacoby,Jones,jacoby,jones,jonesja08
2020,DET,Dario Agrazal,208704,Dario,Agrazal,dario,agrazal,agrazda01
2020,DET,Willi Castro,149520,Willi,Castro,willi,castro,castrwi01
2020,KC,Danny Duffy,5648148,Danny,Duffy,danny,duffy,duffyda01
2020,KC,Salvador Perez,4814815,Salvador,Perez,salvador,perez,perezsa02
2020,KC,Jorge Soler,2703704,Jorge,Soler,jorge,soler,solerjo01
2020,KC,Whit Merrifield,1851852,Whit,Merrifield,whit,merrifield,merriwh01
2020,KC,Maikel Franco,1482593,Maikel,Franco,maikel,franco,francma01
2020,KC,Alex Gordon,1481481,Alex,Gordon,alex,gordon,gordoal01
2020,KC,Greg Holland,1250000,Greg,Holland,greg,holland,hollagr01
2020,KC,Mike Montgomery,1148148,Mike,Montgomery,mike,montgomery,montgmi01
2020,KC,Jesse Hahn,259259,Jesse,Hahn,jesse,hahn,hahnje01
2020,KC,Scott Barlow,240741,Scott,Barlow,scott,barlow,barlosc01
2020,KC,Brad Keller,227037,Brad,Keller,brad,keller,kellebr01
2020,KC,Hunter Dozier,226111,Hunter,Dozier,hunter,dozier,doziehu01
2020,KC,Adalberto Mondesi,223889,Adalberto,Mondesi,adalberto,mondesi,mondead01
2020,KC,Cam Gallagher,215000,Cam,Gallagher,cam,gallagher,gallaca01
2020,KC,Ryan O'Hearn,213685,Ryan,O'Hearn,ryan,ohearn,ohearry01
2020,KC,Nicky Lopez,211574,Nicky,Lopez,nicky,lopez,lopezni01
2020,KC,Franchy Cordero,211518,Franchy,Cordero,franchy,cordero,cordefr01
2020,KC,Josh Staumont,209611,Josh,Staumont,josh,staumont,staumjo01
2020,KC,Tyler Zuber,208703,Tyler,Zuber,tyler,zuber,zuberty01
2020,KC,Brady Singer,202474,Brady,Singer,brady,singer,singebr01
2020,KC,Jake Junis,201660,Jake,Junis,jake,junis,junisja01
2020,KC,Jake Newberry,195858,Jake,Newberry,jake,newberry,newbeja01
2020,KC,Kris Bubic,183783,Kris,Bubic,kris,bubic,bubickr01
2020,KC,Nick Heath,161980,Nick,Heath,nick,heath,heathni01
2020,KC,Chance Adams,150096,Chance,Adams,chance,adams,adamsch01
2020,KC,Carlos Hernandez,90335,Carlos,Hernandez,carlos,hernandez,hernaca01
2020,KC,Edward Olivares,77875,Edward,Olivares,edward,olivares,olivaed02
2020,KC,Richard Lovelady,28215,Richard,Lovelady,richard,lovelady,lovelri01
2020,KC,Ian Kennedy,6111111,Ian,Kennedy,ian,kennedy,kenneia01
2020,KC,Glenn Sparkman,223889,Glenn,Sparkman,glenn,sparkman,sparkgl01
2020,KC,Bubba Starling,210463,Bubba,Starling,bubba,starling,starlbu01
2020,KC,Kyle Zimmer,209537,Kyle,Zimmer,kyle,zimmer,zimmeky01
2020,KC,Foster Griffin,208703,Foster,Griffin,foster,griffin,grifffo01
2020,KC,Matt Harvey,130339,Matt,Harvey,matt,harvey,harvema01
2020,MIN,Josh Donaldson,6666667,Josh,Donaldson,josh,donaldson,donaljo02
2020,MIN,Miguel Sano,5111111,Miguel,Sano,miguel,sano,sanomi01
2020,MIN,Rich Hill,4629629,Rich,Hill,rich,hill,hillri01
2020,MIN,Nelson Cruz,4444444,Nelson,Cruz,nelson,cruz,cruzne01
2020,MIN,Marwin Gonzalez,3333333,Marwin,Gonzalez,marwin,gonzalez,gonzama01
2020,MIN,Eddie Rosario,2870370,Eddie,Rosario,eddie,rosario,rosared01
2020,MIN,Kenta Maeda,2393704,Kenta,Maeda,kenta,maeda,maedake01
2020,MIN,Max Kepler,2314815,Max,Kepler,max,kepler,keplema01
2020,MIN,Sergio Romo,1759259,Sergio,Romo,sergio,romo,romose01
2020,MIN,Taylor Rogers,1648148,Taylor,Rogers,taylor,rogers,rogerta01
2020,MIN,Alex Avila,1574074,Alex,Avila,alex,avila,avilaal01
2020,MIN,Jose Berrios,1490741,Jose,Berrios,jose,berrios,berrijo01
2020,MIN,Jorge Polanco,1466049,Jorge,Polanco,jorge,polanco,polanjo01
2020,MIN,Byron Buxton,1138889,Byron,Buxton,byron,buxton,butoby01
2020,MIN,Tyler Clippard,1018519,Tyler,Clippard,tyler,clippard,clippty01
2020,MIN,Trevor May,816667,Trevor,May,trevor,may,maytr01
2020,MIN,Michael Pineda,651758,Michael,Pineda,michael,pineda,pinedmi01
2020,MIN,Ehire Adrianza,592593,Ehire,Adrianza,ehire,adrianza,adriaeh01
2020,MIN,Tyler Duffey,444444,Tyler,Duffey,tyler,duffey,duffety01
2020,MIN,Matt Wisler,268519,Matt,Wisler,matt,wisler,wislema01
2020,MIN,Mitch Garver,229630,Mitch,Garver,mitch,garver,garvemi01
2020,MIN,Luis Arraez,220741,Luis,Arraez,luis,arraez,arraelu01
2020,MIN,Jake Cave,217593,Jake,Cave,jake,cave,caveja01
2020,MIN,Cody Stashak,211481,Cody,Stashak,cody,stashak,stashco01
2020,MIN,Jorge Alcala,180670,Jorge,Alcala,jorge,alcala,alcaljo01
2020,MIN,Caleb Thielbar,174440,Caleb,Thielbar,caleb,thielbar,thielca01
2020,MIN,Devin Smeltzer,151488,Devin,Smeltzer,devin,smeltzer,smeltde01
2020,MIN,Ryan Jeffers,121485,Ryan,Jeffers,ryan,jeffers,jeffery01
2020,MIN,Jake Odorizzi,6592593,Jake,Odorizzi,jake,odorizzi,odorija01
2020,MIN,Nick Gordon,208705,Nick,Gordon,nick,gordon,gordoni01
2020,MIN,Brent Rooker,74760,Brent,Rooker,brent,rooker,rookebr01
2020,CHW,Jose Abreu,9189074,Jose,Abreu,jose,abreu,abreujo01
2020,CHW,Yasmani Grandal,6759259,Yasmani,Grandal,yasmani,grandal,grandya01
2020,CHW,Dallas Keuchel,6666667,Dallas,Keuchel,dallas,keuchel,keuchda01
2020,CHW,Edwin Encarnacion,5074074,Edwin,Encarnacion,edwin,encarnacion,encared01
2020,CHW,Alex Colome,3900926,Alex,Colome,alex,colome,colomal01
2020,CHW,Nomar Mazara,2059259,Nomar,Mazara,nomar,mazara,mazarno01
2020,CHW,James McCann,2000000,James,McCann,james,mccann,mccanja02
2020,CHW,Gio Gonzalez,1666667,Gio,Gonzalez,gio,gonzalez,gonzagi01
2020,CHW,Carlos Rodon,1648148,Carlos,Rodon,carlos,rodon,rodonca01
2020,CHW,Tim Anderson,1481481,Tim,Anderson,tim,anderson,anderti01
2020,CHW,Yoan Moncada,1370370,Yoan,Moncada,yoan,moncada,moncayo01
2020,CHW,Luis Robert Jr.,555556,Luis,Robert,luis,robert,roberlu01
2020,CHW,Eloy Jimenez,555556,Eloy,Jimenez,eloy,jimenez,jimenel02
2020,CHW,Aaron Bummer,370370,Aaron,Bummer,aaron,bummer,bummeaa01
2020,CHW,Jarrod Dyson,342736,Jarrod,Dyson,jarrod,dyson,dysonja01
2020,CHW,Lucas Giolito,232222,Lucas,Giolito,lucas,giolito,giolilu01
2020,CHW,Jace Fry,218519,Jace,Fry,jace,fry,fryja01
2020,CHW,Adam Engel,217778,Adam,Engel,adam,engel,engelad01
2020,CHW,Dylan Cease,212963,Dylan,Cease,dylan,cease,ceasedy01
2020,CHW,Jimmy Cordero,212593,Jimmy,Cordero,jimmy,cordero,cordeji01
2020,CHW,Codi Heuer,208703,Codi,Heuer,codi,heuer,heuerco01
2020,CHW,Reynaldo Lopez,200640,Reynaldo,Lopez,reynaldo,lopez,lopezre01
2020,CHW,Matt Foster,190015,Matt,Foster,matt,foster,fostema01
2020,CHW,Nick Madrigal,183783,Nick,Madrigal,nick,madrigal,madrini01
2020,CHW,Jose Ruiz,118370,Jose,Ruiz,jose,ruiz,ruizjo01
2020,CHW,Dane Dunning,93450,Dane,Dunning,dane,dunning,dunnida01
2020,CHW,Yolmer Sanchez,88999,Yolmer,Sanchez,yolmer,sanchez,sanchyo01
2020,CHW,Garrett Crochet,31150,Garrett,Crochet,garrett,crochet,crochga01
2020,CHW,Leury Garcia,1203704,Leury,Garcia,leury,garcia,garcile01
2020,CHW,Evan Marshall,407407,Evan,Marshall,evan,marshall,marshev01
2020,CHW,Jimmy Lambert,208703,Jimmy,Lambert,jimmy,lambert,lambeji01
2020,HOU,Alex Bregman,21000000,Alex,Bregman,alex,bregman,bregmal01
2020,HOU,Jose Altuve,9703704,Jose,Altuve,jose,altuve,altuvjo01
2020,HOU,George Springer,7777778,George,Springer,george,springer,springe01
2020,HOU,Zack Greinke,6950617,Zack,Greinke,zack,greinke,greinza01
2020,HOU,Michael Brantley,5555556,Michael,Brantley,michael,brantley,brantmi02
2020,HOU,Josh Reddick,4814815,Josh,Reddick,josh,reddick,reddijo01
2020,HOU,Ryan Pressly,3240741,Ryan,Pressly,ryan,pressly,pressry01
2020,HOU,Yulieski Gurriel,3074074,Yulieski,Gurriel,yulieski,gurriel,gurriyu01
2020,HOU,Carlos Correa,2962963,Carlos,Correa,carlos,correa,correca01
2020,HOU,Lance McCullers,1518519,Lance,McCullers,lance,mccullers,mcculla01
2020,HOU,Martin Maldonado,1296296,Martin,Maldonado,martin,maldonado,maldoma01
2020,HOU,Aledmys Diaz,962963,Aledmys,Diaz,aledmys,diaz,diazal01
2020,HOU,Dustin Garneau,250041,Dustin,Garneau,dustin,garneau,garnedu01
2020,HOU,Josh James,218778,Josh,James,josh,james,jamesjo01
2020,HOU,Framber Valdez,215630,Framber,Valdez,framber,valdez,valdefr01
2020,HOU,Jose Urquidy,212815,Jose,Urquidy,jose,urquidy,urquijo01
2020,HOU,Abraham Toro,212481,Abraham,Toro,abraham,toro,toroab01
2020,HOU,Myles Straw,211593,Myles,Straw,myles,straw,strawmy01
2020,HOU,Kyle Tucker,210630,Kyle,Tucker,kyle,tucker,tuckeky01
2020,HOU,Cristian Javier,210556,Cristian,Javier,cristian,javier,javiecr01
2020,HOU,Cy Sneed,210481,Cy,Sneed,cy,sneed,sneedcy01
2020,HOU,Enoli Paredes,208703,Enoli,Paredes,enoli,paredes,pareden01
2020,HOU,Andre Scrubb,193128,Andre,Scrubb,andre,scrubb,scruban01
2020,HOU,Jack Mayfield,180670,Jack,Mayfield,jack,mayfield,mayfija01
2020,HOU,Brooks Raley,152635,Brooks,Raley,brooks,raley,raleybr01
2020,HOU,Luis Garcia,93450,Luis,Garcia,luis,garcia,garcilu04
2020,HOU,Nivaldo Rodriguez,62300,Nivaldo,Rodriguez,nivaldo,rodriguez,rodrini01
2020,HOU,Justin Verlander,12222222,Justin,Verlander,justin,verlander,verlaju01
2020,HOU,Roberto Osuna,3703704,Roberto,Osuna,roberto,osuna,osunaro01
2020,HOU,Brad Peacock,1444444,Brad,Peacock,brad,peacock,peacobr01
2020,HOU,Chris Devenski,740741,Chris,Devenski,chris,devenski,devench01
2020,HOU,Yordan Alvarez,224815,Yordan,Alvarez,yordan,alvarez,alvaryo01
2020,HOU,Austin Pruitt,216630,Austin,Pruitt,austin,pruitt,pruitau01
2020,HOU,Rogelio Armenteros,210778,Rogelio,Armenteros,rogelio,armenteros,armenro01
2020,SEA,Kyle Seager,19000000,Kyle,Seager,kyle,seager,seageky01
2020,SEA,Yusei Kikuchi,5185185,Yusei,Kikuchi,yusei,kikuchi,kikucyu01
2020,SEA,Dee Strange-Gordon,5000000,Dee,Strange-Gordon,dee,strangegordon,strande01
2020,SEA,Marco Gonzales,1370370,Marco,Gonzales,marco,gonzales,gonzama01
2020,SEA,Marco Gonzales,1000000,Marco,Gonzales,marco,gonzales,gonzama01
2020,SEA,Yoshihisa Hirano,648148,Yoshihisa,Hirano,yoshihisa,hirano,hiranyo01
2020,SEA,Kendall Graveman,555556,Kendall,Graveman,kendall,graveman,graveke01
2020,SEA,Evan White,481481,Evan,White,evan,white,whiteev01
2020,SEA,Brandon Brennan,218667,Brandon,Brennan,brandon,brennan,brennbr01
2020,SEA,J.P. Crawford,213259,J.P.,Crawford,jp,crawford,crawfjp01
2020,SEA,Erik Swanson,210222,Erik,Swanson,erik,swanson,swanser01
2020,SEA,Justus Sheffield,209741,Justus,Sheffield,justus,sheffield,sheffju01
2020,SEA,Kyle Lewis,209259,Kyle,Lewis,kyle,lewis,lewisky01
2020,SEA,Justin Dunn,209074,Justin,Dunn,justin,dunn,dunnju01
2020,SEA,Nick Margevicius,208705,Nick,Margevicius,nick,margevicius,margeni01
2020,SEA,Yohan Ramirez,208704,Yohan,Ramirez,yohan,ramirez,ramiryo01
2020,SEA,Anthony Misiewicz,208703,Anthony,Misiewicz,anthony,misiewicz,misiean01
2020,SEA,Timmy Lopes,175448,Timmy,Lopes,timmy,lopes,lopesti01
2020,SEA,Joey Gerber,171325,Joey,Gerber,joey,gerber,gerbejo01
2020,SEA,Joseph Odom,155750,Joseph,Odom,joseph,odom,odomjo01
2020,SEA,Brady Lail,152635,Brady,Lail,brady,lail,lailbr01
2020,SEA,Jose Marmolejos,146405,Jose,Marmolejos,jose,marmolejos,marmojo01
2020,SEA,Ljay Newsome,137060,Ljay,Newsome,ljay,newsome,newsolj01
2020,SEA,Ty France,90915,Ty,France,ty,france,francty01
2020,SEA,Walker Lockett,84483,Walker,Lockett,walker,lockett,lockewa01
2020,SEA,Joe Hudson,80990,Joe,Hudson,joe,hudson,hudsojo01
2020,SEA,Phillip Ervin,72910,Phillip,Ervin,phillip,ervin,ervinph01
2020,SEA,Casey Sadler,67032,Casey,Sadler,casey,sadler,sadleca01
2020,SEA,Braden Bishop,56070,Braden,Bishop,braden,bishop,bishobr01
2020,SEA,Mitch Haniger,1114815,Mitch,Haniger,mitch,haniger,hanigmi01
2020,SEA,C.J. Edwards,351852,C.J.,Edwards,cj,edwards,edwarcj01
2020,SEA,Tom Murphy,213815,Tom,Murphy,tom,murphy,murphto04
2020,SEA,Matt Magill,212926,Matt,Magill,matt,magill,magilma01
2020,SEA,Dylan Moore,211148,Dylan,Moore,dylan,moore,mooredy01
2020,SEA,Nestor Cortes,210630,Nestor,Cortes,nestor,cortes,cortene01
2020,SEA,Shed Long Jr.,210222,Shed,Long,shed,long,longsh01
2020,SEA,Gerson Bautista,208926,Gerson,Bautista,gerson,bautista,bautige01
2020,SEA,Taylor Guilbeau,168804,Taylor,Guilbeau,taylor,guilbeau,guilbta01
2020,SEA,Sam Haggerty,124680,Sam,Haggerty,sam,haggerty,haggesa01
2020,SEA,Andres Munoz,90770,Andres,Munoz,andres,munoz,munozan01
2020,SEA,Luis Torrens,88032,Luis,Torrens,luis,torrens,torrelu01
2020,SEA,Jake Fraley,62340,Jake,Fraley,jake,fraley,fraleja01
2020,TEX,Shin-Soo Choo,7777778,Shin-Soo,Choo,shinsoo,choo,choosh01
2020,TEX,Lance Lynn,4703704,Lance,Lynn,lance,lynn,lynnla01
2020,TEX,Kyle Gibson,4629629,Kyle,Gibson,kyle,gibson,gibsoky01
2020,TEX,Rougned Odor,3333333,Rougned,Odor,rougned,odor,odorro01
2020,TEX,Jordan Lyles,2592593,Jordan,Lyles,jordan,lyles,lylesjo01
2020,TEX,Joey Gallo,1629630,Joey,Gallo,joey,gallo,gallojo01
2020,TEX,Jesse Chavez,1481481,Jesse,Chavez,jesse,chavez,chaveje01
2020,TEX,Jeff Mathis,1111111,Jeff,Mathis,jeff,mathis,mathije01
2020,TEX,Rafael Montero,290741,Rafael,Montero,rafael,montero,montera01
2020,TEX,Isiah Kiner-Falefa,217407,Isiah,Kiner-Falefa,isiah,kinerfalefa,kineris01
2020,TEX,Willie Calhoun,213704,Willie,Calhoun,willie,calhoun,calhowi01
2020,TEX,Brett Martin,211296,Brett,Martin,brett,martin,martibr01
2020,TEX,Kolby Allard,209815,Kolby,Allard,kolby,allard,allarko01
2020,TEX,Nick Solak,209444,Nick,Solak,nick,solak,solakni01
2020,TEX,Jonathan Hernandez,209074,Jonathan,Hernandez,jonathan,hernandez,hernajo01
2020,TEX,Jimmy Herget,183785,Jimmy,Herget,jimmy,herget,hergeji01
2020,TEX,Taylor Hearn,152635,Taylor,Hearn,taylor,hearn,hearnta01
2020,TEX,Derek Dietrich,152570,Derek,Dietrich,derek,dietrich,dietrde01
2020,TEX,Wes Benjamin,149520,Wes,Benjamin,wes,benjamin,benjawe01
2020,TEX,Leody Taveras,127715,Leody,Taveras,leody,taveras,taverle01
2020,TEX,Ronald Guzman,126750,Ronald,Guzman,ronald,guzman,guzmaro01
2020,TEX,Kyle Cody,121485,Kyle,Cody,kyle,cody,codyky01
2020,TEX,Anderson Tejeda,109025,Anderson,Tejeda,anderson,tejeda,tejedan01
2020,TEX,Eli White,84105,Eli,White,eli,white,whiteel04
2020,TEX,John King,74760,John,King,john,king,kingjo01
2020,TEX,Sam Huff,56070,Sam,Huff,sam,huff,huffsa01
2020,TEX,Demarcus Evans,40495,Demarcus,Evans,demarcus,evans,evansde01
2020,TEX,Andrew Romine,12714,Andrew,Romine,andrew,romine,rominan01
2020,TEX,Corey Kluber,6481481,Corey,Kluber,corey,kluber,klubeco01
2020,TEX,Elvis Andrus,5555556,Elvis,Andrus,elvis,andrus,andruel01
2020,TEX,Danny Santana,1333333,Danny,Santana,danny,santana,santada01
2020,TEX,Joely Rodriguez,925926,Joely,Rodriguez,joely,rodriguez,rodrijo07
2020,TEX,Jose Leclerc,833333,Jose,Leclerc,jose,leclerc,leclejo01
2020,TEX,Edinson Volquez,370370,Edinson,Volquez,edinson,volquez,volqued01
2020,TEX,Brock Burke,209074,Brock,Burke,brock,burke,burkebr01
2020,TEX,Joe Palumbo,208703,Joe,Palumbo,joe,palumbo,palumjo01
2020,TEX,Jose Trevino,187560,Jose,Trevino,jose,trevino,trevijo01
2020,TEX,Sherten Apostel,49840,Sherten,Apostel,sherten,apostel,apostsh01
2020,OAK,Khris Davis,6203704,Khris,Davis,khris,davis,daviskh01
2020,OAK,Marcus Semien,4814815,Marcus,Semien,marcus,semien,semiema01
2020,OAK,Joakim Soria,3148148,Joakim,Soria,joakim,soria,soriajo01
2020,OAK,Michael Fiers,3000000,Michael,Fiers,michael,fiers,fiersmi01
2020,OAK,Stephen Piscotty,2592592,Stephen,Piscotty,stephen,piscotty,piscost01
2020,OAK,Yusmeiro Petit,2037037,Yusmeiro,Petit,yusmeiro,petit,petityu01
2020,OAK,Liam Hendriks,1962963,Liam,Hendriks,liam,hendriks,hendrli01
2020,OAK,Mark Canha,1777778,Mark,Canha,mark,canha,canhama01
2020,OAK,Sean Manaea,1388889,Sean,Manaea,sean,manaea,manaese01
2020,OAK,Robbie Grossman,1379630,Robbie,Grossman,robbie,grossman,grossro01
2020,OAK,Jake Diekman,1018519,Jake,Diekman,jake,diekman,diekmja01
2020,OAK,Chris Bassitt,833333,Chris,Bassitt,chris,bassitt,bassich01
2020,OAK,Chad Pinder,750000,Chad,Pinder,chad,pinder,pindech01
2020,OAK,Mike Minor,735210,Mike,Minor,mike,minor,minormi01
2020,OAK,T.J. McFarland,666667,T.J.,McFarland,tj,mcfarland,mcfartj01
2020,OAK,Tommy La Stella,556928,Tommy La,Stella,tommyla,stella,stellto01
2020,OAK,Matt Olson,223519,Matt,Olson,matt,olson,olsonma02
2020,OAK,Tony Kemp,221148,Tony,Kemp,tony,kemp,kempto01
2020,OAK,Frankie Montas,212407,Frankie,Montas,frankie,montas,montafr01
2020,OAK,Ramon Laureano,210556,Ramon,Laureano,ramon,laureano,laurera01
2020,OAK,Lou Trivino,210556,Lou,Trivino,lou,trivino,trivilo01
2020,OAK,Jesus Luzardo,208704,Jesus,Luzardo,jesus,luzardo,luzarje01
2020,OAK,Sean Murphy,208704,Sean,Murphy,sean,murphy,murphse01
2020,OAK,Vimael Machin,208704,Vimael,Machin,vimael,machin,machivi01
2020,OAK,Jordan Weems,180670,Jordan,Weems,jordan,weems,weemsjo01
2020,OAK,Jonah Heim,109025,Jonah,Heim,jonah,heim,heimjo01
2020,OAK,Nate Orf,46725,Nate,Orf,nate,orf,orfna01
2020,OAK,Jake Lamb,43610,Jake,Lamb,jake,lamb,lambja01
2020,OAK,Burch Smith,251852,Burch,Smith,burch,smith,smithbu01
2020,OAK,Matt Chapman,230926,Matt,Chapman,matt,chapman,chapmma01
2020,OAK,J.B. Wendelken,210556,J.B.,Wendelken,jb,wendelken,wendejb01
2020,OAK,A.J. Puk,208704,A.J.,Puk,aj,puk,pukaj01
2020,LAA,Anthony Rendon,13444444,Anthony,Rendon,anthony,rendon,rendoan01
2020,LAA,Mike Trout,13433333,Mike,Trout,mike,trout,troutmi01
2020,LAA,Albert Pujols,10740741,Albert,Pujols,albert,pujols,pujolal01
2020,LAA,Justin Upton,7777778,Justin,Upton,justin,upton,uptonju01
2020,LAA,Julio Teheran,3333333,Julio,Teheran,julio,teheran,teherju01
2020,LAA,Dylan Bundy,1851852,Dylan,Bundy,dylan,bundy,bundydy01
2020,LAA,Andrew Heaney,1592593,Andrew,Heaney,andrew,heaney,heanean01
2020,LAA,Hansel Robles,1425926,Hansel,Robles,hansel,robles,robleha01
2020,LAA,Cam Bedrosian,1037037,Cam,Bedrosian,cam,bedrosian,bedroca01
2020,LAA,Matt Andriese,516667,Matt,Andriese,matt,andriese,andrima01
2020,LAA,Noe Ramirez,333333,Noe,Ramirez,noe,ramirez,ramirno01
2020,LAA,Max Stassi,296296,Max,Stassi,max,stassi,stassma01
2020,LAA,Keynan Middleton,296296,Keynan,Middleton,keynan,middleton,middlke01
2020,LAA,Shohei Ohtani,259259,Shohei,Ohtani,shohei,ohtani,ohtansh01
2020,LAA,David Fletcher,219815,David,Fletcher,david,fletcher,fletcda02
2020,LAA,Felix Pena,217593,Felix,Pena,felix,pena,penafe01
2020,LAA,Ty Buttrey,214259,Ty,Buttrey,ty,buttrey,buttrty01
2020,LAA,Mike Mayers,212222,Mike,Mayers,mike,mayers,mayermi01
2020,LAA,Griffin Canning,211296,Griffin,Canning,griffin,canning,cannigr01
2020,LAA,Jacob Barnes,208703,Jacob,Barnes,jacob,barnes,barneja01
2020,LAA,Hoby Milner,208703,Hoby,Milner,hoby,milner,milneho01
2020,LAA,Jo Adell,174440,Jo,Adell,jo,adell,adelljo01
2020,LAA,Taylor Ward,159732,Taylor,Ward,taylor,ward,wardta01
2020,LAA,Anthony Bemboom,137060,Anthony,Bemboom,anthony,bemboom,bemboan01
2020,LAA,Jared Walsh,133945,Jared,Walsh,jared,walsh,walshja01
2020,LAA,Patrick Sandoval,121953,Patrick,Sandoval,patrick,sandoval,sandopa01
2020,LAA,Luke Bard,90335,Luke,Bard,luke,bard,bardlu01
2020,LAA,Elliot Soto,18690,Elliot,Soto,elliot,soto,sotoel01
2020,LAA,Jahmai Jones,15575,Jahmai,Jones,jahmai,jones,jonesja08
2020,LAA,Andrelton Simmons,4757308,Andrelton,Simmons,andrelton,simmons,simmoan01
2020,PHI,Bryce Harper,9629629,Bryce,Harper,bryce,harper,harpebr03
2020,PHI,Zack Wheeler,7962963,Zack,Wheeler,zack,wheeler,wheelza01
2020,PHI,Andrew McCutchen,6296296,Andrew,McCutchen,andrew,mccutchen,mccutan01
2020,PHI,Jean Segura,5277777,Jean,Segura,jean,segura,segurje01
2020,PHI,Didi Gregorius,5185185,Didi,Gregorius,didi,gregorius,gregodi01
2020,PHI,J.T. Realmuto,3703704,J.T.,Realmuto,jt,realmuto,realmjt01
2020,PHI,Aaron Nola,2962962,Aaron,Nola,aaron,nola,nolaaa01
2020,PHI,Hector Neris,1814815,Hector,Neris,hector,neris,nerishe01
2020,PHI,Vince Velasquez,1333333,Vince,Velasquez,vince,velasquez,velasvi01
2020,PHI,Zach Eflin,972222,Zach,Eflin,zach,eflin,eflinza01
2020,PHI,Jay Bruce,648148,Jay,Bruce,jay,bruce,bruceja01
2020,PHI,Adam Morgan,583333,Adam,Morgan,adam,morgan,morgaad01
2020,PHI,Scott Kingery,555555,Scott,Kingery,scott,kingery,kingesc01
2020,PHI,David Phelps,555480,David,Phelps,david,phelps,phelpda01
2020,PHI,Tommy Hunter,314815,Tommy,Hunter,tommy,hunter,hunteto01
2020,PHI,Andrew Knapp,262963,Andrew,Knapp,andrew,knapp,knappan01
2020,PHI,Philip Gosselin,212962,Philip,Gosselin,philip,gosselin,gosseph01
2020,PHI,Adam Haseley,210926,Adam,Haseley,adam,haseley,haselad01
2020,PHI,Roman Quinn,210741,Roman,Quinn,roman,quinn,quinnro01
2020,PHI,Ranger Suarez,182758,Ranger,Suarez,ranger,suarez,suarera01
2020,PHI,Spencer Howard,155750,Spencer,Howard,spencer,howard,howarsp01
2020,PHI,Blake Parker,149520,Blake,Parker,blake,parker,parkebl01
2020,PHI,Alec Bohm,143290,Alec,Bohm,alec,bohm,bohmal01
2020,PHI,JoJo Romero,130830,JoJo,Romero,jojo,romero,romerjo01
2020,PHI,David Hale,120802,David,Hale,david,hale,haleda01
2020,PHI,Connor Brogdon,93450,Connor,Brogdon,connor,brogdon,brogdco01
2020,PHI,Rafael Marchan,46725,Rafael,Marchan,rafael,marchan,marchra01
2020,PHI,Jake Arrieta,7407407,Jake,Arrieta,jake,arrieta,arrieja01
2020,PHI,David Robertson,4074074,David,Robertson,david,robertson,roberda01
2020,PHI,Jose Alvarez,1092593,Jose,Alvarez,jose,alvarez,alvarjo01
2020,PHI,Rhys Hoskins,224074,Rhys,Hoskins,rhys,hoskins,hoskirh01
2020,PHI,Seranthony Dominguez,211667,Seranthony,Dominguez,seranthony,dominguez,dominse01
2020,PHI,Kyle Garlick,127940,Kyle,Garlick,kyle,garlick,garliky01
2020,PHI,Heath Hembree,99135,Heath,Hembree,heath,hembree,hembrhe01
2020,ATL,Freddie Freeman,8348148,Freddie,Freeman,freddie,freeman,freemfr01
2020,ATL,Marcell Ozuna,6666667,Marcell,Ozuna,marcell,ozuna,ozunama01
2020,ATL,Mark Melancon,5185185,Mark,Melancon,mark,melancon,melanma01
2020,ATL,Will Smith,4814815,Will,Smith,will,smith,smithwi05
2020,ATL,Travis d'Arnaud,2962963,Travis,d'Arnaud,travis,darnaud,darnatr01
2020,ATL,Ender Inciarte,2592593,Ender,Inciarte,ender,inciarte,inciaen01
2020,ATL,Chris Martin,2592593,Chris,Martin,chris,martin,martich01
2020,ATL,Shane Greene,2314815,Shane,Greene,shane,greene,greensh01
2020,ATL,Nick Markakis,1481481,Nick,Markakis,nick,markakis,markani01
2020,ATL,Tyler Flowers,1481481,Tyler,Flowers,tyler,flowers,flowety01
2020,ATL,Adam Duvall,1203704,Adam,Duvall,adam,duvall,duvalad01
2020,ATL,Dansby Swanson,1166667,Dansby,Swanson,dansby,swanson,swansda01
2020,ATL,Darren O'Day,833333,Darren,O'Day,darren,oday,odayda01
2020,ATL,Luke Jackson,675926,Luke,Jackson,luke,jackson,jackslu01
2020,ATL,Adeiny Hechavarria,370370,Adeiny,Hechavarria,adeiny,hechavarria,hechaad01
2020,ATL,Josh Tomlin,370370,Josh,Tomlin,josh,tomlin,tomlijo01
2020,ATL,Ozzie Albies,370370,Ozzie,Albies,ozzie,albies,albieoz01
2020,ATL,Ronald Acuna Jr.,370370,Ronald,Acuna,ronald,acuna,acunaro01
2020,ATL,Grant Dayton,242593,Grant,Dayton,grant,dayton,daytogr01
2020,ATL,Max Fried,216111,Max,Fried,max,fried,friedma01
2020,ATL,A.J. Minter,212963,A.J.,Minter,aj,minter,minteaj01
2020,ATL,Austin Riley,210556,Austin,Riley,austin,riley,rileyau01
2020,ATL,Tyler Matzek,208703,Tyler,Matzek,tyler,matzek,matzety01
2020,ATL,Kyle Wright,152160,Kyle,Wright,kyle,wright,wrighky01
2020,ATL,Ian Anderson,105910,Ian,Anderson,ian,anderson,anderia01
2020,ATL,Bryse Wilson,82654,Bryse,Wilson,bryse,wilson,wilsobr01
2020,ATL,Jacob Webb,62300,Jacob,Webb,jacob,webb,webbja01
2020,ATL,Pablo Sandoval,3115,Pablo,Sandoval,pablo,sandoval,sandopa01
2020,ATL,Cole Hamels,6666667,Cole,Hamels,cole,hamels,hamelco01
2020,ATL,Michael Soroka,216111,Michael,Soroka,michael,soroka,sorokmi01
2020,ATL,Jeremy Walker,212407,Jeremy,Walker,jeremy,walker,walkeje01
2020,ATL,Tommy Milone,160312,Tommy,Milone,tommy,milone,milonto01
2020,NYM,Jacob deGrom,9074074,Jacob,deGrom,jacob,degrom,degroja01
2020,NYM,Robinson Cano,7500000,Robinson,Cano,robinson,cano,canoro01
2020,NYM,Dellin Betances,6411815,Dellin,Betances,dellin,betances,betande01
2020,NYM,Rick Porcello,3703704,Rick,Porcello,rick,porcello,porceri01
2020,NYM,Jeurys Familia,3703704,Jeurys,Familia,jeurys,familia,familje01
2020,NYM,Wilson Ramos,3611926,Wilson,Ramos,wilson,ramos,ramoswi01
2020,NYM,Justin Wilson,1944852,Justin,Wilson,justin,wilson,wilsoju01
2020,NYM,Steven Matz,1888889,Steven,Matz,steven,matz,matzst01
2020,NYM,Edwin Diaz,1888889,Edwin,Diaz,edwin,diaz,diazed01
2020,NYM,Michael Wacha,1666666,Michael,Wacha,michael,wacha,wachami01
2020,NYM,Robinson Chirinos,889994,Robinson,Chirinos,robinson,chirinos,chiriro01
2020,NYM,Brandon Nimmo,805556,Brandon,Nimmo,brandon,nimmo,nimmobr01
2020,NYM,Seth Lugo,740741,Seth,Lugo,seth,lugo,lugose01
2020,NYM,Jeff McNeil,617676,Jeff,McNeil,jeff,mcneil,mcneije01
2020,NYM,Chasen Shreve,555555,Chasen,Shreve,chasen,shreve,shrevch01
2020,NYM,Todd Frazier,541744,Todd,Frazier,todd,frazier,frazito01
2020,NYM,Brad Brach,439815,Brad,Brach,brad,brach,brachbr01
2020,NYM,Jared Hughes,259259,Jared,Hughes,jared,hughes,hugheja01
2020,NYM,Pete Alonso,241674,Pete,Alonso,pete,alonso,alonspe01
2020,NYM,Amed Rosario,225474,Amed,Rosario,amed,rosario,rosaram01
2020,NYM,J.D. Davis,219431,J.D.,Davis,jd,davis,davisjd01
2020,NYM,Dominic Smith,214380,Dominic,Smith,dominic,smith,smithdo02
2020,NYM,David Peterson,193128,David,Peterson,david,peterson,peterda01
2020,NYM,Luis Guillorme,190869,Luis,Guillorme,luis,guillorme,guilllu01
2020,NYM,Miguel Castro,162512,Miguel,Castro,miguel,castro,castrmi01
2020,NYM,Corey Oswalt,130830,Corey,Oswalt,corey,oswalt,oswalco01
2020,NYM,Guillermo Heredia,38696,Guillermo,Heredia,guillermo,heredia,heredgu01
2020,NYM,Ryan Cordell,31790,Ryan,Cordell,ryan,cordell,cordery01
2020,NYM,Marcus Stroman,1061360,Marcus,Stroman,marcus,stroman,stromma01
2020,NYM,Yoenis Cespedes,331675,Yoenis,Cespedes,yoenis,cespedes,cespeyo01
2020,WSH,Max Scherzer,15000000,Max,Scherzer,max,scherzer,scherma01
2020,WSH,Patrick Corbin,7037037,Patrick,Corbin,patrick,corbin,corbipa01
2020,WSH,Anibal Sanchez,3148148,Anibal,Sanchez,anibal,sanchez,sanchan01
2020,WSH,Will Harris,2962963,Will,Harris,will,harris,harriwi01
2020,WSH,Trea Turner,2759259,Trea,Turner,trea,turner,turnetr01
2020,WSH,Kurt Suzuki,2222222,Kurt,Suzuki,kurt,suzuki,suzukku01
2020,WSH,Daniel Hudson,2000000,Daniel,Hudson,daniel,hudson,hudsoda01
2020,WSH,Yan Gomes,1481481,Yan,Gomes,yan,gomes,gomesya01
2020,WSH,Michael A. Taylor,1231481,Michael A.,Taylor,michaela,taylor,taylomi02
2020,WSH,Eric Thames,1111111,Eric,Thames,eric,thames,thameer01
2020,WSH,Asdrubal Cabrera,1110926,Asdrubal,Cabrera,asdrubal,cabrera,cabreas01
2020,WSH,Josh Harrison,348258,Josh,Harrison,josh,harrison,harrijo01
2020,WSH,Juan Soto,233111,Juan,Soto,juan,soto,sotoju01
2020,WSH,Victor Robles,219556,Victor,Robles,victor,robles,roblevi01
2020,WSH,Wander Suero,215630,Wander,Suero,wander,suero,suerowa01
2020,WSH,Austin Voth,210704,Austin,Voth,austin,voth,vothau01
2020,WSH,Kyle Finnegan,208704,Kyle,Finnegan,kyle,finnegan,finneky01
2020,WSH,Erick Fedde,208703,Erick,Fedde,erick,fedde,feddeer01
2020,WSH,Ryne Harper,142650,Ryne,Harper,ryne,harper,harpery01
2020,WSH,Luis Garcia,140175,Luis,Garcia,luis,garcia,garcilu04
2020,WSH,Brock Holt,93450,Brock,Holt,brock,holt,holtbr01
2020,WSH,Kyle McGowin,80990,Kyle,McGowin,kyle,mcgowin,mcgowky01
2020,WSH,Andrew Stevenson,71645,Andrew,Stevenson,andrew,stevenson,stevean01
2020,WSH,Ben Braymer,65415,Ben,Braymer,ben,braymer,braymbe01
2020,WSH,Yadiel Hernandez,49840,Yadiel,Hernandez,yadiel,hernandez,hernaya01
2020,WSH,Jake Noll,43610,Jake,Noll,jake,noll,nollja01
2020,WSH,Wil Crowe,28035,Wil,Crowe,wil,crowe,crowewi01
2020,WSH,Paolo Espino,21805,Paolo,Espino,paolo,espino,espinpa01
2020,WSH,Stephen Strasburg,8730158,Stephen,Strasburg,stephen,strasburg,strasst01
2020,WSH,Adam Eaton,3518519,Adam,Eaton,adam,eaton,eatonad01
2020,WSH,Sean Doolittle,2407407,Sean,Doolittle,sean,doolittle,doolise01
2020,WSH,Starlin Castro,2222222,Starlin,Castro,starlin,castro,castrst01
2020,WSH,Howie Kendrick,1481481,Howie,Kendrick,howie,kendrick,kendrho01
2020,WSH,Roenis Elias,731481,Roenis,Elias,roenis,elias,eliasro01
2020,WSH,Javy Guerra,370370,Javy,Guerra,javy,guerra,guerrja01
2020,WSH,Sam Freeman,212962,Sam,Freeman,sam,freeman,freemsa01
2020,WSH,Tanner Rainey,211926,Tanner,Rainey,tanner,rainey,raineta01
2020,WSH,Carter Kieboom,177954,Carter,Kieboom,carter,kieboom,kieboca01
2020,WSH,Seth Romero,143290,Seth,Romero,seth,romero,romerse01
2020,WSH,Dakota Bacus,140175,Dakota,Bacus,dakota,bacus,bacusda01
2020,WSH,James Bourque,112140,James,Bourque,james,bourque,bourqja01
2020,WSH,Aaron Barrett,40495,Aaron,Barrett,aaron,barrett,barreaa01
2020,MIA,Miguel Rojas,4750000,Miguel,Rojas,miguel,rojas,rojasmi02
2020,MIA,Corey Dickerson,4268518,Corey,Dickerson,corey,dickerson,dickeco01
2020,MIA,Starling Marte,1779988,Starling,Marte,starling,marte,martest01
2020,MIA,Jose Urena,1388889,Jose,Urena,jose,urena,urenajo01
2020,MIA,Brandon Kintzler,1111111,Brandon,Kintzler,brandon,kintzler,kintzbr01
2020,MIA,Jesus Aguilar,953704,Jesus,Aguilar,jesus,aguilar,aguilje01
2020,MIA,Matt Joyce,648556,Matt,Joyce,matt,joyce,joycema01
2020,MIA,Yimi Garcia,407407,Yimi,Garcia,yimi,garcia,garciyi01
2020,MIA,Brad Boxberger,370370,Brad,Boxberger,brad,boxberger,bobebr01
2020,MIA,Nick Vincent,309568,Nick,Vincent,nick,vincent,vinceni01
2020,MIA,Richard Bleier,288309,Richard,Bleier,richard,bleier,bleieri01
2020,MIA,Sandy Alcantara,229630,Sandy,Alcantara,sandy,alcantara,alcansa01
2020,MIA,Brian Anderson,227778,Brian,Anderson,brian,anderson,anderbr06
2020,MIA,Ryne Stanek,223778,Ryne,Stanek,ryne,stanek,stanery01
2020,MIA,Jorge Alfaro,220370,Jorge,Alfaro,jorge,alfaro,alfarjo01
2020,MIA,Jon Berti,220370,Jon,Berti,jon,berti,bertijo01
2020,MIA,Lewis Brinson,214815,Lewis,Brinson,lewis,brinson,brinsle01
2020,MIA,Garrett Cooper,214815,Garrett,Cooper,garrett,cooper,coopega03
2020,MIA,Pablo Lopez,212963,Pablo,Lopez,pablo,lopez,lopezpa01
2020,MIA,Magneuris Sierra,208704,Magneuris,Sierra,magneuris,sierra,sierrma01
2020,MIA,Stephen Tarpley,208704,Stephen,Tarpley,stephen,tarpley,tarplst01
2020,MIA,Chad Wallach,208703,Chad,Wallach,chad,wallach,wallach01
2020,MIA,James Hoyt,195112,James,Hoyt,james,hoyt,hoytja01
2020,MIA,Sixto Sanchez,121485,Sixto,Sanchez,sixto,sanchez,sanchsi01
2020,MIA,Monte Harrison,118370,Monte,Harrison,monte,harrison,harrimo01
2020,MIA,Trevor Rogers,105910,Trevor,Rogers,trevor,rogers,rogertr01
2020,MIA,Daniel Castano,96565,Daniel,Castano,daniel,castano,castada01
2020,MIA,Jazz Chisholm,84105,Jazz,Chisholm,jazz,chisholm,chishja01
2020,MIA,Francisco Cervelli,740741,Francisco,Cervelli,francisco,cervelli,cervefr01
2020,MIA,Harold Ramirez,214815,Harold,Ramirez,harold,ramirez,ramirha02
2020,MIA,Drew Steckenrider,213704,Drew,Steckenrider,drew,steckenrider,steckdr01
2020,MIA,Logan Forsythe,212962,Logan,Forsythe,logan,forsythe,forsylo01
2020,MIA,Elieser Hernandez,211667,Elieser,Hernandez,elieser,hernandez,hernael01
2020,MIA,Jeff Brigham,208704,Jeff,Brigham,jeff,brigham,brighje01
2020,MIA,Jordan Holloway,208703,Jordan,Holloway,jordan,holloway,hollojo01
2020,MIA,Mike Morin,197098,Mike,Morin,mike,morin,morinmi01
2020,MIA,Josh D. Smith,178024,Josh D.,Smith,joshd,smith,smithjo09
2020,MIA,Brian Moran,171325,Brian,Moran,brian,moran,moranbr01
2020,MIA,Pat Venditte,162129,Pat,Venditte,pat,venditte,vendipa01
2020,MIA,Brandon Leibrandt,121485,Brandon,Leibrandt,brandon,leibrandt,leibrbr01
2020,MIA,Isan Diaz,56070,Isan,Diaz,isan,diaz,diazis01
2020,MIL,Ryan Braun,6555555,Ryan,Braun,ryan,braun,braunry01
2020,MIL,Christian Yelich,4629630,Christian,Yelich,christian,yelich,yelicch01
2020,MIL,Avisail Garcia,3092592,Avisail,Garcia,avisail,garcia,garciav01
2020,MIL,Brett Anderson,1999852,Brett,Anderson,brett,anderson,anderbr06
2020,MIL,Corey Knebel,1898148,Corey,Knebel,corey,knebel,knebeco01
2020,MIL,Josh Hader,1518519,Josh,Hader,josh,hader,haderjo01
2020,MIL,Eric Sogard,1481481,Eric,Sogard,eric,sogard,sogarer01
2020,MIL,Freddy Peralta,1387837,Freddy,Peralta,freddy,peralta,peralfr01
2020,MIL,Josh Lindblom,1203519,Josh,Lindblom,josh,lindblom,lindbjo01
2020,MIL,Omar Narvaez,1009259,Omar,Narvaez,omar,narvaez,narvaom01
2020,MIL,Orlando Arcia,814815,Orlando,Arcia,orlando,arcia,arciaor01
2020,MIL,Claudio,648148,Claudio,,claudio,,cl01
2020,MIL,Brent Suter,433333,Brent,Suter,brent,suter,suterbr01
2020,MIL,Jedd Gyorko,370370,Jedd,Gyorko,jedd,gyorko,gyorkje01
2020,MIL,Brandon Woodruff,234481,Brandon,Woodruff,brandon,woodruff,woodrbr01
2020,MIL,Keston Hiura,215593,Keston,Hiura,keston,hiura,hiurake01
2020,MIL,Adrian Houser,215407,Adrian,Houser,adrian,houser,housead01
2020,MIL,Corbin Burnes,211111,Corbin,Burnes,corbin,burnes,burneco01
2020,MIL,Luis Urias,210667,Luis,Urias,luis,urias,uriaslu01
2020,MIL,Devin Williams,209741,Devin,Williams,devin,williams,willide01
2020,MIL,Ray Black,209704,Ray,Black,ray,black,blackra01
2020,MIL,Eric Yardley,208703,Eric,Yardley,eric,yardley,yardler01
2020,MIL,Drew Rasmussen,143290,Drew,Rasmussen,drew,rasmussen,rasmudr01
2020,MIL,Jace Peterson,115255,Jace,Peterson,jace,peterson,peterja01
2020,MIL,Jacob Nottingham,115255,Jacob,Nottingham,jacob,nottingham,nottija01
2020,MIL,Tyrone Taylor,81250,Tyrone,Taylor,tyrone,taylor,tayloty01
2020,MIL,Dan Vogelbach,80275,Dan,Vogelbach,dan,vogelbach,vogelda01
2020,MIL,Justin Topa,56070,Justin,Topa,justin,topa,topaju01
2020,MIL,Lorenzo Cain,5555555,Lorenzo,Cain,lorenzo,cain,cainlo01
2020,MIL,Shelby Miller,370370,Shelby,Miller,shelby,miller,millesh01
2020,CHC,Jon Lester,18055556,Jon,Lester,jon,lester,lestejo01
2020,CHC,Yu Darvish,8148148,Yu,Darvish,yu,darvish,darviyu01
2020,CHC,Jason Heyward,7777778,Jason,Heyward,jason,heyward,heywaja01
2020,CHC,Kris Bryant,6888889,Kris,Bryant,kris,bryant,bryankr01
2020,CHC,Anthony Rizzo,6111111,Anthony,Rizzo,anthony,rizzo,rizzoan01
2020,CHC,Craig Kimbrel,5925926,Craig,Kimbrel,craig,kimbrel,kimbrcr01
2020,CHC,Kyle Hendricks,4444444,Kyle,Hendricks,kyle,hendricks,hendrky01
2020,CHC,Jose Quintana,4259259,Jose,Quintana,jose,quintana,quintjo01
2020,CHC,Javier Baez,3703704,Javier,Baez,javier,baez,baezja01
2020,CHC,Kyle Schwarber,2596296,Kyle,Schwarber,kyle,schwarber,schwaky01
2020,CHC,Willson Contreras,1666667,Willson,Contreras,willson,contreras,contrwi02
2020,CHC,David Bote,950000,David,Bote,david,bote,boteda01
2020,CHC,Andrew Chafin,471324,Andrew,Chafin,andrew,chafin,chafian01
2020,CHC,Jason Kipnis,370370,Jason,Kipnis,jason,kipnis,kipnija01
2020,CHC,Kyle Ryan,361111,Kyle,Ryan,kyle,ryan,ryanky01
2020,CHC,Ryan Tepera,318407,Ryan,Tepera,ryan,tepera,teperry01
2020,CHC,Jeremy Jeffress,314815,Jeremy,Jeffress,jeremy,jeffress,jeffrje01
2020,CHC,Dan Winkler,277778,Dan,Winkler,dan,winkler,winklda01
2020,CHC,Cameron Maybin,232176,Cameron,Maybin,cameron,maybin,maybica01
2020,CHC,Ian Happ,231111,Ian,Happ,ian,happ,happia01
2020,CHC,Victor Caratini,219259,Victor,Caratini,victor,caratini,caratvi01
2020,CHC,Alec Mills,210926,Alec,Mills,alec,mills,millsal01
2020,CHC,Duane Underwood,209259,Duane,Underwood,duane,underwood,underdu01
2020,CHC,Nico Hoerner,209259,Nico,Hoerner,nico,hoerner,hoernni01
2020,CHC,Billy Hamilton,110558,Billy,Hamilton,billy,hamilton,hamilbi02
2020,CHC,Jason Adam,109025,Jason,Adam,jason,adam,adamja01
2020,CHC,Adbert Alzolay,37380,Adbert,Alzolay,adbert,alzolay,alzolad01
2020,CHC,Brailyn Marquez,3115,Brailyn,Marquez,brailyn,marquez,marqubr01
2020,CHC,Tyler Chatwood,4814815,Tyler,Chatwood,tyler,chatwood,chatwty01
2020,CHC,Daniel Descalso,925926,Daniel,Descalso,daniel,descalso,descada01
2020,CHC,Rowan Wick,211667,Rowan,Wick,rowan,wick,wickro01
2020,CHC,Brad Wieck,211667,Brad,Wieck,brad,wieck,wieckbr01
2020,CHC,James Norwood,208740,James,Norwood,james,norwood,norwoja01
2020,CHC,Ildemaro Vargas,66465,Ildemaro,Vargas,ildemaro,vargas,vargail01
2020,CHC,Manuel Rodriguez,9345,Manuel,Rodriguez,manuel,rodriguez,rodrima01
2020,STL,Paul Goldschmidt,12148148,Paul,Goldschmidt,paul,goldschmidt,goldspa01
2020,STL,Yadier Molina,7407407,Yadier,Molina,yadier,molina,molinya01
2020,STL,Dexter Fowler,7370370,Dexter,Fowler,dexter,fowler,fowlede01
2020,STL,Matt Carpenter,6851852,Matt,Carpenter,matt,carpenter,carpema01
2020,STL,Andrew Miller,4296259,Andrew,Miller,andrew,miller,millean01
2020,STL,Kolten Wong,3796296,Kolten,Wong,kolten,wong,wongko01
2020,STL,Adam Wainwright,2962963,Adam,Wainwright,adam,wainwright,wainwad01
2020,STL,Kwang-hyun Kim,1481481,Kwang-hyun,Kim,kwanghyun,kim,kimkw01
2020,STL,Matt Wieters,740741,Matt,Wieters,matt,wieters,wietema01
2020,STL,Brad Miller,740741,Brad,Miller,brad,miller,millebr01
2020,STL,Paul DeJong,555556,Paul,DeJong,paul,dejong,dejonpa01
2020,STL,Jack Flaherty,223889,Jack,Flaherty,jack,flaherty,flaheja01
2020,STL,Harrison Bader,218556,Harrison,Bader,harrison,bader,baderha01
2020,STL,Giovanny Gallegos,215704,Giovanny,Gallegos,giovanny,gallegos,gallegi01
2020,STL,Tommy Edman,215481,Tommy,Edman,tommy,edman,edmanto01
2020,STL,Tyler Webb,213259,Tyler,Webb,tyler,webb,webbty01
2020,STL,Tyler O'Neill,212370,Tyler,O'Neill,tyler,oneill,oneilty01
2020,STL,Austin Gomber,211111,Austin,Gomber,austin,gomber,gombeau01
2020,STL,Ryan Helsley,210741,Ryan,Helsley,ryan,helsley,helslry01
2020,STL,Rangel Ravelo,209630,Rangel,Ravelo,rangel,ravelo,ravelra01
2020,STL,Austin Dean,208703,Austin,Dean,austin,dean,deanau01
2020,STL,Kodi Whitley,208703,Kodi,Whitley,kodi,whitley,whitlko01
2020,STL,Jake Woodford,186900,Jake,Woodford,jake,woodford,woodfja01
2020,STL,Alex Reyes,171666,Alex,Reyes,alex,reyes,reyesal01
2020,STL,Genesis Cabrera,168210,Genesis,Cabrera,genesis,cabrera,cabrege01
2020,STL,Dylan Carlson,140175,Dylan,Carlson,dylan,carlson,carlsdy01
2020,STL,Seth Elledge,121485,Seth,Elledge,seth,elledge,elledse01
2020,STL,Johan Oviedo,102795,Johan,Oviedo,johan,oviedo,oviedjo01
2020,STL,Miles Mikolas,5833333,Miles,Mikolas,miles,mikolas,mikolmi01
2020,STL,Carlos Martinez,4259259,Carlos,Martinez,carlos,martinez,martica01
2020,STL,John Gant,481481,John,Gant,john,gant,gantjo01
2020,STL,John Brebbia,217630,John,Brebbia,john,brebbia,brebbjo01
2020,STL,Dakota Hudson,215000,Dakota,Hudson,dakota,hudson,hudsoda01
2020,STL,Ricardo Sanchez,137060,Ricardo,Sanchez,ricardo,sanchez,sanchri01
2020,CIN,Joey Votto,9259259,Joey,Votto,joey,votto,vottojo01
2020,CIN,Trevor Bauer,6481481,Trevor,Bauer,trevor,bauer,bauertr01
2020,CIN,Nick Castellanos,5925926,Nick,Castellanos,nick,castellanos,casteni01
2020,CIN,Mike Moustakas,4444444,Mike,Moustakas,mike,moustakas,moustmi01
2020,CIN,Sonny Gray,3999963,Sonny,Gray,sonny,gray,grayso01
2020,CIN,Raisel Iglesias,3333333,Raisel,Iglesias,raisel,iglesias,iglesra01
2020,CIN,Eugenio Suarez,2592593,Eugenio,Suarez,eugenio,suarez,suareeu01
2020,CIN,Wade Miley,2222222,Wade,Miley,wade,miley,mileywa01
2020,CIN,Shogo Akiyama,2222222,Shogo,Akiyama,shogo,akiyama,akiyash01
2020,CIN,Anthony DeSclafani,2212963,Anthony,DeSclafani,anthony,desclafani,desclan01
2020,CIN,Freddy Galvis,2037037,Freddy,Galvis,freddy,galvis,galvifr01
2020,CIN,Michael Lorenzen,1379630,Michael,Lorenzen,michael,lorenzen,lorenmi01
2020,CIN,Tucker Barnhart,1296296,Tucker,Barnhart,tucker,barnhart,barnhtu01
2020,CIN,Curt Casali,541667,Curt,Casali,curt,casali,casalcu01
2020,CIN,Archie Bradley,534592,Archie,Bradley,archie,bradley,bradlar01
2020,CIN,Brian Goodwin,340519,Brian,Goodwin,brian,goodwin,goodwbr01
2020,CIN,Luis Castillo,245741,Luis,Castillo,luis,castillo,castilu01
2020,CIN,Tyler Mahle,225849,Tyler,Mahle,tyler,mahle,mahlety01
2020,CIN,Jesse Winker,224074,Jesse,Winker,jesse,winker,winkeje01
2020,CIN,Amir Garrett,220370,Amir,Garrett,amir,garrett,garream01
2020,CIN,Robert Stephenson,219259,Robert,Stephenson,robert,stephenson,stephro01
2020,CIN,Lucas Sims,213889,Lucas,Sims,lucas,sims,simslu01
2020,CIN,Kyle Farmer,211481,Kyle,Farmer,kyle,farmer,farmeky01
2020,CIN,Nick Senzel,211111,Nick,Senzel,nick,senzel,senzeni01
2020,CIN,Tejay Antone,196245,Tejay,Antone,tejay,antone,antonte01
2020,CIN,Aristides Aquino,124600,Aristides,Aquino,aristides,aquino,aquinar01
2020,CIN,Sal Romano,47678,Sal,Romano,sal,romano,romansa01
2020,CIN,Matt Bowman,320370,Matt,Bowman,matt,bowman,bowmama01
2020,CIN,Tyler Thornburg,143034,Tyler,Thornburg,tyler,thornburg,thornty01
2020,CIN,Jesse Biddle,108070,Jesse,Biddle,jesse,biddle,biddlje01
2020,CIN,Jose De Leon,87220,Jose De,Leon,josede,leon,leonjo01
2020,PIT,Gregory Polanco,2962962,Gregory,Polanco,gregory,polanco,polangr01
2020,PIT,Josh Bell,1777778,Josh,Bell,josh,bell,belljo02
2020,PIT,Trevor Williams,1046296,Trevor,Williams,trevor,williams,willitr01
2020,PIT,Joe Musgrove,1037037,Joe,Musgrove,joe,musgrove,musgrjo01
2020,PIT,Adam Frazier,1037037,Adam,Frazier,adam,frazier,fraziad01
2020,PIT,Derek Holland,370370,Derek,Holland,derek,holland,hollade01
2020,PIT,J.T. Riddle,314815,J.T.,Riddle,jt,riddle,riddljt01
2020,PIT,Chad Kuhl,311111,Chad,Kuhl,chad,kuhl,kuhlch01
2020,PIT,Erik Gonzalez,268519,Erik,Gonzalez,erik,gonzalez,gonzaer01
2020,PIT,Richard Rodriguez,234630,Richard,Rodriguez,richard,rodriguez,rodriri01
2020,PIT,Colin Moran,219815,Colin,Moran,colin,moran,moranco01
2020,PIT,Steven Brault,218704,Steven,Brault,steven,brault,braulst01
2020,PIT,Bryan Reynolds,218333,Bryan,Reynolds,bryan,reynolds,reynobr01
2020,PIT,Chris Stratton,217963,Chris,Stratton,chris,stratton,stratch01
2020,PIT,Mitch Keller,213889,Mitch,Keller,mitch,keller,kellemi01
2020,PIT,John Ryan Murphy,212962,John Ryan,Murphy,johnryan,murphy,murphjo01
2020,PIT,Dovydas Neverauskas,211852,Dovydas,Neverauskas,dovydas,neverauskas,neverdo01
2020,PIT,Nik Turley,208703,Nik,Turley,nik,turley,turleni01
2020,PIT,JT Brubaker,208703,JT,Brubaker,jt,brubaker,brubajt01
2020,PIT,Geoff Hartlieb,193130,Geoff,Hartlieb,geoff,hartlieb,hartlge01
2020,PIT,Sam Howard,177555,Sam,Howard,sam,howard,howarsa01
2020,PIT,Jose Osuna,159691,Jose,Osuna,jose,osuna,osunajo01
2020,PIT,Nick Tropeano,114444,Nick,Tropeano,nick,tropeano,tropeni01
2020,PIT,Ke'Bryan Hayes,84105,Ke'Bryan,Hayes,kebryan,hayes,hayeske01
2020,PIT,Austin Davis,52955,Austin,Davis,austin,davis,davisau01
2020,PIT,Blake Cederlind,40495,Blake,Cederlind,blake,cederlind,cederbl01
2020,PIT,Jared Oliva,21805,Jared,Oliva,jared,oliva,olivaja01
2020,PIT,Andrew Susac,3178,Andrew,Susac,andrew,susac,susacan01
2020,PIT,Chris Archer,3333333,Chris,Archer,chris,archer,archech01
2020,PIT,Keone Kela,1379630,Keone,Kela,keone,kela,kelake01
2020,PIT,Jameson Taillon,833333,Jameson,Taillon,jameson,taillon,taillja01
2020,PIT,Michael Feliz,407407,Michael,Feliz,michael,feliz,felizmi01
2020,PIT,Luke Maile,333333,Luke,Maile,luke,maile,mailelu01
2020,PIT,Kyle Crick,218519,Kyle,Crick,kyle,crick,crickky01
2020,PIT,Kevin Newman,218148,Kevin,Newman,kevin,newman,newmake01
2020,PIT,Jacob Stallings,217222,Jacob,Stallings,jacob,stallings,stallja01
2020,PIT,Clay Holmes,214630,Clay,Holmes,clay,holmes,holmecl01
2020,PIT,Cole Tucker,213889,Cole,Tucker,cole,tucker,tuckeco01
2020,PIT,Nick Burdi,212778,Nick,Burdi,nick,burdi,burdini01
2020,PIT,Kevin Kramer,211296,Kevin,Kramer,kevin,kramer,krameke01
2020,PIT,Phillip Evans,208703,Phillip,Evans,phillip,evans,evansph01
2020,PIT,Yacksel Rios,178024,Yacksel,Rios,yacksel,rios,riosya01
2020,PIT,Tyler Bashlor,127715,Tyler,Bashlor,tyler,bashlor,bashlty01
2020,PIT,Anthony Alford,84591,Anthony,Alford,anthony,alford,alforan01
2020,PIT,Jason Martin,74760,Jason,Martin,jason,martin,martija01
2020,LAD,Mookie Betts,27000000,Mookie,Betts,mookie,betts,bettsmo01
2020,LAD,Clayton Kershaw,8641975,Clayton,Kershaw,clayton,kershaw,kershcl01
2020,LAD,Justin Turner,7037037,Justin,Turner,justin,turner,turneju01
2020,LAD,Kenley Jansen,6666667,Kenley,Jansen,kenley,jansen,janseke01
2020,LAD,Max Muncy,4870370,Max,Muncy,max,muncy,muncyma01
2020,LAD,A.J. Pollock,4444444,A.J.,Pollock,aj,pollock,polloaj01
2020,LAD,Cody Bellinger,4259259,Cody,Bellinger,cody,bellinger,bellico01
2020,LAD,Blake Treinen,3703704,Blake,Treinen,blake,treinen,treinbl01
2020,LAD,Joe Kelly,3148148,Joe,Kelly,joe,kelly,kellyjo01
2020,LAD,Joc Pederson,2870370,Joc,Pederson,joc,pederson,pederjo01
2020,LAD,Corey Seager,2814815,Corey,Seager,corey,seager,seageco01
2020,LAD,Enrique Hernandez,2185185,Enrique,Hernandez,enrique,hernandez,hernaen02
2020,LAD,Chris Taylor,2074074,Chris,Taylor,chris,taylor,tayloch03
2020,LAD,Alex Wood,1481481,Alex,Wood,alex,wood,woodal01
2020,LAD,Pedro Baez,1481481,Pedro,Baez,pedro,baez,baezpe01
2020,LAD,Tony Gonsolin,566000,Tony,Gonsolin,tony,gonsolin,gonsoto01
2020,LAD,Austin Barnes,407407,Austin,Barnes,austin,barnes,barneau01
2020,LAD,Julio Urias,370370,Julio,Urias,julio,urias,uriasju01
2020,LAD,Walker Buehler,223519,Walker,Buehler,walker,buehler,buehlwa01
2020,LAD,Dylan Floro,219815,Dylan,Floro,dylan,floro,florody01
2020,LAD,Dustin May,212407,Dustin,May,dustin,may,maydu01
2020,LAD,Will Smith,212407,Will,Smith,will,smith,smithwi05
2020,LAD,Edwin Rios,209630,Edwin,Rios,edwin,rios,riosed01
2020,LAD,Brusdar Graterol,209630,Brusdar,Graterol,brusdar,graterol,gratebr01
2020,LAD,Jake McGee,208703,Jake,McGee,jake,mcgee,mcgeeja01
2020,LAD,Adam Kolarek,190334,Adam,Kolarek,adam,kolarek,kolarad01
2020,LAD,Victor Gonzalez,143290,Victor,Gonzalez,victor,gonzalez,gonzavi01
2020,LAD,Gavin Lux,96999,Gavin,Lux,gavin,lux,luga01
2020,LAD,Jimmy Nelson,277778,Jimmy,Nelson,jimmy,nelson,nelsoji01
2020,LAD,Caleb Ferguson,216111,Caleb,Ferguson,caleb,ferguson,ferguca01
2020,SD,Manny Machado,11111111,Manny,Machado,manny,machado,machama01
2020,SD,Eric Hosmer,7407407,Eric,Hosmer,eric,hosmer,hosmeer01
2020,SD,Wil Myers,7407407,Wil,Myers,wil,myers,myerswi01
2020,SD,Garrett Richards,3889148,Garrett,Richards,garrett,richards,richaga01
2020,SD,Drew Pomeranz,3481481,Drew,Pomeranz,drew,pomeranz,pomerdr01
2020,SD,Tommy Pham,2925926,Tommy,Pham,tommy,pham,phamto01
2020,SD,Jurickson Profar,2111111,Jurickson,Profar,jurickson,profar,profaju01
2020,SD,Zach Davies,1944444,Zach,Davies,zach,davies,davieza01
2020,SD,Craig Stammen,1666481,Craig,Stammen,craig,stammen,stammcr01
2020,SD,Jason Castro,1098114,Jason,Castro,jason,castro,castrja01
2020,SD,Pierce Johnson,925741,Pierce,Johnson,pierce,johnson,johnspi01
2020,SD,Trevor Rosenthal,740741,Trevor,Rosenthal,trevor,rosenthal,rosentr01
2020,SD,Mike Clevinger,634592,Mike,Clevinger,mike,clevinger,clevimi01
2020,SD,Greg Garcia,555556,Greg,Garcia,greg,garcia,garcigr01
2020,SD,Matt Strahm,518519,Matt,Strahm,matt,strahm,strahma01
2020,SD,Dinelson Lamet,481481,Dinelson,Lamet,dinelson,lamet,lametdi01
2020,SD,Mitch Moreland,400780,Mitch,Moreland,mitch,moreland,morelmi01
2020,SD,Fernando Tatis Jr.,219185,Fernando,Tatis,fernando,tatis,tatisfe02
2020,SD,Emilio Pagan,218889,Emilio,Pagan,emilio,pagan,paganem01
2020,SD,Chris Paddack,217963,Chris,Paddack,chris,paddack,paddach01
2020,SD,Tim Hill,216944,Tim,Hill,tim,hill,hillti01
2020,SD,Trent Grisham,209926,Trent,Grisham,trent,grisham,grishtr01
2020,SD,Jorge Mateo,208704,Jorge,Mateo,jorge,mateo,mateojo01
2020,SD,Jake Cronenworth,208704,Jake,Cronenworth,jake,cronenworth,croneja01
2020,SD,Adrian Morejon,127715,Adrian,Morejon,adrian,morejon,morejad01
2020,SD,Dan Altavilla,91930,Dan,Altavilla,dan,altavilla,altavda01
2020,SD,Austin Adams,91524,Austin,Adams,austin,adams,adamsau01
2020,SD,Austin Nola,91495,Austin,Nola,austin,nola,nolaau01
2020,SD,Kirby Yates,2615741,Kirby,Yates,kirby,yates,yateski01
2020,SD,Trey Wingenter,211593,Trey,Wingenter,trey,wingenter,wingetr01
2020,SD,Jose Castillo,211037,Jose,Castillo,jose,castillo,castijo01
2020,SD,Javier Guerra,209185,Javier,Guerra,javier,guerra,guerrja01
2020,SD,Anderson Espinoza,208704,Anderson,Espinoza,anderson,espinoza,espinan01
2020,SD,Luis Campusano,74760,Luis,Campusano,luis,campusano,campulu01
2020,ARI,Nick Ahmed,3222222,Nick,Ahmed,nick,ahmed,ahmedni01
2020,ARI,Eduardo Escobar,2592593,Eduardo,Escobar,eduardo,escobar,escobed01
2020,ARI,David Peralta,2592593,David,Peralta,david,peralta,peralda01
2020,ARI,Madison Bumgarner,2222222,Madison,Bumgarner,madison,bumgarner,bumgama01
2020,ARI,Kole Calhoun,2222222,Kole,Calhoun,kole,calhoun,calhoko01
2020,ARI,Ketel Marte,1481481,Ketel,Marte,ketel,marte,marteke01
2020,ARI,Junior Guerra,975926,Junior,Guerra,junior,guerra,guerrju01
2020,ARI,Stephen Vogt,925926,Stephen,Vogt,stephen,vogt,vogtst01
2020,ARI,Hector Rondon,925926,Hector,Rondon,hector,rondon,rondohe01
2020,ARI,Jon Jay,655556,Jon,Jay,jon,jay,jayjo01
2020,ARI,Luke Weaver,221111,Luke,Weaver,luke,weaver,weavelu01
2020,ARI,Christian Walker,218333,Christian,Walker,christian,walker,walkech02
2020,ARI,Silvino Bracho,216333,Silvino,Bracho,silvino,bracho,brachsi01
2020,ARI,Carson Kelly,215444,Carson,Kelly,carson,kelly,kellyca02
2020,ARI,Stefan Crichton,213889,Stefan,Crichton,stefan,crichton,crichst01
2020,ARI,Alex Young,212963,Alex,Young,alex,young,youngal01
2020,ARI,Zac Gallen,212963,Zac,Gallen,zac,gallen,galleza01
2020,ARI,Tim Locastro,212741,Tim,Locastro,tim,locastro,locasti01
2020,ARI,Taylor Clarke,208704,Taylor,Clarke,taylor,clarke,clarkta01
2020,ARI,Taylor Widener,208703,Taylor,Widener,taylor,widener,widenta01
2020,ARI,Daulton Varsho,183783,Daulton,Varsho,daulton,varsho,varshda01
2020,ARI,Yoan Lopez,182172,Yoan,Lopez,yoan,lopez,lopezyo01
2020,ARI,Riley Smith,109025,Riley,Smith,riley,smith,smithri01
2020,ARI,Caleb Smith,90776,Caleb,Smith,caleb,smith,smithca07
2020,ARI,Keury Mella,84105,Keury,Mella,keury,mella,mellake01
2020,ARI,Wyatt Mathisen,68530,Wyatt,Mathisen,wyatt,mathisen,mathiwy01
2020,ARI,Josh VanMeter,59717,Josh,VanMeter,josh,vanmeter,vanmejo01
2020,ARI,Pavin Smith,56070,Pavin,Smith,pavin,smith,smithpa04
2020,ARI,Merrill Kelly,1111111,Merrill,Kelly,merrill,kelly,kellyme01
2020,ARI,Corbin Martin,209519,Corbin,Martin,corbin,martin,martico01
2020,ARI,Jeremy Beasley,152635,Jeremy,Beasley,jeremy,beasley,beaslje01
2020,ARI,Josh Rojas,116328,Josh,Rojas,josh,rojas,rojasjo03
2020,SF,Johnny Cueto,8777778,Johnny,Cueto,johnny,cueto,cuetojo01
2020,SF,Brandon Belt,5925925,Brandon,Belt,brandon,belt,beltbr01
2020,SF,Brandon Crawford,5555555,Brandon,Crawford,brandon,crawford,crawfbr01
2020,SF,Evan Longoria,5552890,Evan,Longoria,evan,longoria,longoev01
2020,SF,Kevin Gausman,3333333,Kevin,Gausman,kevin,gausman,gausmke01
2020,SF,Tony Watson,2592592,Tony,Watson,tony,watson,watsoto01
2020,SF,Drew Smyly,1574481,Drew,Smyly,drew,smyly,smylydr01
2020,SF,Wilmer Flores,1111111,Wilmer,Flores,wilmer,flores,florewi01
2020,SF,Tyler Anderson,972407,Tyler,Anderson,tyler,anderson,anderty01
2020,SF,Trevor Cahill,740740,Trevor,Cahill,trevor,cahill,cahiltr01
2020,SF,Donovan Solano,509259,Donovan,Solano,donovan,solano,solando01
2020,SF,Daniel Robertson,379629,Daniel,Robertson,daniel,robertson,roberda01
2020,SF,Alex Dickerson,342593,Alex,Dickerson,alex,dickerson,dickeal01
2020,SF,Wandy Peralta,298148,Wandy,Peralta,wandy,peralta,peralwa01
2020,SF,Darin Ruf,296296,Darin,Ruf,darin,ruf,rufda01
2020,SF,Jarlin Garcia,217963,Jarlin,Garcia,jarlin,garcia,garcija01
2020,SF,Austin Slater,213333,Austin,Slater,austin,slater,slateau01
2020,SF,Mike Yastrzemski,211019,Mike,Yastrzemski,mike,yastrzemski,yastrmi01
2020,SF,Mauricio Dubon,209861,Mauricio,Dubon,mauricio,dubon,dubonma01
2020,SF,Logan Webb,209861,Logan,Webb,logan,webb,webblo01
2020,SF,Tyler Rogers,209167,Tyler,Rogers,tyler,rogers,rogerty01
2020,SF,Caleb Baragar,208703,Caleb,Baragar,caleb,baragar,baragca01
2020,SF,Sam Selman,183785,Sam,Selman,sam,selman,selmasa01
2020,SF,Shaun Anderson,137060,Shaun,Anderson,shaun,anderson,andersh01
2020,SF,Joey Bart,121485,Joey,Bart,joey,bart,bartjo01
2020,SF,Tyler Heineman,105910,Tyler,Heineman,tyler,heineman,heinety01
2020,SF,Steven Duggar,87220,Steven,Duggar,steven,duggar,duggast01
2020,SF,Rico Garcia,84105,Rico,Garcia,rico,garcia,garciri01
2020,SF,Trevor Gott,217963,Trevor,Gott,trevor,gott,gotttr01
2020,SF,Reyes Moronta,217963,Reyes,Moronta,reyes,moronta,moronre01
2020,SF,Tyler Beede,211019,Tyler,Beede,tyler,beede,beedety01
2020,SF,Aramis Garcia,209861,Aramis,Garcia,aramis,garcia,garciar01
2020,SF,Sam Coonrod,209861,Sam,Coonrod,sam,coonrod,coonrsa01
2020,SF,Chadwick Tromp,193128,Chadwick,Tromp,chadwick,tromp,trompch01
2020,SF,Joey Rickard,102795,Joey,Rickard,joey,rickard,rickajo01
2020,SF,Luis Alexander Basabe,65415,Luis Alexander,Basabe,luisalexander,basabe,basablu01
2020,COL,Charlie Blackmon,21000000,Charlie,Blackmon,charlie,blackmon,blackch02
2020,COL,Trevor Story,4962963,Trevor,Story,trevor,story,storytr01
2020,COL,Daniel Murphy,2962963,Daniel,Murphy,daniel,murphy,murphda01
2020,COL,German Marquez,1666667,German,Marquez,german,marquez,marquge01
2020,COL,Kyle Freeland,1064815,Kyle,Freeland,kyle,freeland,freelky01
2020,COL,Tony Wolters,703704,Tony,Wolters,tony,wolters,wolteto01
2020,COL,Kevin Pillar,657832,Kevin,Pillar,kevin,pillar,pillake01
2020,COL,Mychal Givens,517012,Mychal,Givens,mychal,givens,givenmy01
2020,COL,Carlos Estevez,400000,Carlos,Estevez,carlos,estevez,estevca01
2020,COL,Matt Kemp,370370,Matt,Kemp,matt,kemp,kempma01
2020,COL,Drew Butera,370370,Drew,Butera,drew,butera,buterdr01
2020,COL,Elias Diaz,212962,Elias,Diaz,elias,diaz,diazel01
2020,COL,Jairo Diaz,212407,Jairo,Diaz,jairo,diaz,diazja01
2020,COL,Antonio Senzatela,212407,Antonio,Senzatela,antonio,senzatela,senzaan01
2020,COL,Raimel Tapia,212407,Raimel,Tapia,raimel,tapia,tapiara01
2020,COL,Ryan McMahon,212407,Ryan,McMahon,ryan,mcmahon,mcmahry01
2020,COL,Jeff Hoffman,210556,Jeff,Hoffman,jeff,hoffman,hoffmje01
2020,COL,Garrett Hampson,210556,Garrett,Hampson,garrett,hampson,hampsga01
2020,COL,Tyler Kinley,210556,Tyler,Kinley,tyler,kinley,kinlety01
2020,COL,Yency Almonte,209444,Yency,Almonte,yency,almonte,almonye01
2020,COL,Daniel Bard,208703,Daniel,Bard,daniel,bard,bardda01
2020,COL,Sam Hilliard,196938,Sam,Hilliard,sam,hilliard,hillisa01
2020,COL,Josh Fuentes,168804,Josh,Fuentes,josh,fuentes,fuentjo01
2020,COL,Ryan Castellani,161980,Ryan,Castellani,ryan,castellani,castery01
2020,COL,Ashton Goudeau,143290,Ashton,Goudeau,ashton,goudeau,goudeas01
2020,COL,A.J. Ramos,28606,A.J.,Ramos,aj,ramos,ramosaj01
2020,COL,Jose Mujica,24920,Jose,Mujica,jose,mujica,mujicjo01
2020,COL,Tommy Doyle,15575,Tommy,Doyle,tommy,doyle,doyleto01
2020,COL,Nolan Arenado,12987963,Nolan,Arenado,nolan,arenado,arenano01
2020,COL,Jon Gray,2074074,Jon,Gray,jon,gray,grayjo01
2020,COL,David Dahl,916667,David,Dahl,david,dahl,dahlda01
2020,COL,Scott Oberg,740741,Scott,Oberg,scott,oberg,obergsc01
2020,COL,Chris Owings,208703,Chris,Owings,chris,owings,owingch01
2020,COL,Joe Harvey,177555,Joe,Harvey,joe,harvey,harvejo01
2020,COL,Brendan Rodgers,125040,Brendan,Rodgers,brendan,rodgers,rodgebr02
2019,NYY,Giancarlo Stanton,26000000,Giancarlo,Stanton,giancarlo,stanton,stantgi01
2019,NYY,Masahiro Tanaka,22000000,Masahiro,Tanaka,masahiro,tanaka,tanakma01
2019,NYY,J.A. Happ,17000000,J.A.,Happ,ja,happ,happja01
2019,NYY,Edwin Encarnacion,15000000,Edwin,Encarnacion,edwin,encarnacion,encared01
2019,NYY,Aroldis Chapman,15000000,Aroldis,Chapman,aroldis,chapman,chapmar01
2019,NYY,Zack Britton,13000000,Zack,Britton,zack,britton,brittza01
2019,NYY,D.J. LeMahieu,12000000,D.J.,LeMahieu,dj,lemahieu,lemahdj01
2019,NYY,Didi Gregorius,11750000,Didi,Gregorius,didi,gregorius,gregodi01
2019,NYY,James Paxton,8575000,James,Paxton,james,paxton,patoja01
2019,NYY,CC Sabathia,8000000,CC,Sabathia,cc,sabathia,sabatcc01
2019,NYY,Adam Ottavino,8000000,Adam,Ottavino,adam,ottavino,ottavad01
2019,NYY,Brett Gardner,7500000,Brett,Gardner,brett,gardner,gardnbr01
2019,NYY,Austin Romine,1800000,Austin,Romine,austin,romine,rominau01
2019,NYY,Tommy Kahnle,1387500,Tommy,Kahnle,tommy,kahnle,kahnlto01
2019,NYY,Aaron Judge,684300,Aaron,Judge,aaron,judge,judgeaa01
2019,NYY,Gary Sanchez,669800,Gary,Sanchez,gary,sanchez,sanchga02
2019,NYY,Gleyber Torres,605200,Gleyber,Torres,gleyber,torres,torregl01
2019,NYY,Jordan Montgomery,596600,Jordan,Montgomery,jordan,montgomery,montgjo01
2019,NYY,Luis Cessa,578975,Luis,Cessa,luis,cessa,cessalu01
2019,NYY,Luke Voit,573200,Luke,Voit,luke,voit,voitlu01
2019,NYY,Ben Heller,555000,Ben,Heller,ben,heller,hellebe01
2019,NYY,Chad Green,540792,Chad,Green,chad,green,greench01
2019,NYY,Giovanny Urshela,528168,Giovanny,Urshela,giovanny,urshela,urshegi01
2019,NYY,Cameron Maybin,471472,Cameron,Maybin,cameron,maybin,maybica01
2019,NYY,Jonathan Loaisiga,443058,Jonathan,Loaisiga,jonathan,loaisiga,loaisjo01
2019,NYY,Nestor Cortes,364048,Nestor,Cortes,nestor,cortes,cortene01
2019,NYY,Clint Frazier,320968,Clint,Frazier,clint,frazier,frazicl01
2019,NYY,Stephen Tarpley,296604,Stephen,Tarpley,stephen,tarpley,tarplst01
2019,NYY,Thairo Estrada,292432,Thairo,Estrada,thairo,estrada,estrath01
2019,NYY,Cory Gearrin,278499,Cory,Gearrin,cory,gearrin,gearrco01
2019,NYY,Tyler Wade,261375,Tyler,Wade,tyler,wade,wadety01
2019,NYY,Mike Ford,238720,Mike,Ford,mike,ford,fordmi01
2019,NYY,Kyle Higashioka,154326,Kyle,Higashioka,kyle,higashioka,higasky01
2019,NYY,Chance Adams,149650,Chance,Adams,chance,adams,adamsch01
2019,NYY,Tyler Lyons,86536,Tyler,Lyons,tyler,lyons,lyonsty01
2019,NYY,Michael King,32824,Michael,King,michael,king,kingmi01
2019,NYY,Jacoby Ellsbury,21142857,Jacoby,Ellsbury,jacoby,ellsbury,ellsbja01
2019,NYY,Aaron Hicks,8000000,Aaron,Hicks,aaron,hicks,hicksaa01
2019,NYY,Dellin Betances,7250000,Dellin,Betances,dellin,betances,betande01
2019,NYY,Luis Severino,6000000,Luis,Severino,luis,severino,severlu01
2019,NYY,Greg Bird,1200000,Greg,Bird,greg,bird,birdgr01
2019,NYY,Miguel Andujar,617600,Miguel,Andujar,miguel,andujar,andujmi01
2019,NYY,Jonathan Holder,580300,Jonathan,Holder,jonathan,holder,holdejo01
2019,NYY,Mike Tauchman,557000,Mike,Tauchman,mike,tauchman,tauchmi01
2019,NYY,Jake Barrett,555000,Jake,Barrett,jake,barrett,barreja01
2019,BAL,Chris Davis,17000000,Chris,Davis,chris,davis,davisch01
2019,BAL,Mark Trumbo,13500000,Mark,Trumbo,mark,trumbo,trumbma01
2019,BAL,Jonathan Villar,4825000,Jonathan,Villar,jonathan,villar,villajo01
2019,BAL,Dylan Bundy,2800000,Dylan,Bundy,dylan,bundy,bundydy01
2019,BAL,Mychal Givens,2150000,Mychal,Givens,mychal,givens,givenmy01
2019,BAL,Hanser Alberto,578000,Hanser,Alberto,hanser,alberto,alberha01
2019,BAL,Trey Mancini,575500,Trey,Mancini,trey,mancini,mancitr01
2019,BAL,Richard Bleier,572500,Richard,Bleier,richard,bleier,bleieri01
2019,BAL,Miguel Castro,569000,Miguel,Castro,miguel,castro,castrmi01
2019,BAL,Pedro Severino,563500,Pedro,Severino,pedro,severino,severpe01
2019,BAL,Renato Nunez,562000,Renato,Nunez,renato,nunez,nunezre01
2019,BAL,John Means,555500,John,Means,john,means,meansjo01
2019,BAL,Dillon Tate,555000,Dillon,Tate,dillon,tate,tatedi01
2019,BAL,Richie Martin,555000,Richie,Martin,richie,martin,martiri01
2019,BAL,Paul Fry,543905,Paul,Fry,paul,fry,frypa01
2019,BAL,Rio Ruiz,513513,Rio,Ruiz,rio,ruiz,ruizri01
2019,BAL,Gabriel Ynoa,483408,Gabriel,Ynoa,gabriel,ynoa,ynoaga01
2019,BAL,Steve Wilkerson,471472,Steve,Wilkerson,steve,wilkerson,wilkest01
2019,BAL,Shawn Armstrong,465930,Shawn,Armstrong,shawn,armstrong,armstsh01
2019,BAL,Dwight Smith Jr.,445628,Dwight,Smith,dwight,smith,smithdw01
2019,BAL,David Hess,366630,David,Hess,david,hess,hessda01
2019,BAL,Chance Sisco,355096,Chance,Sisco,chance,sisco,siscoch01
2019,BAL,Anthony Santander,346144,Anthony,Santander,anthony,santander,santaan02
2019,BAL,D.J. Stewart,307352,D.J.,Stewart,dj,stewart,stewadj01
2019,BAL,Branden Kline,280496,Branden,Kline,branden,kline,klinebr01
2019,BAL,Asher Wojciechowski,268560,Asher,Wojciechowski,asher,wojciechowski,wojcias01
2019,BAL,Austin Wynns,252000,Austin,Wynns,austin,wynns,wynnsau01
2019,BAL,Aaron Brooks,249913,Aaron,Brooks,aaron,brooks,brookaa01
2019,BAL,Evan Phillips,211864,Evan,Phillips,evan,phillips,phillev01
2019,BAL,Tanner Scott,190976,Tanner,Scott,tanner,scott,scottta01
2019,BAL,Hunter Harvey,131296,Hunter,Harvey,hunter,harvey,harvehu01
2019,BAL,Ryan Eades,128312,Ryan,Eades,ryan,eades,eadesry01
2019,BAL,Tayler Scott,95488,Tayler,Scott,tayler,scott,scottta01
2019,BAL,Mason Williams,80568,Mason,Williams,mason,williams,willima01
2019,BAL,Austin Hays,68632,Austin,Hays,austin,hays,haysau01
2019,BAL,Eric Hanhold,35808,Eric,Hanhold,eric,hanhold,hanhoer01
2019,BAL,Alex Cobb,9500000,Alex,Cobb,alex,cobb,cobbal01
2019,BAL,Josh Rogers,555000,Josh,Rogers,josh,rogers,rogerjo01
2019,BOS,David Price,31000000,David,Price,david,price,priceda01
2019,BOS,J.D. Martinez,23750000,J.D.,Martinez,jd,martinez,martijd02
2019,BOS,Rick Porcello,21000000,Rick,Porcello,rick,porcello,porceri01
2019,BOS,Mookie Betts,20100000,Mookie,Betts,mookie,betts,bettsmo01
2019,BOS,Nathan Eovaldi,17000000,Nathan,Eovaldi,nathan,eovaldi,eovalna01
2019,BOS,Xander Bogaerts,12000000,Xander,Bogaerts,xander,bogaerts,bogaea01
2019,BOS,Jackie Bradley Jr.,8550000,Jackie,Bradley,jackie,bradley,bradlja01
2019,BOS,Mitch Moreland,6500000,Mitch,Moreland,mitch,moreland,morelmi01
2019,BOS,Andrew Cashner,4577000,Andrew,Cashner,andrew,cashner,cashnan01
2019,BOS,Eduardo Rodriguez,4325000,Eduardo,Rodriguez,eduardo,rodriguez,rodried01
2019,BOS,Brock Holt,3575000,Brock,Holt,brock,holt,holtbr01
2019,BOS,Christian Vazquez,2850000,Christian,Vazquez,christian,vazquez,vazquch01
2019,BOS,Sandy Leon,2475000,Sandy,Leon,sandy,leon,leonsa01
2019,BOS,Matt Barnes,1600000,Matt,Barnes,matt,barnes,barnema01
2019,BOS,Heath Hembree,1312500,Heath,Hembree,heath,hembree,hembrhe01
2019,BOS,Brandon Workman,1150000,Brandon,Workman,brandon,workman,workmbr01
2019,BOS,Andrew Benintendi,717500,Andrew,Benintendi,andrew,benintendi,beninan01
2019,BOS,Rafael Devers,614500,Rafael,Devers,rafael,devers,deverra01
2019,BOS,Brian Johnson,575000,Brian,Johnson,brian,johnson,johnsbr01
2019,BOS,Marcus Walden,555000,Marcus,Walden,marcus,walden,waldema01
2019,BOS,Hector Velazquez,511379,Hector,Velazquez,hector,velazquez,velazhe01
2019,BOS,Ryan Brasier,501242,Ryan,Brasier,ryan,brasier,brasiry01
2019,BOS,Marco Hernandez,486800,Marco,Hernandez,marco,hernandez,hernama01
2019,BOS,Colten Brewer,470073,Colten,Brewer,colten,brewer,breweco01
2019,BOS,Josh Taylor,459089,Josh,Taylor,josh,taylor,taylojo01
2019,BOS,Sam Travis,360060,Sam,Travis,sam,travis,travisa01
2019,BOS,Ryan Weber,317204,Ryan,Weber,ryan,weber,weberry01
2019,BOS,Josh D. Smith,296272,Josh D.,Smith,joshd,smith,smithjo09
2019,BOS,Darwinzon Hernandez,261785,Darwinzon,Hernandez,darwinzon,hernandez,hernada01
2019,BOS,Michael Shawaryn,188895,Michael,Shawaryn,michael,shawaryn,shawami01
2019,BOS,Travis Lakins,182316,Travis,Lakins,travis,lakins,lakintr01
2019,BOS,Bobby Poyner,170331,Bobby,Poyner,bobby,poyner,poynebo01
2019,BOS,Gorkys Hernandez,155914,Gorkys,Hernandez,gorkys,hernandez,hernago01
2019,BOS,Chris Owings,149194,Chris,Owings,chris,owings,owingch01
2019,BOS,Trevor Kelley,98648,Trevor,Kelley,trevor,kelley,kelletr01
2019,BOS,Juan Centeno,88091,Juan,Centeno,juan,centeno,centeju01
2019,BOS,Jhoulys Chacin,86536,Jhoulys,Chacin,jhoulys,chacin,chacijh01
2019,BOS,Chris Sale,15000000,Chris,Sale,chris,sale,salech01
2019,BOS,Dustin Pedroia,12500000,Dustin,Pedroia,dustin,pedroia,pedrodu01
2019,BOS,Steven Pearce,6250000,Steven,Pearce,steven,pearce,pearcst01
2019,BOS,Michael Chavis,491713,Michael,Chavis,michael,chavis,chavimi01
2019,TB,Charlie Morton,15000000,Charlie,Morton,charlie,morton,mortoch01
2019,TB,Kevin Kiermaier,8000000,Kevin,Kiermaier,kevin,kiermaier,kiermke01
2019,TB,Avisail Garcia,4500000,Avisail,Garcia,avisail,garcia,garciav01
2019,TB,Mike Zunino,4447500,Mike,Zunino,mike,zunino,zuninmi01
2019,TB,Tommy Pham,4100000,Tommy,Pham,tommy,pham,phamto01
2019,TB,Blake Snell,4000000,Blake,Snell,blake,snell,snellbl01
2019,TB,Matt Duffy,2675000,Matt,Duffy,matt,duffy,duffyma01
2019,TB,Chaz Roe,1275000,Chaz,Roe,chaz,roe,roech01
2019,TB,Brandon Lowe,1000000,Brandon,Lowe,brandon,lowe,lowebr01
2019,TB,Ji-Man Choi,850000,Ji-Man,Choi,jiman,choi,choiji01
2019,TB,Guillermo Heredia,782000,Guillermo,Heredia,guillermo,heredia,heredgu01
2019,TB,Joey Wendle,570400,Joey,Wendle,joey,wendle,wendljo01
2019,TB,Tyler Glasnow,566700,Tyler,Glasnow,tyler,glasnow,glasnty01
2019,TB,Willy Adames,562400,Willy,Adames,willy,adames,adamewi01
2019,TB,Yonny Chirinos,561800,Yonny,Chirinos,yonny,chirinos,chiriyo01
2019,TB,Diego Castillo,561500,Diego,Castillo,diego,castillo,castidi02
2019,TB,Yandy Diaz,558400,Yandy,Diaz,yandy,diaz,diazya02
2019,TB,Austin Meadows,557400,Austin,Meadows,austin,meadows,meadoau01
2019,TB,Jalen Beeks,502656,Jalen,Beeks,jalen,beeks,beeksja01
2019,TB,Emilio Pagan,492360,Emilio,Pagan,emilio,pagan,paganem01
2019,TB,Anthony Banda,446106,Anthony,Banda,anthony,banda,bandaan01
2019,TB,Ryan Yarbrough,442234,Ryan,Yarbrough,ryan,yarbrough,yarbrry01
2019,TB,Travis d'Arnaud,438648,Travis,d'Arnaud,travis,darnaud,darnatr01
2019,TB,Oliver Drake,386588,Oliver,Drake,oliver,drake,drakeol01
2019,TB,Daniel Robertson,367920,Daniel,Robertson,daniel,robertson,roberda01
2019,TB,Jose De Leon,351000,Jose De,Leon,josede,leon,leonjo01
2019,TB,Colin Poche,340176,Colin,Poche,colin,poche,pocheco01
2019,TB,Michael Perez,314265,Michael,Perez,michael,perez,perezmi03
2019,TB,Andrew Kittredge,310336,Andrew,Kittredge,andrew,kittredge,kittran01
2019,TB,Michael Brosseau,253640,Michael,Brosseau,michael,brosseau,brossmi01
2019,TB,Nate Lowe,205896,Nate,Lowe,nate,lowe,lowena01
2019,TB,Jesus Aguilar,205620,Jesus,Aguilar,jesus,aguilar,aguilje01
2019,TB,Eric Sogard,190976,Eric,Sogard,eric,sogard,sogarer01
2019,TB,Austin Pruitt,187992,Austin,Pruitt,austin,pruitt,pruitau01
2019,TB,Nick Anderson,179040,Nick,Anderson,nick,anderson,anderni01
2019,TB,Brendan McKay,173072,Brendan,McKay,brendan,mckay,mckaybr01
2019,TB,Trevor Richards,131795,Trevor,Richards,trevor,richards,richatr01
2019,TB,Pete Fairbanks,92504,Pete,Fairbanks,pete,fairbanks,fairbpe01
2019,TB,Johnny Davis,56696,Johnny,Davis,johnny,davis,davisjo05
2019,TB,Jose Alvarado,555000,Jose,Alvarado,jose,alvarado,alvarjo01
2019,TB,Hoby Milner,555000,Hoby,Milner,hoby,milner,milneho01
2019,TOR,Randal Grichuk,12000000,Randal,Grichuk,randal,grichuk,grichra01
2019,TOR,Justin Smoak,8000000,Justin,Smoak,justin,smoak,smoakju01
2019,TOR,Ken Giles,6300000,Ken,Giles,ken,giles,gileske01
2019,TOR,Clay Buchholz,3000000,Clay,Buchholz,clay,buchholz,buchhcl01
2019,TOR,Ryan Tepera,1525000,Ryan,Tepera,ryan,tepera,teperry01
2019,TOR,Brandon Drury,1300000,Brandon,Drury,brandon,drury,drurybr01
2019,TOR,Sam Gaviglio,579500,Sam,Gaviglio,sam,gaviglio,gavigsa01
2019,TOR,Luke Maile,579000,Luke,Maile,luke,maile,mailelu01
2019,TOR,Danny Jansen,558700,Danny,Jansen,danny,jansen,janseda01
2019,TOR,Trent Thornton,555000,Trent,Thornton,trent,thornton,thorntr01
2019,TOR,Elvis Luciano,555000,Elvis,Luciano,elvis,luciano,luciael01
2019,TOR,Teoscar Hernandez,516426,Teoscar,Hernandez,teoscar,hernandez,hernate01
2019,TOR,Rowdy Tellez,468488,Rowdy,Tellez,rowdy,tellez,tellero01
2019,TOR,Vladimir Guerrero Jr.,468488,Vladimir,Guerrero,vladimir,guerrero,guerrvl02
2019,TOR,Derek Law,447600,Derek,Law,derek,law,lawde01
2019,TOR,Billy McKinney,403072,Billy,McKinney,billy,mckinney,mckinbi01
2019,TOR,Cavan Biggio,384936,Cavan,Biggio,cavan,biggio,biggica01
2019,TOR,Jacob Waguespack,343160,Jacob,Waguespack,jacob,waguespack,wagueja01
2019,TOR,Thomas Pannone,298089,Thomas,Pannone,thomas,pannone,pannoth01
2019,TOR,Justin Shafer,253640,Justin,Shafer,justin,shafer,shafeju01
2019,TOR,Jonathan Davis,244688,Jonathan,Davis,jonathan,davis,davisjo05
2019,TOR,Wilmer Font,219949,Wilmer,Font,wilmer,font,fontwi01
2019,TOR,Reese McGuire,193960,Reese,McGuire,reese,mcguire,mcguire01
2019,TOR,Bo Bichette,187992,Bo,Bichette,bo,bichette,bichebo01
2019,TOR,Buddy Boshers,182024,Buddy,Boshers,buddy,boshers,boshebu01
2019,TOR,Richard Urena,181320,Richard,Urena,richard,urena,urenari01
2019,TOR,Derek Fisher,180480,Derek,Fisher,derek,fisher,fishede01
2019,TOR,Jason Adam,152184,Jason,Adam,jason,adam,adamja01
2019,TOR,Jordan Romano,146216,Jordan,Romano,jordan,romano,romanjo01
2019,TOR,Brock Stewart,97216,Brock,Stewart,brock,stewart,stewabr01
2019,TOR,Anthony Alford,86536,Anthony,Alford,anthony,alford,alforan01
2019,TOR,T.J. Zeuch,80568,T.J.,Zeuch,tj,zeuch,zeuchtj01
2019,TOR,Anthony Kay,68632,Anthony,Kay,anthony,kay,kayan01
2019,TOR,Ryan Dull,32368,Ryan,Dull,ryan,dull,dullry01
2019,TOR,Breyvic Valera,29840,Breyvic,Valera,breyvic,valera,valerbr01
2019,TOR,Yennsy Diaz,17904,Yennsy,Diaz,yennsy,diaz,diazye01
2019,TOR,Matt Shoemaker,3500000,Matt,Shoemaker,matt,shoemaker,shoemma01
2019,TOR,Devon Travis,1950000,Devon,Travis,devon,travis,travide01
2019,TOR,Lourdes Gurriel Jr.,1500000,Lourdes,Gurriel,lourdes,gurriel,gurrilo01
2019,TOR,Tim Mayza,568300,Tim,Mayza,tim,mayza,mayzati01
2019,TOR,Ryan Borucki,565200,Ryan,Borucki,ryan,borucki,borucry01
2019,CLE,Carlos Santana,15000000,Carlos,Santana,carlos,santana,santaca01
2019,CLE,Jason Kipnis,14500000,Jason,Kipnis,jason,kipnis,kipnija01
2019,CLE,Francisco Lindor,10550000,Francisco,Lindor,francisco,lindor,lindofr01
2019,CLE,Carlos Carrasco,9750000,Carlos,Carrasco,carlos,carrasco,carraca01
2019,CLE,Brad Hand,6500000,Brad,Hand,brad,hand,handbr01
2019,CLE,Jose Ramirez,3750000,Jose,Ramirez,jose,ramirez,ramirjo01
2019,CLE,Yasiel Puig,3129032,Yasiel,Puig,yasiel,puig,puigya01
2019,CLE,Oliver Perez,2500000,Oliver,Perez,oliver,perez,perezol01
2019,CLE,Roberto Perez,2500000,Roberto,Perez,roberto,perez,perezro01
2019,CLE,Tyler Clippard,1500000,Tyler,Clippard,tyler,clippard,clippty01
2019,CLE,Dan Otero,1300000,Dan,Otero,dan,otero,oteroda01
2019,CLE,Kevin Plawecki,1137500,Kevin,Plawecki,kevin,plawecki,plaweke01
2019,CLE,Mike Clevinger,592200,Mike,Clevinger,mike,clevinger,clevimi01
2019,CLE,Adam Cimber,563800,Adam,Cimber,adam,cimber,cimbead01
2019,CLE,Shane Bieber,559600,Shane,Bieber,shane,bieber,biebesh01
2019,CLE,Nick Wittgren,519216,Nick,Wittgren,nick,wittgren,wittgni01
2019,CLE,Jordan Luplow,518985,Jordan,Luplow,jordan,luplow,luplojo01
2019,CLE,Bradley Zimmer,518924,Bradley,Zimmer,bradley,zimmer,zimmebr01
2019,CLE,Mike Freeman,498328,Mike,Freeman,mike,freeman,freemmi01
2019,CLE,Jake Bauers,470028,Jake,Bauers,jake,bauers,bauerja01
2019,CLE,Jefry Rodriguez,444616,Jefry,Rodriguez,jefry,rodriguez,rodrije01
2019,CLE,Nick Goody,424593,Nick,Goody,nick,goody,goodyni01
2019,CLE,Oscar Mercado,417760,Oscar,Mercado,oscar,mercado,mercaos01
2019,CLE,Greg Allen,370599,Greg,Allen,greg,allen,allengr01
2019,CLE,Adam Plutko,361064,Adam,Plutko,adam,plutko,plutkad01
2019,CLE,Zach Plesac,343160,Zach,Plesac,zach,plesac,plesaza01
2019,CLE,Franmil Reyes,184032,Franmil,Reyes,franmil,reyes,reyesfr01
2019,CLE,Aaron Civale,173072,Aaron,Civale,aaron,civale,civalaa01
2019,CLE,Hunter Wood,170088,Hunter,Wood,hunter,wood,woodhu01
2019,CLE,Ryan Flaherty,155904,Ryan,Flaherty,ryan,flaherty,flahery01
2019,CLE,Phil Maton,151300,Phil,Maton,phil,maton,matonph01
2019,CLE,Yu-Cheng Chang,113392,Yu-Cheng,Chang,yucheng,chang,changyu01
2019,CLE,Eric Haase,95488,Eric,Haase,eric,haase,haaseer01
2019,CLE,James Hoyt,86536,James,Hoyt,james,hoyt,hoytja01
2019,CLE,James Karinchak,50728,James,Karinchak,james,karinchak,karinja01
2019,CLE,Andrew Velazquez,38792,Andrew,Velazquez,andrew,velazquez,velazan01
2019,CLE,Danny Salazar,4500000,Danny,Salazar,danny,salazar,salazda01
2019,CLE,Cody Anderson,641250,Cody,Anderson,cody,anderson,anderco01
2019,CLE,Tyler Naquin,574800,Tyler,Naquin,tyler,naquin,naquity01
2019,CLE,Tyler Olson,560900,Tyler,Olson,tyler,olson,olsonty01
2019,CLE,A.J. Cole,555000,A.J.,Cole,aj,cole,coleaj01
2019,CLE,Christian Arroyo,190976,Christian,Arroyo,christian,arroyo,arroych01
2019,DET,Miguel Cabrera,30000000,Miguel,Cabrera,miguel,cabrera,cabremi01
2019,DET,Jordan Zimmermann,25000000,Jordan,Zimmermann,jordan,zimmermann,zimmejo01
2019,DET,Jordy Mercer,5250000,Jordy,Mercer,jordy,mercer,mercejo01
2019,DET,Matt Boyd,2600000,Matt,Boyd,matt,boyd,boydma01
2019,DET,Daniel Norris,1275000,Daniel,Norris,daniel,norris,norrida01
2019,DET,Gordon Beckham,700000,Gordon,Beckham,gordon,beckham,beckhgo01
2019,DET,Buck Farmer,570800,Buck,Farmer,buck,farmer,farmebu01
2019,DET,Joe Jimenez,569200,Joe,Jimenez,joe,jimenez,jimenjo01
2019,DET,Spencer Turnbull,556100,Spencer,Turnbull,spencer,turnbull,turnbsp01
2019,DET,Grayson Greiner,528528,Grayson,Greiner,grayson,greiner,greingr01
2019,DET,Christin Stewart,523425,Christin,Stewart,christin,stewart,stewach01
2019,DET,Brandon Dixon,492360,Brandon,Dixon,brandon,dixon,dionbr01
2019,DET,Victor Alcantara,429858,Victor,Alcantara,victor,alcantara,alcanvi01
2019,DET,Nick Ramirez,426712,Nick,Ramirez,nick,ramirez,ramirni01
2019,DET,Harold Castro,390904,Harold,Castro,harold,castro,castrha01
2019,DET,Ronny Rodriguez,378968,Ronny,Rodriguez,ronny,rodriguez,rodriro01
2019,DET,Drew VerHagen,320355,Drew,VerHagen,drew,verhagen,verhadr01
2019,DET,Gregory Soto,313320,Gregory,Soto,gregory,soto,sotogr01
2019,DET,Dawel Lugo,283480,Dawel,Lugo,dawel,lugo,lugoda01
2019,DET,Jose Cisnero,250656,Jose,Cisnero,jose,cisnero,cisnejo01
2019,DET,Victor Reyes,250656,Victor,Reyes,victor,reyes,reyesvi01
2019,DET,Zac Reininger,217832,Zac,Reininger,zac,reininger,reiniza01
2019,DET,Jake Rogers,185008,Jake,Rogers,jake,rogers,rogerja03
2019,DET,Travis Demeritte,179040,Travis,Demeritte,travis,demeritte,demertr01
2019,DET,Tyler Alexander,173072,Tyler,Alexander,tyler,alexander,aleaty01
2019,DET,Matt Hall,164120,Matt,Hall,matt,hall,hallma01
2019,DET,Edwin Jackson,158152,Edwin,Jackson,edwin,jackson,jacksed01
2019,DET,David McKay,140248,David,McKay,david,mckay,mckayda01
2019,DET,Willi Castro,110408,Willi,Castro,willi,castro,castrwi01
2019,DET,John Schreiber,104440,John,Schreiber,john,schreiber,schrejo01
2019,DET,Bryan Garcia,86536,Bryan,Garcia,bryan,garcia,garcibr01
2019,DET,Eduardo Jimenez,56696,Eduardo,Jimenez,eduardo,jimenez,jimened01
2019,DET,Tyson Ross,6000000,Tyson,Ross,tyson,ross,rossty01
2019,DET,Michael Fulmer,2800000,Michael,Fulmer,michael,fulmer,fulmemi01
2019,DET,Matt Moore,2500000,Matt,Moore,matt,moore,moorema01
2019,DET,Blaine Hardy,1300000,Blaine,Hardy,blaine,hardy,hardybl01
2019,DET,Niko Goodrum,670500,Niko,Goodrum,niko,goodrum,goodrni01
2019,DET,Jacoby Jones,567100,Jacoby,Jones,jacoby,jones,jonesja08
2019,DET,Daniel Stumpf,566600,Daniel,Stumpf,daniel,stumpf,stumpda01
2019,DET,Jeimer Candelario,555000,Jeimer,Candelario,jeimer,candelario,candeje01
2019,KC,Alex Gordon,20000000,Alex,Gordon,alex,gordon,gordoal01
2019,KC,Danny Duffy,15250000,Danny,Duffy,danny,duffy,duffyda01
2019,KC,Jorge Soler,4000000,Jorge,Soler,jorge,soler,solerjo01
2019,KC,Whit Merrifield,1000000,Whit,Merrifield,whit,merrifield,merriwh01
2019,KC,Mike Montgomery,996989,Mike,Montgomery,mike,montgomery,montgmi01
2019,KC,Jesse Hahn,800000,Jesse,Hahn,jesse,hahn,hahnje01
2019,KC,Scott Barlow,650000,Scott,Barlow,scott,barlow,barlosc01
2019,KC,Jake Junis,578250,Jake,Junis,jake,junis,junisja01
2019,KC,Brad Keller,578175,Brad,Keller,brad,keller,kellebr01
2019,KC,Adalberto Mondesi,576000,Adalberto,Mondesi,adalberto,mondesi,mondead01
2019,KC,Hunter Dozier,567225,Hunter,Dozier,hunter,dozier,doziehu01
2019,KC,Jorge Lopez,562250,Jorge,Lopez,jorge,lopez,lopezjo01
2019,KC,Cheslor Cuthbert,557540,Cheslor,Cuthbert,cheslor,cuthbert,cuthbch01
2019,KC,Cam Gallagher,557125,Cam,Gallagher,cam,gallagher,gallaca01
2019,KC,Glenn Sparkman,480424,Glenn,Sparkman,glenn,sparkman,sparkgl01
2019,KC,Kevin McCarthy,447696,Kevin,McCarthy,kevin,mccarthy,mccarke01
2019,KC,Ryan O'Hearn,428714,Ryan,O'Hearn,ryan,ohearn,ohearry01
2019,KC,Nicky Lopez,414776,Nicky,Lopez,nicky,lopez,lopezni01
2019,KC,Eric Skoglund,397150,Eric,Skoglund,eric,skoglund,skogler01
2019,KC,Tim Hill,339020,Tim,Hill,tim,hill,hillti01
2019,KC,Jake Newberry,313320,Jake,Newberry,jake,newberry,newbeja01
2019,KC,Humberto Arteaga,259608,Humberto,Arteaga,humberto,arteaga,arteahu01
2019,KC,Bubba Starling,238720,Bubba,Starling,bubba,starling,starlbu01
2019,KC,Meibrys Viloria,226784,Meibrys,Viloria,meibrys,viloria,vilorme01
2019,KC,Josh Staumont,214848,Josh,Staumont,josh,staumont,staumjo01
2019,KC,Kyle Zimmer,185008,Kyle,Zimmer,kyle,zimmer,zimmeky01
2019,KC,Nick Dini,158152,Nick,Dini,nick,dini,dinini01
2019,KC,Heath Fillmyer,149200,Heath,Fillmyer,heath,fillmyer,fillmhe01
2019,KC,Jacob Barnes,146496,Jacob,Barnes,jacob,barnes,barneja01
2019,KC,Brett Phillips,134280,Brett,Phillips,brett,phillips,phillbr01
2019,KC,Gabe Speier,80568,Gabe,Speier,gabe,speier,speiega01
2019,KC,Erick Mejia,80568,Erick,Mejia,erick,mejia,mejiaer01
2019,KC,Ryan McBroom,80568,Ryan,McBroom,ryan,mcbroom,mcbrory01
2019,KC,Randy Rosario,54576,Randy,Rosario,randy,rosario,rosarra01
2019,KC,Salvador Perez,10000000,Salvador,Perez,salvador,perez,perezsa02
2019,KC,Trevor Oaks,555350,Trevor,Oaks,trevor,oaks,oakstr01
2019,KC,Kelvin Gutierrez,555000,Kelvin,Gutierrez,kelvin,gutierrez,gutieke01
2019,MIN,Nelson Cruz,14000000,Nelson,Cruz,nelson,cruz,cruzne01
2019,MIN,Marwin Gonzalez,12000000,Marwin,Gonzalez,marwin,gonzalez,gonzama01
2019,MIN,Jake Odorizzi,9500000,Jake,Odorizzi,jake,odorizzi,odorija01
2019,MIN,Kyle Gibson,8125000,Kyle,Gibson,kyle,gibson,gibsoky01
2019,MIN,Jason Castro,8000000,Jason,Castro,jason,castro,castrja01
2019,MIN,Jonathan Schoop,7500000,Jonathan,Schoop,jonathan,schoop,schoojo01
2019,MIN,Max Kepler,6000000,Max,Kepler,max,kepler,keplema01
2019,MIN,C.J. Cron,4800000,C.J.,Cron,cj,cron,croncj01
2019,MIN,Eddie Rosario,4190000,Eddie,Rosario,eddie,rosario,rosared01
2019,MIN,Jorge Polanco,3583333,Jorge,Polanco,jorge,polanco,polanjo01
2019,MIN,Martin Perez,3500000,Martin,Perez,martin,perez,perezma01
2019,MIN,Miguel Sano,2650000,Miguel,Sano,miguel,sano,sanomi01
2019,MIN,Sam Dyson,1639802,Sam,Dyson,sam,dyson,dysonsa01
2019,MIN,Taylor Rogers,1525000,Taylor,Rogers,taylor,rogers,rogerta01
2019,MIN,Ehire Adrianza,1300000,Ehire,Adrianza,ehire,adrianza,adriaeh01
2019,MIN,Trevor May,900000,Trevor,May,trevor,may,maytr01
2019,MIN,Sergio Romo,873665,Sergio,Romo,sergio,romo,romose01
2019,MIN,Ronald Torreyes,800000,Ronald,Torreyes,ronald,torreyes,torrero01
2019,MIN,Jose Berrios,620000,Jose,Berrios,jose,berrios,berrijo01
2019,MIN,Mitch Garver,575000,Mitch,Garver,mitch,garver,garvemi01
2019,MIN,Jorge Alcala,555000,Jorge,Alcala,jorge,alcala,alcaljo01
2019,MIN,Willians Astudillo,526925,Willians,Astudillo,willians,astudillo,astudwi01
2019,MIN,Ryne Harper,525184,Ryne,Harper,ryne,harper,harpery01
2019,MIN,Tyler Duffey,447600,Tyler,Duffey,tyler,duffey,duffety01
2019,MIN,Jake Cave,397062,Jake,Cave,jake,cave,caveja01
2019,MIN,Luis Arraez,361064,Luis,Arraez,luis,arraez,arraelu01
2019,MIN,LaMonte Wade Jr.,262592,LaMonte,Wade,lamonte,wade,wadela01
2019,MIN,Trevor Hildenberger,233928,Trevor,Hildenberger,trevor,hildenberger,hildetr01
2019,MIN,Lewis Thorpe,202912,Lewis,Thorpe,lewis,thorpe,thorple01
2019,MIN,Devin Smeltzer,170088,Devin,Smeltzer,devin,smeltzer,smeltde01
2019,MIN,Cody Stashak,170088,Cody,Stashak,cody,stashak,stashco01
2019,MIN,Fernando Romero,143232,Fernando,Romero,fernando,romero,romerfe01
2019,MIN,Kohl Stewart,125328,Kohl,Stewart,kohl,stewart,stewako01
2019,MIN,Randy Dobnak,125328,Randy,Dobnak,randy,dobnak,dobnara01
2019,MIN,Ian Miller,86536,Ian,Miller,ian,miller,milleia01
2019,MIN,Brusdar Graterol,86536,Brusdar,Graterol,brusdar,graterol,gratebr01
2019,MIN,Ryan LaMarre,65648,Ryan,LaMarre,ryan,lamarre,lamarry01
2019,MIN,Byron Buxton,1750000,Byron,Buxton,byron,buxton,butoby01
2019,MIN,Sean Poppen,555000,Sean,Poppen,sean,poppen,poppese01
2019,CHW,Jose Abreu,16015000,Jose,Abreu,jose,abreu,abreujo01
2019,CHW,Ivan Nova,8500000,Ivan,Nova,ivan,nova,novaiv01
2019,CHW,Kelvin Herrera,8500000,Kelvin,Herrera,kelvin,herrera,herreke01
2019,CHW,Alex Colome,7325000,Alex,Colome,alex,colome,colomal01
2019,CHW,Welington Castillo,7250000,Welington,Castillo,welington,castillo,castiwe01
2019,CHW,Eloy Jimenez,6000000,Eloy,Jimenez,eloy,jimenez,jimenel02
2019,CHW,Yolmer Sanchez,4625000,Yolmer,Sanchez,yolmer,sanchez,sanchyo01
2019,CHW,James McCann,2500000,James,McCann,james,mccann,mccanja02
2019,CHW,Leury Garcia,1550000,Leury,Garcia,leury,garcia,garcile01
2019,CHW,Tim Anderson,1400000,Tim,Anderson,tim,anderson,anderti01
2019,CHW,Reynaldo Lopez,580000,Reynaldo,Lopez,reynaldo,lopez,lopezre01
2019,CHW,Yoan Moncada,575000,Yoan,Moncada,yoan,moncada,moncayo01
2019,CHW,Jace Fry,569000,Jace,Fry,jace,fry,fryja01
2019,CHW,Manny Banuelos,559000,Manny,Banuelos,manny,banuelos,banuema01
2019,CHW,Josh Osich,510264,Josh,Osich,josh,osich,osichjo01
2019,CHW,Ryan Cordell,492360,Ryan,Cordell,ryan,cordell,cordery01
2019,CHW,Aaron Bummer,462520,Aaron,Bummer,aaron,bummer,bummeaa01
2019,CHW,Evan Marshall,453568,Evan,Marshall,evan,marshall,marshev01
2019,CHW,Jose Ruiz,420744,Jose,Ruiz,jose,ruiz,ruizjo01
2019,CHW,Ryan Goins,393150,Ryan,Goins,ryan,goins,goinsry01
2019,CHW,Adam Engel,343840,Adam,Engel,adam,engel,engelad01
2019,CHW,Carson Fulmer,286464,Carson,Fulmer,carson,fulmer,fulmeca01
2019,CHW,Ross Detwiler,280496,Ross,Detwiler,ross,detwiler,detwiro01
2019,CHW,Dylan Cease,265576,Dylan,Cease,dylan,cease,ceasedy01
2019,CHW,Jimmy Cordero,214848,Jimmy,Cordero,jimmy,cordero,cordeji01
2019,CHW,Matt Skole,176056,Matt,Skole,matt,skole,skolema01
2019,CHW,Daniel Palka,173736,Daniel,Palka,daniel,palka,palkada01
2019,CHW,Hector Santiago,164120,Hector,Santiago,hector,santiago,santihe01
2019,CHW,Zack Collins,164120,Zack,Collins,zack,collins,colliza01
2019,CHW,Danny Mendick,80568,Danny,Mendick,danny,mendick,mendida01
2019,CHW,Carlos Rodon,4200000,Carlos,Rodon,carlos,rodon,rodonca01
2019,CHW,Jon Jay,4000000,Jon,Jay,jon,jay,jayjo01
2019,CHW,Lucas Giolito,573000,Lucas,Giolito,lucas,giolito,giolilu01
2019,CHW,Dylan Covey,571000,Dylan,Covey,dylan,covey,coveydy01
2019,CHW,Ryan Burr,556000,Ryan,Burr,ryan,burr,burrry01
2019,CHW,Michael Kopech,555000,Michael,Kopech,michael,kopech,kopecmi01
2019,HOU,Justin Verlander,28075000,Justin,Verlander,justin,verlander,verlaju01
2019,HOU,Michael Brantley,17000000,Michael,Brantley,michael,brantley,brantmi02
2019,HOU,Jose Altuve,16500000,Jose,Altuve,jose,altuve,altuvjo01
2019,HOU,Gerrit Cole,13500000,Gerrit,Cole,gerrit,cole,colege01
2019,HOU,Josh Reddick,13000000,Josh,Reddick,josh,reddick,reddijo01
2019,HOU,George Springer,12000000,George,Springer,george,springer,springe01
2019,HOU,Yulieski Gurriel,10000000,Yulieski,Gurriel,yulieski,gurriel,gurriyu01
2019,HOU,Joe Smith,8000000,Joe,Smith,joe,smith,smithjo09
2019,HOU,Roberto Osuna,6500000,Roberto,Osuna,roberto,osuna,osunaro01
2019,HOU,Robinson Chirinos,5750000,Robinson,Chirinos,robinson,chirinos,chiriro01
2019,HOU,Wade Miley,5000000,Wade,Miley,wade,miley,mileywa01
2019,HOU,Carlos Correa,5000000,Carlos,Correa,carlos,correa,correca01
2019,HOU,Zack Greinke,4537634,Zack,Greinke,zack,greinke,greinza01
2019,HOU,Hector Rondon,4500000,Hector,Rondon,hector,rondon,rondohe01
2019,HOU,Will Harris,4225000,Will,Harris,will,harris,harriwi01
2019,HOU,Brad Peacock,3110000,Brad,Peacock,brad,peacock,peacobr01
2019,HOU,Ryan Pressly,2900000,Ryan,Pressly,ryan,pressly,pressry01
2019,HOU,Jake Marisnick,2212500,Jake,Marisnick,jake,marisnick,marisja01
2019,HOU,Aledmys Diaz,2000000,Aledmys,Diaz,aledmys,diaz,diazal01
2019,HOU,Chris Devenski,1525000,Chris,Devenski,chris,devenski,devench01
2019,HOU,Martin Maldonado,806452,Martin,Maldonado,martin,maldonado,maldoma01
2019,HOU,Alex Bregman,640500,Alex,Bregman,alex,bregman,bregmal01
2019,HOU,Josh James,566800,Josh,James,josh,james,jamesjo01
2019,HOU,Yordan Alvarez,337192,Yordan,Alvarez,yordan,alvarez,alvaryo01
2019,HOU,Joseph Biagini,290323,Joseph,Biagini,joseph,biagini,biagijo01
2019,HOU,Cy Sneed,202912,Cy,Sneed,cy,sneed,sneedcy01
2019,HOU,Garrett Stubbs,179040,Garrett,Stubbs,garrett,stubbs,stubbga01
2019,HOU,Jose Urquidy,152184,Jose,Urquidy,jose,urquidy,urquijo01
2019,HOU,Framber Valdez,124886,Framber,Valdez,framber,valdez,valdefr01
2019,HOU,Jack Mayfield,122344,Jack,Mayfield,jack,mayfield,mayfija01
2019,HOU,Abraham Toro,113392,Abraham,Toro,abraham,toro,toroab01
2019,HOU,Cionel Perez,113392,Cionel,Perez,cionel,perez,perezci01
2019,HOU,Kyle Tucker,83552,Kyle,Tucker,kyle,tucker,tuckeky01
2019,HOU,Bryan Abreu,77584,Bryan,Abreu,bryan,abreu,abreubr01
2019,HOU,Collin McHugh,5800000,Collin,McHugh,collin,mchugh,mchugco01
2019,HOU,Lance McCullers,4100000,Lance,McCullers,lance,mccullers,mcculla01
2019,HOU,Aaron Sanchez,1258065,Aaron,Sanchez,aaron,sanchez,sanchaa01
2019,HOU,Francis Martes,555000,Francis,Martes,francis,martes,martefr01
2019,SEA,Felix Hernandez,27857142,Felix,Hernandez,felix,hernandez,hernafe01
2019,SEA,Kyle Seager,19000000,Kyle,Seager,kyle,seager,seageky01
2019,SEA,Yusei Kikuchi,14000000,Yusei,Kikuchi,yusei,kikuchi,kikucyu01
2019,SEA,Dee Strange-Gordon,13000000,Dee,Strange-Gordon,dee,strangegordon,strande01
2019,SEA,Wade LeBlanc,2800000,Wade,LeBlanc,wade,leblanc,leblawa01
2019,SEA,Domingo Santana,1950000,Domingo,Santana,domingo,santana,santado01
2019,SEA,Marco Gonzales,900000,Marco,Gonzales,marco,gonzales,gonzama01
2019,SEA,Omar Narvaez,581200,Omar,Narvaez,omar,narvaez,narvaom01
2019,SEA,Brandon Brennan,575000,Brandon,Brennan,brandon,brennan,brennbr01
2019,SEA,Sam Tuivailala,568600,Sam,Tuivailala,sam,tuivailala,tuivasa01
2019,SEA,Dan Vogelbach,558600,Dan,Vogelbach,dan,vogelbach,vogelda01
2019,SEA,Justin Dunn,555000,Justin,Dunn,justin,dunn,dunnju01
2019,SEA,Tom Murphy,554445,Tom,Murphy,tom,murphy,murphto04
2019,SEA,Dylan Moore,552916,Dylan,Moore,dylan,moore,mooredy01
2019,SEA,Mallex Smith,528700,Mallex,Smith,mallex,smith,smithma01
2019,SEA,J.P. Crawford,426712,J.P.,Crawford,jp,crawford,crawfjp01
2019,SEA,Austin Adams,417760,Austin,Adams,austin,adams,adamsau01
2019,SEA,Tommy Milone,393888,Tommy,Milone,tommy,milone,milonto01
2019,SEA,Anthony Bass,393888,Anthony,Bass,anthony,bass,bassan01
2019,SEA,Braden Bishop,393888,Braden,Bishop,braden,bishop,bishobr01
2019,SEA,Erik Swanson,331224,Erik,Swanson,erik,swanson,swanser01
2019,SEA,Austin Nola,316304,Austin,Nola,austin,nola,nolaau01
2019,SEA,Dan Altavilla,307352,Dan,Altavilla,dan,altavilla,altavda01
2019,SEA,Matt Wisler,269720,Matt,Wisler,matt,wisler,wislema01
2019,SEA,Matt Magill,210770,Matt,Magill,matt,magill,magilma01
2019,SEA,Timmy Lopes,205896,Timmy,Lopes,timmy,lopes,lopesti01
2019,SEA,Keon Broxton,199810,Keon,Broxton,keon,broxton,brotke01
2019,SEA,Reggie McClain,176056,Reggie,McClain,reggie,mcclain,mcclare01
2019,SEA,Shed Long Jr.,167104,Shed,Long,shed,long,longsh01
2019,SEA,Zac Grotz,155168,Zac,Grotz,zac,grotz,grotzza01
2019,SEA,Taylor Guilbeau,137264,Taylor,Guilbeau,taylor,guilbeau,guilbta01
2019,SEA,Jake Fraley,122344,Jake,Fraley,jake,fraley,fraleja01
2019,SEA,Justus Sheffield,113392,Justus,Sheffield,justus,sheffield,sheffju01
2019,SEA,Kyle Lewis,59680,Kyle,Lewis,kyle,lewis,lewisky01
2019,SEA,Donnie Walton,59680,Donnie,Walton,donnie,walton,waltodo01
2019,SEA,Art Warren,59680,Art,Warren,art,warren,warrear01
2019,SEA,Arodys Vizcaino,3432198,Arodys,Vizcaino,arodys,vizcaino,vizcaar01
2019,SEA,Mitch Haniger,590100,Mitch,Haniger,mitch,haniger,hanigmi01
2019,SEA,Ryon Healy,579800,Ryon,Healy,ryon,healy,healyry01
2019,SEA,Chasen Bradford,562300,Chasen,Bradford,chasen,bradford,bradfch01
2019,SEA,Connor Sadzeck,556000,Connor,Sadzeck,connor,sadzeck,sadzeco01
2019,TEX,Shin-Soo Choo,21000000,Shin-Soo,Choo,shinsoo,choo,choosh01
2019,TEX,Elvis Andrus,15000000,Elvis,Andrus,elvis,andrus,andruel01
2019,TEX,Lance Lynn,11000000,Lance,Lynn,lance,lynn,lynnla01
2019,TEX,Mike Minor,9500000,Mike,Minor,mike,minor,minormi01
2019,TEX,Rougned Odor,7500000,Rougned,Odor,rougned,odor,odorro01
2019,TEX,Nomar Mazara,3300000,Nomar,Mazara,nomar,mazara,mazarno01
2019,TEX,Jeff Mathis,3250000,Jeff,Mathis,jeff,mathis,mathije01
2019,TEX,Jose Leclerc,3000000,Jose,Leclerc,jose,leclerc,leclejo01
2019,TEX,Shawn Kelley,2562500,Shawn,Kelley,shawn,kelley,kellesh01
2019,TEX,Edinson Volquez,2000000,Edinson,Volquez,edinson,volquez,volqued01
2019,TEX,Logan Forsythe,2000000,Logan,Forsythe,logan,forsythe,forsylo01
2019,TEX,Delino DeShields,1400000,Delino,DeShields,delino,deshields,deshide01
2019,TEX,Luke Farrell,555000,Luke,Farrell,luke,farrell,farrelu01
2019,TEX,Adrian Sampson,543065,Adrian,Sampson,adrian,sampson,sampsad01
2019,TEX,Isiah Kiner-Falefa,529726,Isiah,Kiner-Falefa,isiah,kinerfalefa,kineris01
2019,TEX,Danny Santana,507280,Danny,Santana,danny,santana,santada01
2019,TEX,Jeffrey Springs,500165,Jeffrey,Springs,jeffrey,springs,sprinje01
2019,TEX,Yohander Mendez,492000,Yohander,Mendez,yohander,mendez,mendeyo01
2019,TEX,Ariel Jurado,468488,Ariel,Jurado,ariel,jurado,juradar01
2019,TEX,Ronald Guzman,447052,Ronald,Guzman,ronald,guzman,guzmaro01
2019,TEX,Brett Martin,444616,Brett,Martin,brett,martin,martibr01
2019,TEX,Willie Calhoun,384936,Willie,Calhoun,willie,calhoun,calhowi01
2019,TEX,Taylor Guerrieri,226784,Taylor,Guerrieri,taylor,guerrieri,guerrta01
2019,TEX,Rafael Montero,208880,Rafael,Montero,rafael,montero,montera01
2019,TEX,Tim Federowicz,196944,Tim,Federowicz,tim,federowicz,federti01
2019,TEX,Jose Trevino,176056,Jose,Trevino,jose,trevino,trevijo01
2019,TEX,Emmanuel Clase,176056,Emmanuel,Clase,emmanuel,clase,claseem01
2019,TEX,Kolby Allard,155168,Kolby,Allard,kolby,allard,allarko01
2019,TEX,Nick Solak,122344,Nick,Solak,nick,solak,solakni01
2019,TEX,Jonathan Hernandez,122344,Jonathan,Hernandez,jonathan,hernandez,hernajo01
2019,TEX,Brock Burke,122344,Brock,Burke,brock,burke,burkebr01
2019,TEX,Phillips Valdez,107424,Phillips,Valdez,phillips,valdez,valdeph01
2019,TEX,Ian Gibaut,98472,Ian,Gibaut,ian,gibaut,gibauia01
2019,TEX,Joe Palumbo,56696,Joe,Palumbo,joe,palumbo,palumjo01
2019,TEX,Corey Kluber,17500000,Corey,Kluber,corey,kluber,klubeco01
2019,TEX,Jesse Chavez,4000000,Jesse,Chavez,jesse,chavez,chaveje01
2019,TEX,Hunter Pence,2000000,Hunter,Pence,hunter,pence,pencehu01
2019,TEX,Nate Jones,1525000,Nate,Jones,nate,jones,jonesna01
2019,TEX,Joey Gallo,605500,Joey,Gallo,joey,gallo,gallojo01
2019,TEX,Jesse Biddle,575000,Jesse,Biddle,jesse,biddle,biddlje01
2019,TEX,Taylor Hearn,555000,Taylor,Hearn,taylor,hearn,hearnta01
2019,OAK,Khris Davis,16500000,Khris,Davis,khris,davis,daviskh01
2019,OAK,Stephen Piscotty,7000000,Stephen,Piscotty,stephen,piscotty,piscost01
2019,OAK,Joakim Soria,6500000,Joakim,Soria,joakim,soria,soriajo01
2019,OAK,Blake Treinen,6400000,Blake,Treinen,blake,treinen,treinbl01
2019,OAK,Michael Fiers,6000000,Michael,Fiers,michael,fiers,fiersmi01
2019,OAK,Marcus Semien,5900000,Marcus,Semien,marcus,semien,semiema01
2019,OAK,Yusmeiro Petit,5500000,Yusmeiro,Petit,yusmeiro,petit,petityu01
2019,OAK,Fernando Rodney,5250000,Fernando,Rodney,fernando,rodney,rodnefe01
2019,OAK,Jurickson Profar,3600000,Jurickson,Profar,jurickson,profar,profaju01
2019,OAK,Sean Manaea,3150000,Sean,Manaea,sean,manaea,manaese01
2019,OAK,Liam Hendriks,2150000,Liam,Hendriks,liam,hendriks,hendrli01
2019,OAK,Mark Canha,2050000,Mark,Canha,mark,canha,canhama01
2019,OAK,Robbie Grossman,2000000,Robbie,Grossman,robbie,grossman,grossro01
2019,OAK,Brett Anderson,1500000,Brett,Anderson,brett,anderson,anderbr06
2019,OAK,Ryan Buchter,1400000,Ryan,Buchter,ryan,buchter,buchtry01
2019,OAK,Tanner Roark,1179543,Tanner,Roark,tanner,roark,roarkta01
2019,OAK,Josh Phegley,1075000,Josh,Phegley,josh,phegley,phegljo01
2019,OAK,Jake Diekman,786305,Jake,Diekman,jake,diekman,diekmja01
2019,OAK,Matt Chapman,580000,Matt,Chapman,matt,chapman,chapmma01
2019,OAK,Matt Olson,575000,Matt,Olson,matt,olson,olsonma02
2019,OAK,Chris Bassitt,565000,Chris,Bassitt,chris,bassitt,bassich01
2019,OAK,Chad Pinder,565000,Chad,Pinder,chad,pinder,pindech01
2019,OAK,Ramon Laureano,557500,Ramon,Laureano,ramon,laureano,laurera01
2019,OAK,Lou Trivino,557500,Lou,Trivino,lou,trivino,trivilo01
2019,OAK,A.J. Puk,555000,A.J.,Puk,aj,puk,pukaj01
2019,OAK,Frankie Montas,319120,Frankie,Montas,frankie,montas,montafr01
2019,OAK,Daniel Mengden,247672,Daniel,Mengden,daniel,mengden,mengdda01
2019,OAK,J.B. Wendelken,245754,J.B.,Wendelken,jb,wendelken,wendejb01
2019,OAK,Homer Bailey,232752,Homer,Bailey,homer,bailey,baileho01
2019,OAK,Franklin Barreto,188811,Franklin,Barreto,franklin,barreto,barrefr01
2019,OAK,Seth Brown,104440,Seth,Brown,seth,brown,brownse01
2019,OAK,Sheldon Neuse,95488,Sheldon,Neuse,sheldon,neuse,neusesh01
2019,OAK,Paul Blackburn,92504,Paul,Blackburn,paul,blackburn,blackpa01
2019,OAK,Sean Murphy,86536,Sean,Murphy,sean,murphy,murphse01
2019,OAK,Jesus Luzardo,60774,Jesus,Luzardo,jesus,luzardo,luzarje01
2019,OAK,Skye Bolt,44760,Skye,Bolt,skye,bolt,boltsk01
2019,OAK,Daniel Gossett,560000,Daniel,Gossett,daniel,gossett,gosseda01
2019,OAK,Luis Barrera,62664,Luis,Barrera,luis,barrera,barrelu01
2019,LAA,Mike Trout,36000000,Mike,Trout,mike,trout,troutmi01
2019,LAA,Albert Pujols,28000000,Albert,Pujols,albert,pujols,pujolal01
2019,LAA,Justin Upton,18000000,Justin,Upton,justin,upton,uptonju01
2019,LAA,Andrelton Simmons,13000000,Andrelton,Simmons,andrelton,simmons,simmoan01
2019,LAA,Kole Calhoun,10500000,Kole,Calhoun,kole,calhoun,calhoko01
2019,LAA,Trevor Cahill,9000000,Trevor,Cahill,trevor,cahill,cahiltr01
2019,LAA,Tyler Skaggs,3700000,Tyler,Skaggs,tyler,skaggs,skaggty01
2019,LAA,Andrew Heaney,3400000,Andrew,Heaney,andrew,heaney,heanean01
2019,LAA,Justin Bour,2500000,Justin,Bour,justin,bour,bourju01
2019,LAA,Luis Garcia,1675000,Luis,Garcia,luis,garcia,garcilu04
2019,LAA,Hansel Robles,1400000,Hansel,Robles,hansel,robles,robleha01
2019,LAA,Tommy La Stella,1350000,Tommy La,Stella,tommyla,stella,stellto01
2019,LAA,Shohei Ohtani,650000,Shohei,Ohtani,shohei,ohtani,ohtansh01
2019,LAA,Brian Goodwin,583500,Brian,Goodwin,brian,goodwin,goodwbr01
2019,LAA,Kevan Smith,572500,Kevan,Smith,kevan,smith,smithke01
2019,LAA,Noe Ramirez,569000,Noe,Ramirez,noe,ramirez,ramirno01
2019,LAA,Keynan Middleton,563500,Keynan,Middleton,keynan,middleton,middlke01
2019,LAA,Justin Anderson,561500,Justin,Anderson,justin,anderson,anderju01
2019,LAA,David Fletcher,561500,David,Fletcher,david,fletcher,fletcda02
2019,LAA,Ty Buttrey,557250,Ty,Buttrey,ty,buttrey,buttrty01
2019,LAA,Taylor Cole,335664,Taylor,Cole,taylor,cole,coleta01
2019,LAA,Luke Bard,299827,Luke,Bard,luke,bard,bardlu01
2019,LAA,Michael Hermosillo,293216,Michael,Hermosillo,michael,hermosillo,hermomi01
2019,LAA,Matt Thaiss,265576,Matt,Thaiss,matt,thaiss,thaisma01
2019,LAA,Jose Suarez,265576,Jose,Suarez,jose,suarez,suarejo01
2019,LAA,Jaime Barria,251490,Jaime,Barria,jaime,barria,barrija01
2019,LAA,Dillon Peters,214848,Dillon,Peters,dillon,peters,peterdi01
2019,LAA,Max Stassi,187207,Max,Stassi,max,stassi,stassma01
2019,LAA,Jared Walsh,185008,Jared,Walsh,jared,walsh,walshja01
2019,LAA,Patrick Sandoval,167104,Patrick,Sandoval,patrick,sandoval,sandopa01
2019,LAA,Jake Jewell,140248,Jake,Jewell,jake,jewell,jewelja01
2019,LAA,Taylor Ward,128312,Taylor,Ward,taylor,ward,wardta01
2019,LAA,Miguel Del Pozo,128312,Miguel Del,Pozo,migueldel,pozo,pozomi01
2019,LAA,Adalberto Mejia,123451,Adalberto,Mejia,adalberto,mejia,mejiaad01
2019,LAA,Anthony Bemboom,119360,Anthony,Bemboom,anthony,bemboom,bemboan01
2019,LAA,Jose Rodriguez,92504,Jose,Rodriguez,jose,rodriguez,rodrijo07
2019,LAA,Kaleb Cowart,35808,Kaleb,Cowart,kaleb,cowart,cowarka01
2019,LAA,Kean Wong,17904,Kean,Wong,kean,wong,wongke01
2019,LAA,Zack Cozart,12666666,Zack,Cozart,zack,cozart,cozarza01
2019,LAA,Cam Bedrosian,1750000,Cam,Bedrosian,cam,bedrosian,bedroca01
2019,LAA,Felix Pena,569000,Felix,Pena,felix,pena,penafe01
2019,LAA,Griffin Canning,555000,Griffin,Canning,griffin,canning,cannigr01
2019,LAA,Luis Rengifo,555000,Luis,Rengifo,luis,rengifo,rengilu01
2019,PHI,Bryce Harper,30000000,Bryce,Harper,bryce,harper,harpebr03
2019,PHI,Jean Segura,14350000,Jean,Segura,jean,segura,segurje01
2019,PHI,Juan Nicasio,9000000,Juan,Nicasio,juan,nicasio,nicasju01
2019,PHI,Cesar Hernandez,7750000,Cesar,Hernandez,cesar,hernandez,hernace01
2019,PHI,Aaron Nola,6000000,Aaron,Nola,aaron,nola,nolaaa01
2019,PHI,J.T. Realmuto,5900000,J.T.,Realmuto,jt,realmuto,realmjt01
2019,PHI,Maikel Franco,5200000,Maikel,Franco,maikel,franco,francma01
2019,PHI,Vince Velasquez,2249000,Vince,Velasquez,vince,velasquez,velasvi01
2019,PHI,Jason Vargas,2000000,Jason,Vargas,jason,vargas,vargaja01
2019,PHI,Jose Alvarez,1925000,Jose,Alvarez,jose,alvarez,alvarjo01
2019,PHI,Hector Neris,1800000,Hector,Neris,hector,neris,nerishe01
2019,PHI,Scott Kingery,1250000,Scott,Kingery,scott,kingery,kingesc01
2019,PHI,Jay Bruce,1000000,Jay,Bruce,jay,bruce,bruceja01
2019,PHI,Zach Eflin,590000,Zach,Eflin,zach,eflin,eflinza01
2019,PHI,Rhys Hoskins,575000,Rhys,Hoskins,rhys,hoskins,hoskirh01
2019,PHI,Andrew Knapp,565000,Andrew,Knapp,andrew,knapp,knappan01
2019,PHI,Jared Hughes,525550,Jared,Hughes,jared,hughes,hugheja01
2019,PHI,Edubray Ramos,474782,Edubray,Ramos,edubray,ramos,ramosed01
2019,PHI,Sean Rodriguez,474456,Sean,Rodriguez,sean,rodriguez,rodrise01
2019,PHI,Nick Pivetta,440455,Nick,Pivetta,nick,pivetta,pivetni01
2019,PHI,Ranger Suarez,334208,Ranger,Suarez,ranger,suarez,suarera01
2019,PHI,Nick Williams,333828,Nick,Williams,nick,williams,willini01
2019,PHI,Brad Miller,322272,Brad,Miller,brad,miller,millebr01
2019,PHI,Adam Haseley,304368,Adam,Haseley,adam,haseley,haselad01
2019,PHI,Logan Morrison,252672,Logan,Morrison,logan,morrison,morrilo01
2019,PHI,Philip Gosselin,250656,Philip,Gosselin,philip,gosselin,gosseph01
2019,PHI,Edgar Garcia,244688,Edgar,Garcia,edgar,garcia,garcied01
2019,PHI,Mike Morin,214848,Mike,Morin,mike,morin,morinmi01
2019,PHI,Drew Smyly,211855,Drew,Smyly,drew,smyly,smylydr01
2019,PHI,Blake Parker,185008,Blake,Parker,blake,parker,parkebl01
2019,PHI,Cole Irvin,176056,Cole,Irvin,cole,irvin,irvinco01
2019,PHI,Austin Davis,170088,Austin,Davis,austin,davis,davisau01
2019,PHI,J.D. Hammer,167104,J.D.,Hammer,jd,hammer,hammejd01
2019,PHI,Nick Vincent,86536,Nick,Vincent,nick,vincent,vinceni01
2019,PHI,Deivy Grullon,86536,Deivy,Grullon,deivy,grullon,grullde01
2019,PHI,Jose Pirela,83538,Jose,Pirela,jose,pirela,pireljo01
2019,PHI,Enyel De Los Santos,71616,Enyel De Los,Santos,enyeldelos,santos,santoen01
2019,PHI,Jake Arrieta,25000000,Jake,Arrieta,jake,arrieta,arrieja01
2019,PHI,David Robertson,10000000,David,Robertson,david,robertson,roberda01
2019,PHI,Andrew McCutchen,10000000,Andrew,McCutchen,andrew,mccutchen,mccutan01
2019,PHI,Tommy Hunter,9000000,Tommy,Hunter,tommy,hunter,hunteto01
2019,PHI,Pat Neshek,5750000,Pat,Neshek,pat,neshek,neshepa01
2019,PHI,Corey Dickerson,2787639,Corey,Dickerson,corey,dickerson,dickeco01
2019,PHI,Adam Morgan,1100000,Adam,Morgan,adam,morgan,morgaad01
2019,PHI,Seranthony Dominguez,564000,Seranthony,Dominguez,seranthony,dominguez,dominse01
2019,PHI,Roman Quinn,559000,Roman,Quinn,roman,quinn,quinnro01
2019,PHI,Victor Arano,555000,Victor,Arano,victor,arano,aranovi01
2019,ATL,Josh Donaldson,23000000,Josh,Donaldson,josh,donaldson,donaljo02
2019,ATL,Dallas Keuchel,21210000,Dallas,Keuchel,dallas,keuchel,keuchda01
2019,ATL,Freddie Freeman,21050000,Freddie,Freeman,freddie,freeman,freemfr01
2019,ATL,Mark Melancon,14000000,Mark,Melancon,mark,melancon,melanma01
2019,ATL,Julio Teheran,11000000,Julio,Teheran,julio,teheran,teherju01
2019,ATL,Darren O'Day,8000000,Darren,O'Day,darren,oday,odayda01
2019,ATL,Mike Foltynewicz,5475000,Mike,Foltynewicz,mike,foltynewicz,foltymi01
2019,ATL,Nick Markakis,4000000,Nick,Markakis,nick,markakis,markani01
2019,ATL,Tyler Flowers,4000000,Tyler,Flowers,tyler,flowers,flowety01
2019,ATL,Anthony Swarzak,3720463,Anthony,Swarzak,anthony,swarzak,swarzan01
2019,ATL,Adam Duvall,2875000,Adam,Duvall,adam,duvall,duvalad01
2019,ATL,Brian McCann,2000000,Brian,McCann,brian,mccann,mccanbr01
2019,ATL,Jerry Blevins,1500000,Jerry,Blevins,jerry,blevins,blevije01
2019,ATL,Shane Greene,1311805,Shane,Greene,shane,greene,greensh01
2019,ATL,Billy Hamilton,1159658,Billy,Hamilton,billy,hamilton,hamilbi02
2019,ATL,Josh Tomlin,1000000,Josh,Tomlin,josh,tomlin,tomlijo01
2019,ATL,Matt Joyce,1000000,Matt,Joyce,matt,joyce,joycema01
2019,ATL,Ozzie Albies,1000000,Ozzie,Albies,ozzie,albies,albieoz01
2019,ATL,Ronald Acuna Jr.,1000000,Ronald,Acuna,ronald,acuna,acunaro01
2019,ATL,Chris Martin,750014,Chris,Martin,chris,martin,martich01
2019,ATL,Grant Dayton,585000,Grant,Dayton,grant,dayton,daytogr01
2019,ATL,Luke Jackson,585000,Luke,Jackson,luke,jackson,jackslu01
2019,ATL,Dansby Swanson,585000,Dansby,Swanson,dansby,swanson,swansda01
2019,ATL,Bryse Wilson,565000,Bryse,Wilson,bryse,wilson,wilsobr01
2019,ATL,Max Fried,565000,Max,Fried,max,fried,friedma01
2019,ATL,Sean Newcomb,513106,Sean,Newcomb,sean,newcomb,newcose01
2019,ATL,Michael Soroka,492360,Michael,Soroka,michael,soroka,sorokmi01
2019,ATL,Austin Riley,411792,Austin,Riley,austin,riley,rileyau01
2019,ATL,Chad Sobotka,370636,Chad,Sobotka,chad,sobotka,sobotch01
2019,ATL,John Ryan Murphy,280662,John Ryan,Murphy,johnryan,murphy,murphjo01
2019,ATL,Touki Toussaint,271544,Touki,Toussaint,touki,toussaint,toussto01
2019,ATL,Adeiny Hechavarria,241935,Adeiny,Hechavarria,adeiny,hechavarria,hechaad01
2019,ATL,Rafael Ortega,143232,Rafael,Ortega,rafael,ortega,ortegra01
2019,ATL,Kyle Wright,136710,Kyle,Wright,kyle,wright,wrighky01
2019,ATL,Jeremy Walker,113392,Jeremy,Walker,jeremy,walker,walkeje01
2019,ATL,Francisco Cervelli,110408,Francisco,Cervelli,francisco,cervelli,cervefr01
2019,ATL,Ender Inciarte,5000000,Ender,Inciarte,ender,inciarte,inciaen01
2019,ATL,Charlie Culberson,1395000,Charlie,Culberson,charlie,culberson,culbech01
2019,ATL,A.J. Minter,575000,A.J.,Minter,aj,minter,minteaj01
2019,ATL,Johan Camargo,575000,Johan,Camargo,johan,camargo,camarjo01
2019,ATL,Jacob Webb,555000,Jacob,Webb,jacob,webb,webbja01
2019,NYM,Robinson Cano,19000000,Robinson,Cano,robinson,cano,canoro01
2019,NYM,Jacob deGrom,12000000,Jacob,deGrom,jacob,degrom,degroja01
2019,NYM,Jed Lowrie,10000000,Jed,Lowrie,jed,lowrie,lowrije01
2019,NYM,Todd Frazier,9000000,Todd,Frazier,todd,frazier,frazito01
2019,NYM,Juan Lagares,9000000,Juan,Lagares,juan,lagares,lagarju01
2019,NYM,Wilson Ramos,8750000,Wilson,Ramos,wilson,ramos,ramoswi01
2019,NYM,Jeurys Familia,8000000,Jeurys,Familia,jeurys,familia,familje01
2019,NYM,Noah Syndergaard,6000000,Noah,Syndergaard,noah,syndergaard,syndeno01
2019,NYM,Zack Wheeler,5975000,Zack,Wheeler,zack,wheeler,wheelza01
2019,NYM,Justin Wilson,5000000,Justin,Wilson,justin,wilson,wilsoju01
2019,NYM,Michael Conforto,4025000,Michael,Conforto,michael,conforto,confomi01
2019,NYM,Steven Matz,2625000,Steven,Matz,steven,matz,matzst01
2019,NYM,Marcus Stroman,2546240,Marcus,Stroman,marcus,stroman,stromma01
2019,NYM,Luis Avilan,1600000,Luis,Avilan,luis,avilan,avilalu01
2019,NYM,Edwin Diaz,607425,Edwin,Diaz,edwin,diaz,diazed01
2019,NYM,Brandon Nimmo,598285,Brandon,Nimmo,brandon,nimmo,nimmobr01
2019,NYM,Seth Lugo,591875,Seth,Lugo,seth,lugo,lugose01
2019,NYM,Amed Rosario,575500,Amed,Rosario,amed,rosario,rosaram01
2019,NYM,J.D. Davis,561420,J.D.,Davis,jd,davis,davisjd01
2019,NYM,Pete Alonso,555000,Pete,Alonso,pete,alonso,alonspe01
2019,NYM,Franklyn Kilome,555000,Franklyn,Kilome,franklyn,kilome,kilomfr01
2019,NYM,Dominic Smith,541260,Dominic,Smith,dominic,smith,smithdo02
2019,NYM,Tomas Nido,496506,Tomas,Nido,tomas,nido,nidoto01
2019,NYM,Luis Guillorme,298900,Luis,Guillorme,luis,guillorme,guilllu01
2019,NYM,Rajai Davis,254968,Rajai,Davis,rajai,davis,davisra01
2019,NYM,Drew Gagnon,238720,Drew,Gagnon,drew,gagnon,gagnodr01
2019,NYM,Tyler Bashlor,220816,Tyler,Bashlor,tyler,bashlor,bashlty01
2019,NYM,Daniel Zamora,211864,Daniel,Zamora,daniel,zamora,zamorda01
2019,NYM,Paul Sewald,161136,Paul,Sewald,paul,sewald,sewalpa01
2019,NYM,Brad Brach,158152,Brad,Brach,brad,brach,brachbr01
2019,NYM,Joe Panik,152184,Joe,Panik,joe,panik,panikjo01
2019,NYM,Chris Mazza,149200,Chris,Mazza,chris,mazza,mazzach01
2019,NYM,Rene Rivera,110408,Rene,Rivera,rene,rivera,riverre01
2019,NYM,Sam Haggerty,86536,Sam,Haggerty,sam,haggerty,haggesa01
2019,NYM,Steve Nogosek,83552,Steve,Nogosek,steve,nogosek,nogosst01
2019,NYM,Chris Flexen,62664,Chris,Flexen,chris,flexen,fleech01
2019,NYM,Donnie Hart,59680,Donnie,Hart,donnie,hart,hartdo01
2019,NYM,Walker Lockett,50728,Walker,Lockett,walker,lockett,lockewa01
2019,NYM,Corey Oswalt,20888,Corey,Oswalt,corey,oswalt,oswalco01
2019,NYM,Yoenis Cespedes,14811828,Yoenis,Cespedes,yoenis,cespedes,cespeyo01
2019,NYM,Robert Gsellman,582500,Robert,Gsellman,robert,gsellman,gsellro01
2019,NYM,Jeff McNeil,567714,Jeff,McNeil,jeff,mcneil,mcneije01
2019,NYM,Drew Smith,557500,Drew,Smith,drew,smith,smithdr01
2019,WSH,Anthony Rendon,18800000,Anthony,Rendon,anthony,rendon,rendoan01
2019,WSH,Ryan Zimmerman,18000000,Ryan,Zimmerman,ryan,zimmerman,zimmery01
2019,WSH,Max Scherzer,15100000,Max,Scherzer,max,scherzer,scherma01
2019,WSH,Patrick Corbin,15000000,Patrick,Corbin,patrick,corbin,corbipa01
2019,WSH,Anibal Sanchez,10000000,Anibal,Sanchez,anibal,sanchez,sanchan01
2019,WSH,Brian Dozier,9000000,Brian,Dozier,brian,dozier,doziebr01
2019,WSH,Adam Eaton,8400000,Adam,Eaton,adam,eaton,eatonad01
2019,WSH,Yan Gomes,7000000,Yan,Gomes,yan,gomes,gomesya01
2019,WSH,Stephen Strasburg,6000000,Stephen,Strasburg,stephen,strasburg,strasst01
2019,WSH,Sean Doolittle,6000000,Sean,Doolittle,sean,doolittle,doolise01
2019,WSH,Howie Kendrick,4000000,Howie,Kendrick,howie,kendrick,kendrho01
2019,WSH,Kurt Suzuki,4000000,Kurt,Suzuki,kurt,suzuki,suzukku01
2019,WSH,Trea Turner,3725000,Trea,Turner,trea,turner,turnetr01
2019,WSH,Matt Adams,3000000,Matt,Adams,matt,adams,adamsma01
2019,WSH,Jeremy Hellickson,1900000,Jeremy,Hellickson,jeremy,hellickson,hellije01
2019,WSH,Michael A. Taylor,1860215,Michael A.,Taylor,michaela,taylor,taylomi02
2019,WSH,Joe Ross,704256,Joe,Ross,joe,ross,rossjo01
2019,WSH,Juan Soto,578300,Juan,Soto,juan,soto,sotoju01
2019,WSH,Wander Suero,562500,Wander,Suero,wander,suero,suerowa01
2019,WSH,Victor Robles,557800,Victor,Robles,victor,robles,roblevi01
2019,WSH,Javy Guerra,554829,Javy,Guerra,javy,guerra,guerrja01
2019,WSH,Hunter Strickland,494355,Hunter,Strickland,hunter,strickland,strichu01
2019,WSH,Daniel Hudson,491965,Daniel,Hudson,daniel,hudson,hudsoda01
2019,WSH,Gerardo Parra,429696,Gerardo,Parra,gerardo,parra,parrage01
2019,WSH,Tanner Rainey,402840,Tanner,Rainey,tanner,rainey,raineta01
2019,WSH,Erick Fedde,355096,Erick,Fedde,erick,fedde,feddeer01
2019,WSH,Austin Voth,338323,Austin,Voth,austin,voth,vothau01
2019,WSH,Roenis Elias,303902,Roenis,Elias,roenis,elias,eliasro01
2019,WSH,Fernando Rodney,289436,Fernando,Rodney,fernando,rodney,rodnefe01
2019,WSH,Adrian Sanchez,255935,Adrian,Sanchez,adrian,sanchez,sanchad01
2019,WSH,Wilmer Difo,240548,Wilmer,Difo,wilmer,difo,difowi01
2019,WSH,Andrew Stevenson,219438,Andrew,Stevenson,andrew,stevenson,stevean01
2019,WSH,Asdrubal Cabrera,164120,Asdrubal,Cabrera,asdrubal,cabrera,cabreas01
2019,WSH,Kyle McGowin,116376,Kyle,McGowin,kyle,mcgowin,mcgowky01
2019,WSH,Raudy Read,89670,Raudy,Read,raudy,read,readra01
2019,WSH,Aaron Barrett,77584,Aaron,Barrett,aaron,barrett,barreaa01
2019,WSH,Tres Barrera,65648,Tres,Barrera,tres,barrera,barretr01
2019,WSH,Jake Noll,47744,Jake,Noll,jake,noll,nollja01
2019,WSH,James Bourque,11936,James,Bourque,james,bourque,bourqja01
2019,WSH,Koda Glover,564300,Koda,Glover,koda,glover,gloveko01
2019,WSH,Jonny Venters,555000,Jonny,Venters,jonny,venters,ventejo01
2019,WSH,Austen Williams,515948,Austen,Williams,austen,williams,williau01
2019,MIA,Martin Prado,15000000,Martin,Prado,martin,prado,pradoma01
2019,MIA,Starlin Castro,11000000,Starlin,Castro,starlin,castro,castrst01
2019,MIA,Wei-Yin Chen,10000000,Wei-Yin,Chen,weiyin,chen,chenwe01
2019,MIA,Jose Urena,3200000,Jose,Urena,jose,urena,urenajo01
2019,MIA,Miguel Rojas,3155000,Miguel,Rojas,miguel,rojas,rojasmi02
2019,MIA,Neil Walker,2000000,Neil,Walker,neil,walker,walkene01
2019,MIA,Curtis Granderson,1750000,Curtis,Granderson,curtis,granderson,grandcu01
2019,MIA,Bryan Holaday,1250000,Bryan,Holaday,bryan,holaday,holadbr01
2019,MIA,Adam Conley,1125000,Adam,Conley,adam,conley,conlead01
2019,MIA,Jorge Alfaro,570000,Jorge,Alfaro,jorge,alfaro,alfarjo01
2019,MIA,Tayron Guerrero,565000,Tayron,Guerrero,tayron,guerrero,guerrta01
2019,MIA,Caleb Smith,556500,Caleb,Smith,caleb,smith,smithca07
2019,MIA,Garrett Cooper,555000,Garrett,Cooper,garrett,cooper,coopega03
2019,MIA,Sandy Alcantara,555000,Sandy,Alcantara,sandy,alcantara,alcansa01
2019,MIA,Pablo Lopez,555000,Pablo,Lopez,pablo,lopez,lopezpa01
2019,MIA,Jon Berti,486392,Jon,Berti,jon,berti,bertijo01
2019,MIA,Jarlin Garcia,462520,Jarlin,Garcia,jarlin,garcia,garcija01
2019,MIA,Harold Ramirez,423728,Harold,Ramirez,harold,ramirez,ramirha02
2019,MIA,Tyler Kinley,367032,Tyler,Kinley,tyler,kinley,kinlety01
2019,MIA,Elieser Hernandez,355096,Elieser,Hernandez,elieser,hernandez,hernael01
2019,MIA,Jordan Yamamoto,328240,Jordan,Yamamoto,jordan,yamamoto,yamamjo01
2019,MIA,Jose Quijada,295416,Jose,Quijada,jose,quijada,quijajo01
2019,MIA,Jeff Brigham,292432,Jeff,Brigham,jeff,brigham,brighje01
2019,MIA,Lewis Brinson,272785,Lewis,Brinson,lewis,brinson,brinsle01
2019,MIA,Austin Dean,226784,Austin,Dean,austin,dean,deanau01
2019,MIA,Ryne Stanek,185013,Ryne,Stanek,ryne,stanek,stanery01
2019,MIA,Isan Diaz,167104,Isan,Diaz,isan,diaz,diazis01
2019,MIA,Kyle Keller,125328,Kyle,Keller,kyle,keller,kelleky01
2019,MIA,Robert Dugger,101456,Robert,Dugger,robert,dugger,duggero01
2019,MIA,Brian Moran,80568,Brian,Moran,brian,moran,moranbr01
2019,MIA,Magneuris Sierra,80568,Magneuris,Sierra,magneuris,sierra,sierrma01
2019,MIA,Josh A. Smith,41776,Josh A.,Smith,josha,smith,smithjo09
2019,MIA,Brian Anderson,585000,Brian,Anderson,brian,anderson,anderbr06
2019,MIA,Drew Steckenrider,575000,Drew,Steckenrider,drew,steckenrider,steckdr01
2019,MIA,J.T. Riddle,560000,J.T.,Riddle,jt,riddle,riddljt01
2019,MIA,Cesar Puello,555000,Cesar,Puello,cesar,puello,puellce01
2019,MIA,Austin Brice,555000,Austin,Brice,austin,brice,briceau01
2019,MIA,Chad Wallach,555000,Chad,Wallach,chad,wallach,wallach01
2019,MIL,Ryan Braun,19000000,Ryan,Braun,ryan,braun,braunry01
2019,MIL,Yasmani Grandal,16000000,Yasmani,Grandal,yasmani,grandal,grandya01
2019,MIL,Lorenzo Cain,14025000,Lorenzo,Cain,lorenzo,cain,cainlo01
2019,MIL,Christian Yelich,9750000,Christian,Yelich,christian,yelich,yelicch01
2019,MIL,Mike Moustakas,7050000,Mike,Moustakas,mike,moustakas,moustmi01
2019,MIL,Eric Thames,6000000,Eric,Thames,eric,thames,thameer01
2019,MIL,Chase Anderson,6000000,Chase,Anderson,chase,anderson,anderch01
2019,MIL,Travis Shaw,4675000,Travis,Shaw,travis,shaw,shawtr01
2019,MIL,Jimmy Nelson,3700000,Jimmy,Nelson,jimmy,nelson,nelsoji01
2019,MIL,Matt Albers,2500000,Matt,Albers,matt,albers,alberma01
2019,MIL,Hernan Perez,2500000,Hernan,Perez,hernan,perez,perezhe01
2019,MIL,Junior Guerra,2225000,Junior,Guerra,junior,guerra,guerrju01
2019,MIL,Jordan Lyles,2050000,Jordan,Lyles,jordan,lyles,lylesjo01
2019,MIL,Gio Gonzalez,1709677,Gio,Gonzalez,gio,gonzalez,gonzagi01
2019,MIL,Manuel Pina,1600000,Manuel,Pina,manuel,pina,pinama01
2019,MIL,Claudio,1275000,Claudio,,claudio,,cl01
2019,MIL,Josh Hader,687600,Josh,Hader,josh,hader,haderjo01
2019,MIL,Brent Suter,568300,Brent,Suter,brent,suter,suterbr01
2019,MIL,Orlando Arcia,565700,Orlando,Arcia,orlando,arcia,arciaor01
2019,MIL,Brandon Woodruff,561400,Brandon,Woodruff,brandon,woodruff,woodrbr01
2019,MIL,Ben Gamel,546308,Ben,Gamel,ben,gamel,gamelbe01
2019,MIL,Freddy Peralta,522020,Freddy,Peralta,freddy,peralta,peralfr01
2019,MIL,Drew Pomeranz,491965,Drew,Pomeranz,drew,pomeranz,pomerdr01
2019,MIL,Adrian Houser,450584,Adrian,Houser,adrian,houser,housead01
2019,MIL,Corbin Burnes,408510,Corbin,Burnes,corbin,burnes,burneco01
2019,MIL,Jay Jackson,365568,Jay,Jackson,jay,jackson,jacksja01
2019,MIL,Keston Hiura,337192,Keston,Hiura,keston,hiura,hiurake01
2019,MIL,Cory Spangenberg,238724,Cory,Spangenberg,cory,spangenberg,spangco01
2019,MIL,Trent Grisham,179040,Trent,Grisham,trent,grisham,grishtr01
2019,MIL,Tyler Saladino,176564,Tyler,Saladino,tyler,saladino,saladty01
2019,MIL,Taylor Williams,157612,Taylor,Williams,taylor,williams,willita01
2019,MIL,Devin Williams,134280,Devin,Williams,devin,williams,willide01
2019,MIL,Jacob Nottingham,122344,Jacob,Nottingham,jacob,nottingham,nottija01
2019,MIL,Ray Black,119360,Ray,Black,ray,black,blackra01
2019,MIL,Jake Faria,110408,Jake,Faria,jake,faria,fariaja01
2019,MIL,David Freitas,87087,David,Freitas,david,freitas,freitda01
2019,MIL,Tyler Austin,86536,Tyler,Austin,tyler,austin,austity01
2019,MIL,Tyrone Taylor,68632,Tyrone,Taylor,tyrone,taylor,tayloty01
2019,MIL,Corey Knebel,5125000,Corey,Knebel,corey,knebel,knebeco01
2019,MIL,Zach Davies,2600000,Zach,Davies,zach,davies,davieza01
2019,MIL,Bobby Wahl,558400,Bobby,Wahl,bobby,wahl,wahlbo01
2019,CHC,Jon Lester,25000000,Jon,Lester,jon,lester,lestejo01
2019,CHC,Cole Hamels,20000000,Cole,Hamels,cole,hamels,hamelco01
2019,CHC,Jason Heyward,20000000,Jason,Heyward,jason,heyward,heywaja01
2019,CHC,Yu Darvish,20000000,Yu,Darvish,yu,darvish,darviyu01
2019,CHC,Kris Bryant,12900000,Kris,Bryant,kris,bryant,bryankr01
2019,CHC,Tyler Chatwood,12500000,Tyler,Chatwood,tyler,chatwood,chatwty01
2019,CHC,Anthony Rizzo,11000000,Anthony,Rizzo,anthony,rizzo,rizzoan01
2019,CHC,Jose Quintana,10500000,Jose,Quintana,jose,quintana,quintjo01
2019,CHC,Craig Kimbrel,10000000,Craig,Kimbrel,craig,kimbrel,kimbrcr01
2019,CHC,Kyle Hendricks,7405000,Kyle,Hendricks,kyle,hendricks,hendrky01
2019,CHC,Steve Cishek,6500000,Steve,Cishek,steve,cishek,cishest01
2019,CHC,Pedro Strop,6250000,Pedro,Strop,pedro,strop,stroppe01
2019,CHC,Javier Baez,5200000,Javier,Baez,javier,baez,baezja01
2019,CHC,Brandon Kintzler,5000000,Brandon,Kintzler,brandon,kintzler,kintzbr01
2019,CHC,Addison Russell,3400000,Addison,Russell,addison,russell,russead01
2019,CHC,Kyle Schwarber,3390000,Kyle,Schwarber,kyle,schwarber,schwaky01
2019,CHC,Ben Zobrist,3086022,Ben,Zobrist,ben,zobrist,zobribe01
2019,CHC,Nick Castellanos,2859700,Nick,Castellanos,nick,castellanos,casteni01
2019,CHC,Daniel Descalso,1500000,Daniel,Descalso,daniel,descalso,descada01
2019,CHC,David Phelps,833342,David,Phelps,david,phelps,phelpda01
2019,CHC,Willson Contreras,684000,Willson,Contreras,willson,contreras,contrwi02
2019,CHC,David Bote,611500,David,Bote,david,bote,boteda01
2019,CHC,Victor Caratini,569500,Victor,Caratini,victor,caratini,caratvi01
2019,CHC,Albert Almora,562530,Albert,Almora,albert,almora,almoral01
2019,CHC,Kyle Ryan,528168,Kyle,Ryan,kyle,ryan,ryanky01
2019,CHC,Derek Holland,475000,Derek,Holland,derek,holland,hollade01
2019,CHC,Rowan Wick,256624,Rowan,Wick,rowan,wick,wickro01
2019,CHC,Ian Happ,214170,Ian,Happ,ian,happ,happia01
2019,CHC,Tony Kemp,191418,Tony,Kemp,tony,kemp,kempto01
2019,CHC,Robel Garcia,173072,Robel,Garcia,robel,garcia,garciro01
2019,CHC,Jonathan Lucroy,158152,Jonathan,Lucroy,jonathan,lucroy,lucrojo01
2019,CHC,Alec Mills,134280,Alec,Mills,alec,mills,millsal01
2019,CHC,Dillon Maples,134280,Dillon,Maples,dillon,maples,mapledi01
2019,CHC,Duane Underwood,125328,Duane,Underwood,duane,underwood,underdu01
2019,CHC,Brad Wieck,86536,Brad,Wieck,brad,wieck,wieckbr01
2019,CHC,James Norwood,77584,James,Norwood,james,norwood,norwoja01
2019,CHC,Danny Hultzen,68632,Danny,Hultzen,danny,hultzen,hultzda01
2019,CHC,Nico Hoerner,62664,Nico,Hoerner,nico,hoerner,hoernni01
2019,CHC,Brandon Morrow,9000000,Brandon,Morrow,brandon,morrow,morrobr01
2019,CHC,Xavier Cedeno,900000,Xavier,Cedeno,xavier,cedeno,cedena01
2019,CHC,Allen Webster,650000,Allen,Webster,allen,webster,webstal01
2019,CHC,Kendall Graveman,575000,Kendall,Graveman,kendall,graveman,graveke01
2019,STL,Yadier Molina,20000000,Yadier,Molina,yadier,molina,molinya01
2019,STL,Dexter Fowler,16500000,Dexter,Fowler,dexter,fowler,fowlede01
2019,STL,Paul Goldschmidt,15500000,Paul,Goldschmidt,paul,goldschmidt,goldspa01
2019,STL,Matt Carpenter,14500000,Matt,Carpenter,matt,carpenter,carpema01
2019,STL,Miles Mikolas,12750000,Miles,Mikolas,miles,mikolas,mikolmi01
2019,STL,Andrew Miller,11500000,Andrew,Miller,andrew,miller,millean01
2019,STL,Carlos Martinez,11500000,Carlos,Martinez,carlos,martinez,martica01
2019,STL,Adam Wainwright,10000000,Adam,Wainwright,adam,wainwright,wainwad01
2019,STL,Kolten Wong,6500000,Kolten,Wong,kolten,wong,wongko01
2019,STL,Michael Wacha,6350000,Michael,Wacha,michael,wacha,wachami01
2019,STL,Matt Wieters,1500000,Matt,Wieters,matt,wieters,wietema01
2019,STL,Paul DeJong,1500000,Paul,DeJong,paul,dejong,dejonpa01
2019,STL,Dominic Leone,1260000,Dominic,Leone,dominic,leone,leonedo01
2019,STL,Jose Martinez,1250000,Jose,Martinez,jose,martinez,martijo01
2019,STL,John Gant,571300,John,Gant,john,gant,gantjo01
2019,STL,John Brebbia,569300,John,Brebbia,john,brebbia,brebbjo01
2019,STL,Jack Flaherty,562100,Jack,Flaherty,jack,flaherty,flaheja01
2019,STL,Dakota Hudson,559100,Dakota,Hudson,dakota,hudson,hudsoda01
2019,STL,Austin Gomber,555000,Austin,Gomber,austin,gomber,gombeau01
2019,STL,Adolis Garcia,555000,Adolis,Garcia,adolis,garcia,garciad02
2019,STL,Yairo Munoz,540938,Yairo,Munoz,yairo,munoz,munozya01
2019,STL,Giovanny Gallegos,522200,Giovanny,Gallegos,giovanny,gallegos,gallegi01
2019,STL,Harrison Bader,509876,Harrison,Bader,harrison,bader,baderha01
2019,STL,Tyler Webb,492360,Tyler,Webb,tyler,webb,webbty01
2019,STL,Mike Mayers,478898,Mike,Mayers,mike,mayers,mayermi01
2019,STL,Tyler O'Neill,394160,Tyler,O'Neill,tyler,oneill,oneilty01
2019,STL,Tommy Edman,340176,Tommy,Edman,tommy,edman,edmanto01
2019,STL,Ryan Helsley,310336,Ryan,Helsley,ryan,helsley,helslry01
2019,STL,Daniel Ponce de Leon,229768,Daniel Ponce de,Leon,danielponcede,leon,leonda01
2019,STL,Andrew Knizner,217832,Andrew,Knizner,andrew,knizner,kniznan01
2019,STL,Rangel Ravelo,158152,Rangel,Ravelo,rangel,ravelo,ravelra01
2019,STL,Genesis Cabrera,146216,Genesis,Cabrera,genesis,cabrera,cabrege01
2019,STL,Junior Fernandez,137264,Junior,Fernandez,junior,fernandez,fernaju01
2019,STL,Randy Arozarena,104440,Randy,Arozarena,randy,arozarena,arozara01
2019,STL,Edmundo Sosa,95488,Edmundo,Sosa,edmundo,sosa,sosaed01
2019,STL,Joe Hudson,86536,Joe,Hudson,joe,hudson,hudsojo01
2019,STL,Alex Reyes,30350,Alex,Reyes,alex,reyes,reyesal01
2019,STL,Marcell Ozuna,12250000,Marcell,Ozuna,marcell,ozuna,ozunama01
2019,STL,Brett Cecil,7500000,Brett,Cecil,brett,cecil,cecilbr01
2019,STL,Tony Cingrani,869067,Tony,Cingrani,tony,cingrani,cingrto01
2019,STL,Jordan Hicks,555000,Jordan,Hicks,jordan,hicks,hicksjo01
2019,STL,Lane Thomas,555000,Lane,Thomas,lane,thomas,thomala02
2019,STL,Justin Williams,113392,Justin,Williams,justin,williams,williju01
2019,CIN,Joey Votto,25000000,Joey,Votto,joey,votto,vottojo01
2019,CIN,Alex Wood,9650000,Alex,Wood,alex,wood,woodal01
2019,CIN,Sonny Gray,8300000,Sonny,Gray,sonny,gray,grayso01
2019,CIN,Eugenio Suarez,7000000,Eugenio,Suarez,eugenio,suarez,suareeu01
2019,CIN,Raisel Iglesias,6000000,Raisel,Iglesias,raisel,iglesias,iglesra01
2019,CIN,Trevor Bauer,4193548,Trevor,Bauer,trevor,bauer,bauertr01
2019,CIN,Kevin Gausman,2815064,Kevin,Gausman,kevin,gausman,gausmke01
2019,CIN,Jose Peraza,2775000,Jose,Peraza,jose,peraza,perazjo01
2019,CIN,Jose Iglesias,2500000,Jose,Iglesias,jose,iglesias,iglesjo01
2019,CIN,Tucker Barnhart,2500000,Tucker,Barnhart,tucker,barnhart,barnhtu01
2019,CIN,Anthony DeSclafani,2125000,Anthony,DeSclafani,anthony,desclafani,desclan01
2019,CIN,Derek Dietrich,2000000,Derek,Dietrich,derek,dietrich,dietrde01
2019,CIN,Michael Lorenzen,1950000,Michael,Lorenzen,michael,lorenzen,lorenmi01
2019,CIN,Freddy Galvis,1053745,Freddy,Galvis,freddy,galvis,galvifr01
2019,CIN,Curt Casali,950000,Curt,Casali,curt,casali,casalcu01
2019,CIN,Amir Garrett,567500,Amir,Garrett,amir,garrett,garream01
2019,CIN,Robert Stephenson,565000,Robert,Stephenson,robert,stephenson,stephro01
2019,CIN,Kyle Farmer,557500,Kyle,Farmer,kyle,farmer,farmeky01
2019,CIN,Luis Castillo,557500,Luis,Castillo,luis,castillo,castilu01
2019,CIN,Tyler Mahle,453620,Tyler,Mahle,tyler,mahle,mahlety01
2019,CIN,Nick Senzel,447600,Nick,Senzel,nick,senzel,senzeni01
2019,CIN,Phillip Ervin,370016,Phillip,Ervin,phillip,ervin,ervinph01
2019,CIN,Josh VanMeter,364048,Josh,VanMeter,josh,vanmeter,vanmejo01
2019,CIN,Alex Blandino,320679,Alex,Blandino,alex,blandino,blandal01
2019,CIN,Matt Bowman,268560,Matt,Bowman,matt,bowman,bowmama01
2019,CIN,Lucas Sims,229768,Lucas,Sims,lucas,sims,simslu01
2019,CIN,Aristides Aquino,179040,Aristides,Aquino,aristides,aquino,aquinar01
2019,CIN,Joel Kuhnel,137264,Joel,Kuhnel,joel,kuhnel,kuhnejo01
2019,CIN,R.J. Alaniz,131296,R.J.,Alaniz,rj,alaniz,alanirj01
2019,CIN,Sal Romano,125328,Sal,Romano,sal,romano,romansa01
2019,CIN,Jimmy Herget,125328,Jimmy,Herget,jimmy,herget,hergeji01
2019,CIN,Brian O'Grady,122344,Brian,O'Grady,brian,ogrady,ogradbr01
2019,CIN,Keury Mella,80568,Keury,Mella,keury,mella,mellake01
2019,CIN,Christian Colon,41776,Christian,Colon,christian,colon,colonch01
2019,CIN,Jesse Winker,580000,Jesse,Winker,jesse,winker,winkeje01
2019,PIT,Starling Marte,10000000,Starling,Marte,starling,marte,martest01
2019,PIT,Keone Kela,3175000,Keone,Kela,keone,kela,kelake01
2019,PIT,Francisco Liriano,1800000,Francisco,Liriano,francisco,liriano,liriafr01
2019,PIT,Melky Cabrera,1150000,Melky,Cabrera,melky,cabrera,cabreme01
2019,PIT,Michael Feliz,850000,Michael,Feliz,michael,feliz,felizmi01
2019,PIT,Richard Rodriguez,650000,Richard,Rodriguez,richard,rodriguez,rodriri01
2019,PIT,Josh Bell,587000,Josh,Bell,josh,bell,belljo02
2019,PIT,Adam Frazier,584000,Adam,Frazier,adam,frazier,fraziad01
2019,PIT,Trevor Williams,584000,Trevor,Williams,trevor,williams,willitr01
2019,PIT,Joe Musgrove,582500,Joe,Musgrove,joe,musgrove,musgrjo01
2019,PIT,Colin Moran,579500,Colin,Moran,colin,moran,moranco01
2019,PIT,Elias Diaz,578500,Elias,Diaz,elias,diaz,diazel01
2019,PIT,Erik Gonzalez,577000,Erik,Gonzalez,erik,gonzalez,gonzaer01
2019,PIT,Steven Brault,571465,Steven,Brault,steven,brault,braulst01
2019,PIT,Kevin Newman,557500,Kevin,Newman,kevin,newman,newmake01
2019,PIT,Jacob Stallings,536664,Jacob,Stallings,jacob,stallings,stallja01
2019,PIT,Jose Osuna,502529,Jose,Osuna,jose,osuna,osunajo01
2019,PIT,Bryan Reynolds,486392,Bryan,Reynolds,bryan,reynolds,reynobr01
2019,PIT,Chris Stratton,430191,Chris,Stratton,chris,stratton,stratch01
2019,PIT,Clay Holmes,423728,Clay,Holmes,clay,holmes,holmecl01
2019,PIT,Pablo Reyes,291840,Pablo,Reyes,pablo,reyes,reyespa01
2019,PIT,Geoff Hartlieb,274528,Geoff,Hartlieb,geoff,hartlieb,hartlge01
2019,PIT,Cole Tucker,235736,Cole,Tucker,cole,tucker,tuckeco01
2019,PIT,Dario Agrazal,217832,Dario,Agrazal,dario,agrazal,agrazda01
2019,PIT,Dovydas Neverauskas,204953,Dovydas,Neverauskas,dovydas,neverauskas,neverdo01
2019,PIT,Mitch Keller,167104,Mitch,Keller,mitch,keller,kellemi01
2019,PIT,Alex McRae,134280,Alex,McRae,alex,mcrae,mcraeal01
2019,PIT,Yefry Ramirez,128312,Yefry,Ramirez,yefry,ramirez,ramirye01
2019,PIT,Kevin Kramer,95488,Kevin,Kramer,kevin,kramer,krameke01
2019,PIT,Wei-Chung Wang,80568,Wei-Chung,Wang,weichung,wang,wangwe01
2019,PIT,Steve Baron,80568,Steve,Baron,steve,baron,baronst01
2019,PIT,Yacksel Rios,80568,Yacksel,Rios,yacksel,rios,riosya01
2019,PIT,Jake Elmore,77584,Jake,Elmore,jake,elmore,elmorja01
2019,PIT,Montana DuRapau,74600,Montana,DuRapau,montana,durapau,durapmo01
2019,PIT,James Marvel,65648,James,Marvel,james,marvel,marveja01
2019,PIT,Luis Escobar,56696,Luis,Escobar,luis,escobar,escoblu01
2019,PIT,Williams Jerez,50728,Williams,Jerez,williams,jerez,jerezwi01
2019,PIT,Corban Joseph,38792,Corban,Joseph,corban,joseph,josepco01
2019,PIT,Parker Markel,14920,Parker,Markel,parker,markel,markepa01
2019,PIT,Chris Archer,7500000,Chris,Archer,chris,archer,archech01
2019,PIT,Gregory Polanco,5500000,Gregory,Polanco,gregory,polanco,polangr01
2019,PIT,Lonnie Chisenhall,2750000,Lonnie,Chisenhall,lonnie,chisenhall,chiselo01
2019,PIT,Jameson Taillon,587500,Jameson,Taillon,jameson,taillon,taillja01
2019,PIT,Kyle Crick,581500,Kyle,Crick,kyle,crick,crickky01
2019,PIT,Edgar Santana,581500,Edgar,Santana,edgar,santana,santaed01
2019,PIT,Chad Kuhl,578000,Chad,Kuhl,chad,kuhl,kuhlch01
2019,PIT,Nick Burdi,559000,Nick,Burdi,nick,burdi,burdini01
2019,PIT,Jason Martin,555000,Jason,Martin,jason,martin,martija01
2019,LAD,Clayton Kershaw,46333332,Clayton,Kershaw,clayton,kershaw,kershcl01
2019,LAD,Rich Hill,18000000,Rich,Hill,rich,hill,hillri01
2019,LAD,Kenley Jansen,18000000,Kenley,Jansen,kenley,jansen,janseke01
2019,LAD,Justin Turner,18000000,Justin,Turner,justin,turner,turneju01
2019,LAD,Hyun-Jin Ryu,17900000,Hyun-Jin,Ryu,hyunjin,ryu,ryuhy01
2019,LAD,A.J. Pollock,13000000,A.J.,Pollock,aj,pollock,polloaj01
2019,LAD,Kenta Maeda,8400000,Kenta,Maeda,kenta,maeda,maedake01
2019,LAD,Joc Pederson,5000000,Joc,Pederson,joc,pederson,pederjo01
2019,LAD,David Freese,4500000,David,Freese,david,freese,freesda01
2019,LAD,Corey Seager,4000000,Corey,Seager,corey,seager,seageco01
2019,LAD,Enrique Hernandez,3725000,Enrique,Hernandez,enrique,hernandez,hernaen02
2019,LAD,Russell Martin,3600000,Russell,Martin,russell,martin,martiru01
2019,LAD,Chris Taylor,3500000,Chris,Taylor,chris,taylor,tayloch03
2019,LAD,Joe Kelly,3000000,Joe,Kelly,joe,kelly,kellyjo01
2019,LAD,Jedd Gyorko,2623655,Jedd,Gyorko,jedd,gyorko,gyorkje01
2019,LAD,Pedro Baez,2100000,Pedro,Baez,pedro,baez,baezpe01
2019,LAD,Yimi Garcia,710000,Yimi,Garcia,yimi,garcia,garciyi01
2019,LAD,Cody Bellinger,605000,Cody,Bellinger,cody,bellinger,bellico01
2019,LAD,Ross Stripling,595000,Ross,Stripling,ross,stripling,stripro01
2019,LAD,Max Muncy,575000,Max,Muncy,max,muncy,muncyma01
2019,LAD,Walker Buehler,570000,Walker,Buehler,walker,buehler,buehlwa01
2019,LAD,Julio Urias,565000,Julio,Urias,julio,urias,uriasju01
2019,LAD,Dylan Floro,510384,Dylan,Floro,dylan,floro,florody01
2019,LAD,Austin Barnes,451286,Austin,Barnes,austin,barnes,barneau01
2019,LAD,Caleb Ferguson,436595,Caleb,Ferguson,caleb,ferguson,ferguca01
2019,LAD,Matt Beaty,405824,Matt,Beaty,matt,beaty,beatyma01
2019,LAD,Will Smith,241704,Will,Smith,will,smith,smithwi05
2019,LAD,Casey Sadler,205896,Casey,Sadler,casey,sadler,sadleca01
2019,LAD,Kris Negron,187992,Kris,Negron,kris,negron,negrokr01
2019,LAD,Adam Kolarek,183915,Adam,Kolarek,adam,kolarek,kolarad01
2019,LAD,Dustin May,176056,Dustin,May,dustin,may,maydu01
2019,LAD,Tony Gonsolin,146216,Tony,Gonsolin,tony,gonsolin,gonsoto01
2019,LAD,Josh Sborz,143232,Josh,Sborz,josh,sborz,sborzjo01
2019,LAD,Edwin Rios,128312,Edwin,Rios,edwin,rios,riosed01
2019,LAD,Gavin Lux,83552,Gavin,Lux,gavin,lux,luga01
2019,LAD,Scott Alexander,575000,Scott,Alexander,scott,alexander,aleasc01
2019,LAD,Alex Verdugo,560000,Alex,Verdugo,alex,verdugo,verdual01
2019,LAD,Tyler White,206835,Tyler,White,tyler,white,whitety01
2019,SD,Manny Machado,30000000,Manny,Machado,manny,machado,machama01
2019,SD,Eric Hosmer,20000000,Eric,Hosmer,eric,hosmer,hosmeer01
2019,SD,Garrett Richards,7000000,Garrett,Richards,garrett,richards,richaga01
2019,SD,Kirby Yates,3062500,Kirby,Yates,kirby,yates,yateski01
2019,SD,Wil Myers,3000000,Wil,Myers,wil,myers,myerswi01
2019,SD,Craig Stammen,2250000,Craig,Stammen,craig,stammen,stammcr01
2019,SD,Austin Hedges,2060000,Austin,Hedges,austin,hedges,hedgeau01
2019,SD,Robbie Erlin,1450000,Robbie,Erlin,robbie,erlin,erlinro01
2019,SD,Travis Jankowski,1165000,Travis,Jankowski,travis,jankowski,jankotr01
2019,SD,Greg Garcia,910000,Greg,Garcia,greg,garcia,garcigr01
2019,SD,Hunter Renfroe,582100,Hunter,Renfroe,hunter,renfroe,renfrhu01
2019,SD,Matt Strahm,581700,Matt,Strahm,matt,strahm,strahma01
2019,SD,Manuel Margot,577100,Manuel,Margot,manuel,margot,margoma01
2019,SD,Dinelson Lamet,566700,Dinelson,Lamet,dinelson,lamet,lametdi01
2019,SD,Joey Lucchesi,565100,Joey,Lucchesi,joey,lucchesi,lucchjo01
2019,SD,Eric Lauer,562500,Eric,Lauer,eric,lauer,lauerer01
2019,SD,Anderson Espinoza,555000,Anderson,Espinoza,anderson,espinoza,espinan01
2019,SD,Chris Paddack,525184,Chris,Paddack,chris,paddack,paddach01
2019,SD,Francisco Mejia,508470,Francisco,Mejia,francisco,mejia,mejiafr01
2019,SD,Trey Wingenter,500332,Trey,Wingenter,trey,wingenter,wingetr01
2019,SD,Luis Perdomo,435664,Luis,Perdomo,luis,perdomo,perdolu01
2019,SD,Cal Quantrill,390904,Cal,Quantrill,cal,quantrill,quantca01
2019,SD,Josh Naylor,352112,Josh,Naylor,josh,naylor,naylojo01
2019,SD,Nick Margevicius,304368,Nick,Margevicius,nick,margevicius,margeni01
2019,SD,Austin Allen,298400,Austin,Allen,austin,allen,allenau01
2019,SD,Ty France,262592,Ty,France,ty,france,francty01
2019,SD,Luis Urias,251244,Luis,Urias,luis,urias,uriaslu01
2019,SD,Andres Munoz,238720,Andres,Munoz,andres,munoz,munozan01
2019,SD,Michel Baez,211864,Michel,Baez,michel,baez,baezmi01
2019,SD,Gerardo Reyes,211864,Gerardo,Reyes,gerardo,reyes,reyesge01
2019,SD,Nick Martini,95904,Nick,Martini,nick,martini,martini02
2019,SD,Eric Yardley,89520,Eric,Yardley,eric,yardley,yardler01
2019,SD,Javier Guerra,86536,Javier,Guerra,javier,guerra,guerrja01
2019,SD,David Bednar,86536,David,Bednar,david,bednar,bednada01
2019,SD,Ronald Bolanos,83552,Ronald,Bolanos,ronald,bolanos,bolanro01
2019,SD,Seth Mejias-Brean,80568,Seth,Mejias-Brean,seth,mejiasbrean,mejiase01
2019,SD,Luis Torrens,41776,Luis,Torrens,luis,torrens,torrelu01
2019,SD,Pedro Avila,2984,Pedro,Avila,pedro,avila,avilape01
2019,SD,Ian Kinsler,3750000,Ian,Kinsler,ian,kinsler,kinslia01
2019,SD,Adam Warren,2000000,Adam,Warren,adam,warren,warread01
2019,SD,Aaron Loup,1200000,Aaron,Loup,aaron,loup,loupaa01
2019,SD,Jose Castillo,560300,Jose,Castillo,jose,castillo,castijo01
2019,SD,Franchy Cordero,560100,Franchy,Cordero,franchy,cordero,cordefr01
2019,SD,Robert Stock,559900,Robert,Stock,robert,stock,stockro01
2019,SD,Jacob Nix,556800,Jacob,Nix,jacob,nix,nija01
2019,SD,Brett Kennedy,556000,Brett,Kennedy,brett,kennedy,kennebr01
2019,SD,Adrian Morejon,555000,Adrian,Morejon,adrian,morejon,morejad01
2019,SD,Fernando Tatis Jr.,555000,Fernando,Tatis,fernando,tatis,tatisfe02
2019,SD,C.J. Edwards,491965,C.J.,Edwards,cj,edwards,edwarcj01
2019,ARI,Eduardo Escobar,6500000,Eduardo,Escobar,eduardo,escobar,escobed01
2019,ARI,Robbie Ray,6050000,Robbie,Ray,robbie,ray,rayro01
2019,ARI,Taijuan Walker,5025000,Taijuan,Walker,taijuan,walker,walketa01
2019,ARI,Jake Lamb,4825000,Jake,Lamb,jake,lamb,lambja01
2019,ARI,Adam Jones,4500000,Adam,Jones,adam,jones,jonesad01
2019,ARI,Alex Avila,4250000,Alex,Avila,alex,avila,avilaal01
2019,ARI,Jarrod Dyson,3750000,Jarrod,Dyson,jarrod,dyson,dysonja01
2019,ARI,Wilmer Flores,3750000,Wilmer,Flores,wilmer,flores,florewi01
2019,ARI,Nick Ahmed,3662500,Nick,Ahmed,nick,ahmed,ahmedni01
2019,ARI,Yoshihisa Hirano,3500000,Yoshihisa,Hirano,yoshihisa,hirano,hiranyo01
2019,ARI,Mike Leake,3000000,Mike,Leake,mike,leake,leakemi01
2019,ARI,Ketel Marte,2000000,Ketel,Marte,ketel,marte,marteke01
2019,ARI,Merrill Kelly,2000000,Merrill,Kelly,merrill,kelly,kellyme01
2019,ARI,Andrew Chafin,1945000,Andrew,Chafin,andrew,chafin,chafian01
2019,ARI,Archie Bradley,1830000,Archie,Bradley,archie,bradley,bradlar01
2019,ARI,T.J. McFarland,1400000,T.J.,McFarland,tj,mcfarland,mcfartj01
2019,ARI,Matt Andriese,920000,Matt,Andriese,matt,andriese,andrima01
2019,ARI,Luke Weaver,581300,Luke,Weaver,luke,weaver,weavelu01
2019,ARI,Carson Kelly,560000,Carson,Kelly,carson,kelly,kellyca02
2019,ARI,Christian Walker,559800,Christian,Walker,christian,walker,walkech02
2019,ARI,Yoan Lopez,556900,Yoan,Lopez,yoan,lopez,lopezyo01
2019,ARI,Caleb Joseph,473120,Caleb,Joseph,caleb,joseph,josepca01
2019,ARI,Ildemaro Vargas,420744,Ildemaro,Vargas,ildemaro,vargas,vargail01
2019,ARI,Tim Locastro,375984,Tim,Locastro,tim,locastro,locasti01
2019,ARI,Taylor Clarke,355096,Taylor,Clarke,taylor,clarke,clarkta01
2019,ARI,Alex Young,283480,Alex,Young,alex,young,youngal01
2019,ARI,Jon Duplantier,283480,Jon,Duplantier,jon,duplantier,duplajo01
2019,ARI,Stefan Crichton,229768,Stefan,Crichton,stefan,crichton,crichst01
2019,ARI,Kevin Cron,214848,Kevin,Cron,kevin,cron,cronke01
2019,ARI,Zac Gallen,173072,Zac,Gallen,zac,gallen,galleza01
2019,ARI,Kevin Ginkel,167104,Kevin,Ginkel,kevin,ginkel,ginkeke01
2019,ARI,Josh Rojas,146216,Josh,Rojas,josh,rojas,rojasjo03
2019,ARI,Domingo Leyba,125328,Domingo,Leyba,domingo,leyba,leybado01
2019,ARI,Jimmie Sherfy,119360,Jimmie,Sherfy,jimmie,sherfy,sherfji01
2019,ARI,Robby Scott,104440,Robby,Scott,robby,scott,scottro01
2019,ARI,Abraham Almonte,86536,Abraham,Almonte,abraham,almonte,almonab01
2019,ARI,David Peralta,7000000,David,Peralta,david,peralta,peralda01
2019,ARI,Steven Souza,4125000,Steven,Souza,steven,souza,souzast01
2019,ARI,Silvino Bracho,574600,Silvino,Bracho,silvino,bracho,brachsi01
2019,SF,Johnny Cueto,22000000,Johnny,Cueto,johnny,cueto,cuetojo01
2019,SF,Buster Posey,21400000,Buster,Posey,buster,posey,poseybu01
2019,SF,Jeff Samardzija,19500000,Jeff,Samardzija,jeff,samardzija,samarje01
2019,SF,Brandon Belt,16000000,Brandon,Belt,brandon,belt,beltbr01
2019,SF,Brandon Crawford,15000000,Brandon,Crawford,brandon,crawford,crawfbr01
2019,SF,Evan Longoria,12500000,Evan,Longoria,evan,longoria,longoev01
2019,SF,Madison Bumgarner,12000000,Madison,Bumgarner,madison,bumgarner,bumgama01
2019,SF,Kevin Pillar,5644085,Kevin,Pillar,kevin,pillar,pillake01
2019,SF,Will Smith,4225000,Will,Smith,will,smith,smithwi05
2019,SF,Joe McCarthy,555000,Joe,McCarthy,joe,mccarthy,mccarjo01
2019,SF,Ricardo Pinto,555000,Ricardo,Pinto,ricardo,pinto,pintori01
2019,SF,Melvin Adon,555000,Melvin,Adon,melvin,adon,adonme01
2019,SF,Kyle Barraclough,482248,Kyle,Barraclough,kyle,barraclough,barraky01
2019,SF,Stephen Vogt,453568,Stephen,Vogt,stephen,vogt,vogtst01
2019,SF,Donovan Solano,429696,Donovan,Solano,donovan,solano,solando01
2019,SF,Shaun Anderson,414776,Shaun,Anderson,shaun,anderson,andersh01
2019,SF,Dereck Rodriguez,392210,Dereck,Rodriguez,dereck,rodriguez,rodride01
2019,SF,Mike Yastrzemski,381952,Mike,Yastrzemski,mike,yastrzemski,yastrmi01
2019,SF,Tyler Beede,358080,Tyler,Beede,tyler,beede,beedety01
2019,SF,Alex Dickerson,301384,Alex,Dickerson,alex,dickerson,dickeal01
2019,SF,Austin Slater,271544,Austin,Slater,austin,slater,slateau01
2019,SF,Sam Coonrod,229768,Sam,Coonrod,sam,coonrod,coonrsa01
2019,SF,Fernando Abad,197846,Fernando,Abad,fernando,abad,abadfe01
2019,SF,Jandel Gustave,185008,Jandel,Gustave,jandel,gustave,gustaja01
2019,SF,Andrew Suarez,182024,Andrew,Suarez,andrew,suarez,suarean01
2019,SF,Aramis Garcia,143232,Aramis,Garcia,aramis,garcia,garciar01
2019,SF,Joey Rickard,131795,Joey,Rickard,joey,rickard,rickajo01
2019,SF,Logan Webb,131296,Logan,Webb,logan,webb,webblo01
2019,SF,Conner Menez,107424,Conner,Menez,conner,menez,menezco01
2019,SF,Mauricio Dubon,101456,Mauricio,Dubon,mauricio,dubon,dubonma01
2019,SF,Tyler Rogers,101456,Tyler,Rogers,tyler,rogers,rogerty01
2019,SF,Burch Smith,95488,Burch,Smith,burch,smith,smithbu01
2019,SF,Sam Selman,89520,Sam,Selman,sam,selman,selmasa01
2019,SF,Chris Shaw,86536,Chris,Shaw,chris,shaw,shawch01
2019,SF,Jaylin Davis,77584,Jaylin,Davis,jaylin,davis,davisja01
2019,SF,Wandy Peralta,70495,Wandy,Peralta,wandy,peralta,peralwa01
2019,SF,Mike Gerber,59680,Mike,Gerber,mike,gerber,gerbemi01
2019,SF,Enderson Franco,56696,Enderson,Franco,enderson,franco,francen01
2019,SF,Cristhian Adames,47744,Cristhian,Adames,cristhian,adames,adamecr01
2019,SF,Abiatal Avelino,26856,Abiatal,Avelino,abiatal,avelino,aveliab01
2019,SF,Tony Watson,7500000,Tony,Watson,tony,watson,watsoto01
2019,SF,Trevor Gott,567500,Trevor,Gott,trevor,gott,gotttr01
2019,SF,Reyes Moronta,567500,Reyes,Moronta,reyes,moronta,moronre01
2019,SF,Pablo Sandoval,555000,Pablo,Sandoval,pablo,sandoval,sandopa01
2019,SF,Zach Green,555000,Zach,Green,zach,green,greenza01
2019,SF,Steven Duggar,468156,Steven,Duggar,steven,duggar,duggast01
2019,COL,Nolan Arenado,26050000,Nolan,Arenado,nolan,arenado,arenano01
2019,COL,Charlie Blackmon,21000000,Charlie,Blackmon,charlie,blackmon,blackch02
2019,COL,Wade Davis,18000000,Wade,Davis,wade,davis,daviswa01
2019,COL,Ian Desmond,15000000,Ian,Desmond,ian,desmond,desmoia01
2019,COL,Daniel Murphy,10000000,Daniel,Murphy,daniel,murphy,murphda01
2019,COL,Jake McGee,8500000,Jake,McGee,jake,mcgee,mcgeeja01
2019,COL,Bryan Shaw,8500000,Bryan,Shaw,bryan,shaw,shawbr01
2019,COL,Trevor Story,5000000,Trevor,Story,trevor,story,storytr01
2019,COL,Tony Wolters,960000,Tony,Wolters,tony,wolters,wolteto01
2019,COL,Raimel Tapia,560000,Raimel,Tapia,raimel,tapia,tapiara01
2019,COL,David Dahl,560000,David,Dahl,david,dahl,dahlda01
2019,COL,Ryan McMahon,560000,Ryan,McMahon,ryan,mcmahon,mcmahry01
2019,COL,Carlos Estevez,540104,Carlos,Estevez,carlos,estevez,estevca01
2019,COL,Antonio Senzatela,454661,Antonio,Senzatela,antonio,senzatela,senzaan01
2019,COL,Garrett Hampson,449250,Garrett,Hampson,garrett,hampson,hampsga01
2019,COL,Kyle Freeland,434434,Kyle,Freeland,kyle,freeland,freelky01
2019,COL,Jairo Diaz,390904,Jairo,Diaz,jairo,diaz,diazja01
2019,COL,Peter Lambert,346144,Peter,Lambert,peter,lambert,lambepe01
2019,COL,Jesus Tinoco,253640,Jesus,Tinoco,jesus,tinoco,tinocje01
2019,COL,Yency Almonte,250656,Yency,Almonte,yency,almonte,almonye01
2019,COL,Pat Valaika,238720,Pat,Valaika,pat,valaika,valaipa01
2019,COL,DJ Johnson,233610,DJ,Johnson,dj,johnson,johnsdj01
2019,COL,Yonder Alonso,205896,Yonder,Alonso,yonder,alonso,alonsyo01
2019,COL,Chi Chi Gonzalez,205896,Chi Chi,Gonzalez,chichi,gonzalez,gonzach01
2019,COL,Jeff Hoffman,199928,Jeff,Hoffman,jeff,hoffman,hoffmje01
2019,COL,Sam Howard,158152,Sam,Howard,sam,howard,howarsa01
2019,COL,Dom Nunez,143232,Dom,Nunez,dom,nunez,nunezdo01
2019,COL,Drew Butera,134280,Drew,Butera,drew,butera,buterdr01
2019,COL,Yonathan Daza,134280,Yonathan,Daza,yonathan,daza,dazayo01
2019,COL,Wes Parsons,127596,Wes,Parsons,wes,parsons,parsowe01
2019,COL,Tim Melville,119360,Tim,Melville,tim,melville,melviti01
2019,COL,Josh Fuentes,116376,Josh,Fuentes,josh,fuentes,fuentjo01
2019,COL,Sam Hilliard,101456,Sam,Hilliard,sam,hilliard,hillisa01
2019,COL,James Pazos,86536,James,Pazos,james,pazos,pazosja01
2019,COL,Phillip Diehl,83552,Phillip,Diehl,phillip,diehl,diehlph01
2019,COL,Joe Harvey,74600,Joe,Harvey,joe,harvey,harvejo01
2019,COL,Chad Bettis,3325000,Chad,Bettis,chad,bettis,bettich01
2019,COL,Jon Gray,2925000,Jon,Gray,jon,gray,grayjo01
2019,COL,Tyler Anderson,2625000,Tyler,Anderson,tyler,anderson,anderty01
2019,COL,German Marquez,2500000,German,Marquez,german,marquez,marquge01
2019,COL,Scott Oberg,1300000,Scott,Oberg,scott,oberg,obergsc01
2019,COL,Brendan Rodgers,555000,Brendan,Rodgers,brendan,rodgers,rodgebr02
2019,COL,Julian Fernandez,555000,Julian,Fernandez,julian,fernandez,fernaju01
2018,NYY,Giancarlo Stanton,25000000,Giancarlo,Stanton,giancarlo,stanton,stantgi01
2018,NYY,Masahiro Tanaka,22000000,Masahiro,Tanaka,masahiro,tanaka,tanakma01
2018,NYY,Aroldis Chapman,20000000,Aroldis,Chapman,aroldis,chapman,chapmar01
2018,NYY,David Robertson,13000000,David,Robertson,david,robertson,roberda01
2018,NYY,Brett Gardner,11000000,Brett,Gardner,brett,gardner,gardnbr01
2018,NYY,CC Sabathia,10500000,CC,Sabathia,cc,sabathia,sabatcc01
2018,NYY,Didi Gregorius,8500000,Didi,Gregorius,didi,gregorius,gregodi01
2018,NYY,Sonny Gray,6500000,Sonny,Gray,sonny,gray,grayso01
2018,NYY,Dellin Betances,5100000,Dellin,Betances,dellin,betances,betande01
2018,NYY,J.A. Happ,4612872,J.A.,Happ,ja,happ,happja01
2018,NYY,Zack Britton,4387088,Zack,Britton,zack,britton,brittza01
2018,NYY,Neil Walker,4000000,Neil,Walker,neil,walker,walkene01
2018,NYY,Aaron Hicks,2825000,Aaron,Hicks,aaron,hicks,hicksaa01
2018,NYY,Lance Lynn,1999996,Lance,Lynn,lance,lynn,lynnla01
2018,NYY,Tommy Kahnle,1312500,Tommy,Kahnle,tommy,kahnle,kahnlto01
2018,NYY,Andrew McCutchen,1229165,Andrew,McCutchen,andrew,mccutchen,mccutan01
2018,NYY,Austin Romine,1100000,Austin,Romine,austin,romine,rominau01
2018,NYY,Aaron Judge,622300,Aaron,Judge,aaron,judge,judgeaa01
2018,NYY,Gary Sanchez,620400,Gary,Sanchez,gary,sanchez,sanchga02
2018,NYY,Luis Severino,604975,Luis,Severino,luis,severino,severlu01
2018,NYY,Greg Bird,582000,Greg,Bird,greg,bird,birdgr01
2018,NYY,Chad Green,570800,Chad,Green,chad,green,greench01
2018,NYY,Miguel Andujar,539856,Miguel,Andujar,miguel,andujar,andujmi01
2018,NYY,Jonathan Holder,512216,Jonathan,Holder,jonathan,holder,holdejo01
2018,NYY,A.J. Cole,480585,A.J.,Cole,aj,cole,coleaj01
2018,NYY,Gleyber Torres,474660,Gleyber,Torres,gleyber,torres,torregl01
2018,NYY,Ronald Torreyes,387153,Ronald,Torreyes,ronald,torreyes,torrero01
2018,NYY,Domingo German,347746,Domingo,German,domingo,german,germado01
2018,NYY,Luis Cessa,315077,Luis,Cessa,luis,cessa,cessalu01
2018,NYY,Kyle Higashioka,272490,Kyle,Higashioka,kyle,higashioka,higasky01
2018,NYY,Tyler Wade,237120,Tyler,Wade,tyler,wade,wadety01
2018,NYY,Luke Voit,164080,Luke,Voit,luke,voit,voitlu01
2018,NYY,Jonathan Loaisiga,137710,Jonathan,Loaisiga,jonathan,loaisiga,loaisjo01
2018,NYY,Adeiny Hechavarria,87900,Adeiny,Hechavarria,adeiny,hechavarria,hechaad01
2018,NYY,Caleb Frare,87900,Caleb,Frare,caleb,frare,frareca01
2018,NYY,Stephen Tarpley,87900,Stephen,Tarpley,stephen,tarpley,tarplst01
2018,NYY,Chance Adams,73250,Chance,Adams,chance,adams,adamsch01
2018,NYY,Justus Sheffield,38090,Justus,Sheffield,justus,sheffield,sheffju01
2018,NYY,Jacoby Ellsbury,21142857,Jacoby,Ellsbury,jacoby,ellsbury,ellsbja01
2018,NYY,Jordan Montgomery,580450,Jordan,Montgomery,jordan,montgomery,montgjo01
2018,NYY,Ben Heller,547475,Ben,Heller,ben,heller,hellebe01
2018,NYY,Clint Frazier,297594,Clint,Frazier,clint,frazier,frazicl01
2018,BAL,Adam Jones,17000000,Adam,Jones,adam,jones,jonesad01
2018,BAL,Chris Davis,17000000,Chris,Davis,chris,davis,davisch01
2018,BAL,Andrew Cashner,9500000,Andrew,Cashner,andrew,cashner,cashnan01
2018,BAL,Alex Cobb,7500000,Alex,Cobb,alex,cobb,cobbal01
2018,BAL,Tim Beckham,3350000,Tim,Beckham,tim,beckham,beckhti01
2018,BAL,Dylan Bundy,1640000,Dylan,Bundy,dylan,bundy,bundydy01
2018,BAL,Caleb Joseph,1250000,Caleb,Joseph,caleb,joseph,josepca01
2018,BAL,Jonathan Villar,850020,Jonathan,Villar,jonathan,villar,villajo01
2018,BAL,Mychal Givens,566500,Mychal,Givens,mychal,givens,givenmy01
2018,BAL,Trey Mancini,556500,Trey,Mancini,trey,mancini,mancitr01
2018,BAL,Mike Wright,553500,Mike,Wright,mike,wright,wrighmi01
2018,BAL,Miguel Castro,553000,Miguel,Castro,miguel,castro,castrmi01
2018,BAL,Jace Peterson,468800,Jace,Peterson,jace,peterson,peterja01
2018,BAL,Tanner Scott,433640,Tanner,Scott,tanner,scott,scottta01
2018,BAL,Chance Sisco,364312,Chance,Sisco,chance,sisco,siscoch01
2018,BAL,Joey Rickard,348670,Joey,Rickard,joey,rickard,rickajo01
2018,BAL,David Hess,342810,David,Hess,david,hess,hessda01
2018,BAL,Austin Wynns,304720,Austin,Wynns,austin,wynns,wynnsau01
2018,BAL,Paul Fry,275420,Paul,Fry,paul,fry,frypa01
2018,BAL,Yefry Ramirez,272490,Yefry,Ramirez,yefry,ramirez,ramirye01
2018,BAL,Steve Wilkerson,251980,Steve,Wilkerson,steve,wilkerson,wilkest01
2018,BAL,Renato Nunez,213890,Renato,Nunez,renato,nunez,nunezre01
2018,BAL,Cedric Mullins,196310,Cedric,Mullins,cedric,mullins,mullice01
2018,BAL,Donnie Hart,166320,Donnie,Hart,donnie,hart,hartdo01
2018,BAL,Ryan Meisinger,164080,Ryan,Meisinger,ryan,meisinger,meisiry01
2018,BAL,Sean Gilmartin,149430,Sean,Gilmartin,sean,gilmartin,gilmase01
2018,BAL,Cody Carroll,143570,Cody,Carroll,cody,carroll,carroco02
2018,BAL,John Andreoli,123060,John,Andreoli,john,andreoli,andrejo01
2018,BAL,Jimmy Yacabonis,105480,Jimmy,Yacabonis,jimmy,yacabonis,yacabji01
2018,BAL,Josh Rogers,99620,Josh,Rogers,josh,rogers,rogerjo01
2018,BAL,Breyvic Valera,96690,Breyvic,Valera,breyvic,valera,valerbr01
2018,BAL,Evan Phillips,87900,Evan,Phillips,evan,phillips,phillev01
2018,BAL,Corban Joseph,84970,Corban,Joseph,corban,joseph,josepco01
2018,BAL,Luis Ortiz,79110,Luis,Ortiz,luis,ortiz,ortizlu01
2018,BAL,D.J. Stewart,58600,D.J.,Stewart,dj,stewart,stewadj01
2018,BAL,Andrew Susac,46880,Andrew,Susac,andrew,susac,susacan01
2018,BAL,Austin Hays,20510,Austin,Hays,austin,hays,haysau01
2018,BAL,John Means,20510,John,Means,john,means,meansjo01
2018,BAL,Mark Trumbo,12500000,Mark,Trumbo,mark,trumbo,trumbma01
2018,BAL,Richard Bleier,556000,Richard,Bleier,richard,bleier,bleieri01
2018,BAL,Gabriel Ynoa,549000,Gabriel,Ynoa,gabriel,ynoa,ynoaga01
2018,BAL,Pedro Araujo,545000,Pedro,Araujo,pedro,araujo,araujpe01
2018,BOS,David Price,30000000,David,Price,david,price,priceda01
2018,BOS,J.D. Martinez,23750000,J.D.,Martinez,jd,martinez,martijd02
2018,BOS,Rick Porcello,21000000,Rick,Porcello,rick,porcello,porceri01
2018,BOS,Craig Kimbrel,13050000,Craig,Kimbrel,craig,kimbrel,kimbrcr01
2018,BOS,Chris Sale,12515000,Chris,Sale,chris,sale,salech01
2018,BOS,Mookie Betts,10500000,Mookie,Betts,mookie,betts,bettsmo01
2018,BOS,Drew Pomeranz,8500000,Drew,Pomeranz,drew,pomeranz,pomerdr01
2018,BOS,Xander Bogaerts,7050000,Xander,Bogaerts,xander,bogaerts,bogaea01
2018,BOS,Mitch Moreland,6500000,Mitch,Moreland,mitch,moreland,morelmi01
2018,BOS,Jackie Bradley Jr.,6100000,Jackie,Bradley,jackie,bradley,bradlja01
2018,BOS,Eduardo Nunez,4000000,Eduardo,Nunez,eduardo,nunez,nunezed01
2018,BOS,Joe Kelly,2601613,Joe,Kelly,joe,kelly,kellyjo01
2018,BOS,Eduardo Rodriguez,2375000,Eduardo,Rodriguez,eduardo,rodriguez,rodried01
2018,BOS,Brock Holt,2225000,Brock,Holt,brock,holt,holtbr01
2018,BOS,Tyler Thornburg,2050000,Tyler,Thornburg,tyler,thornburg,thornty01
2018,BOS,Sandy Leon,1950000,Sandy,Leon,sandy,leon,leonsa01
2018,BOS,Ian Kinsler,1833340,Ian,Kinsler,ian,kinsler,kinslia01
2018,BOS,Steven Pearce,1500000,Steven,Pearce,steven,pearce,pearcst01
2018,BOS,Christian Vazquez,1425000,Christian,Vazquez,christian,vazquez,vazquch01
2018,BOS,Steven Wright,1011291,Steven,Wright,steven,wright,wrighst01
2018,BOS,Brandon Workman,781086,Brandon,Workman,brandon,workman,workmbr01
2018,BOS,Nathan Eovaldi,731204,Nathan,Eovaldi,nathan,eovaldi,eovalna01
2018,BOS,Andrew Benintendi,620500,Andrew,Benintendi,andrew,benintendi,beninan01
2018,BOS,Matt Barnes,605000,Matt,Barnes,matt,barnes,barnema01
2018,BOS,Heath Hembree,581500,Heath,Hembree,heath,hembree,hembrhe01
2018,BOS,Rafael Devers,564500,Rafael,Devers,rafael,devers,deverra01
2018,BOS,Blake Swihart,563500,Blake,Swihart,blake,swihart,swihabl01
2018,BOS,Brian Johnson,548000,Brian,Johnson,brian,johnson,johnsbr01
2018,BOS,Hector Velazquez,547000,Hector,Velazquez,hector,velazquez,velazhe01
2018,BOS,Ryan Brasier,249050,Ryan,Brasier,ryan,brasier,brasiry01
2018,BOS,Tzu-Wei Lin,234400,Tzu-Wei,Lin,tzuwei,lin,lintz01
2018,BOS,Bobby Poyner,158220,Bobby,Poyner,bobby,poyner,poynebo01
2018,BOS,Sam Travis,128920,Sam,Travis,sam,travis,travisa01
2018,BOS,William Cuevas,102550,William,Cuevas,william,cuevas,cuevawi01
2018,BOS,Robby Scott,87900,Robby,Scott,robby,scott,scottro01
2018,BOS,Brandon Phillips,79110,Brandon,Phillips,brandon,phillips,phillbr01
2018,BOS,Dustin Pedroia,13500000,Dustin,Pedroia,dustin,pedroia,pedrodu01
2018,BOS,Carson Smith,850000,Carson,Smith,carson,smith,smithca07
2018,BOS,Marco Hernandez,554000,Marco,Hernandez,marco,hernandez,hernama01
2018,BOS,Austin Maddox,545000,Austin,Maddox,austin,maddox,maddoau01
2018,TB,Kevin Kiermaier,5500000,Kevin,Kiermaier,kevin,kiermaier,kiermke01
2018,TB,Carlos Gomez,4400000,Carlos,Gomez,carlos,gomez,gomezca01
2018,TB,Sergio Romo,2500000,Sergio,Romo,sergio,romo,romose01
2018,TB,C.J. Cron,2300000,C.J.,Cron,cj,cron,croncj01
2018,TB,Matt Duffy,930000,Matt,Duffy,matt,duffy,duffyma01
2018,TB,Jesus Sucre,925000,Jesus,Sucre,jesus,sucre,sucreje01
2018,TB,Chaz Roe,720000,Chaz,Roe,chaz,roe,roech01
2018,TB,Blake Snell,558200,Blake,Snell,blake,snell,snellbl01
2018,TB,Mallex Smith,553000,Mallex,Smith,mallex,smith,smithma01
2018,TB,Jose Alvarado,549800,Jose,Alvarado,jose,alvarado,alvarjo01
2018,TB,Joey Wendle,545000,Joey,Wendle,joey,wendle,wendljo01
2018,TB,Ryan Yarbrough,542050,Ryan,Yarbrough,ryan,yarbrough,yarbrry01
2018,TB,Jake Faria,498328,Jake,Faria,jake,faria,fariaja01
2018,TB,Ryne Stanek,418990,Ryne,Stanek,ryne,stanek,stanery01
2018,TB,Yonny Chirinos,398480,Yonny,Chirinos,yonny,chirinos,chiriyo01
2018,TB,Vidal Nuno,383830,Vidal,Nuno,vidal,nuno,nunovi01
2018,TB,Ji-Man Choi,379310,Ji-Man,Choi,jiman,choi,choiji01
2018,TB,Diego Castillo,345740,Diego,Castillo,diego,castillo,castidi02
2018,TB,Jake Bauers,339880,Jake,Bauers,jake,bauers,bauerja01
2018,TB,Hunter Wood,301790,Hunter,Wood,hunter,wood,woodhu01
2018,TB,Andrew Kittredge,288806,Andrew,Kittredge,andrew,kittredge,kittran01
2018,TB,Willy Adames,272490,Willy,Adames,willy,adames,adamewi01
2018,TB,Austin Pruitt,260770,Austin,Pruitt,austin,pruitt,pruitau01
2018,TB,Adam Kolarek,225610,Adam,Kolarek,adam,kolarek,kolarad01
2018,TB,Jaime Schultz,199240,Jaime,Schultz,jaime,schultz,schulja01
2018,TB,Jalen Beeks,196310,Jalen,Beeks,jalen,beeks,beeksja01
2018,TB,Tommy Pham,190030,Tommy,Pham,tommy,pham,phamto01
2018,TB,Tyler Glasnow,181660,Tyler,Glasnow,tyler,glasnow,glasnty01
2018,TB,Brandon Lowe,169940,Brandon,Lowe,brandon,lowe,lowebr01
2018,TB,Adam Moore,108410,Adam,Moore,adam,moore,mooread01
2018,TB,Andrew Velazquez,84970,Andrew,Velazquez,andrew,velazquez,velazan01
2018,TB,Nick Ciuffo,82040,Nick,Ciuffo,nick,ciuffo,ciuffni01
2018,TB,Chih-Wei Hu,67390,Chih-Wei,Hu,chihwei,hu,huch01
2018,TB,Hoby Milner,53028,Hoby,Milner,hoby,milner,milneho01
2018,TB,Austin Meadows,32230,Austin,Meadows,austin,meadows,meadoau01
2018,TB,Daniel Robertson,548300,Daniel,Robertson,daniel,robertson,roberda01
2018,TB,Jose De Leon,545600,Jose De,Leon,josede,leon,leonjo01
2018,TB,Brent Honeywell,545000,Brent,Honeywell,brent,honeywell,honeybr01
2018,TB,Wilmer Font,378496,Wilmer,Font,wilmer,font,fontwi01
2018,TB,Michael Perez,196310,Michael,Perez,michael,perez,perezmi03
2018,TOR,Russell Martin,20000000,Russell,Martin,russell,martin,martiru01
2018,TOR,Marco Estrada,13000000,Marco,Estrada,marco,estrada,estrama01
2018,TOR,Kendrys Morales,11000000,Kendrys,Morales,kendrys,morales,moralke01
2018,TOR,Marcus Stroman,6500000,Marcus,Stroman,marcus,stroman,stromma01
2018,TOR,Justin Smoak,4125000,Justin,Smoak,justin,smoak,smoakju01
2018,TOR,Yangervis Solarte,4000000,Yangervis,Solarte,yangervis,solarte,solarya01
2018,TOR,Kevin Pillar,3250000,Kevin,Pillar,kevin,pillar,pillake01
2018,TOR,Randal Grichuk,2800000,Randal,Grichuk,randal,grichuk,grichra01
2018,TOR,Aaron Sanchez,2700000,Aaron,Sanchez,aaron,sanchez,sanchaa01
2018,TOR,Aledmys Diaz,2000000,Aledmys,Diaz,aledmys,diaz,diazal01
2018,TOR,Ken Giles,1533322,Ken,Giles,ken,giles,gileske01
2018,TOR,Tyler Clippard,1500000,Tyler,Clippard,tyler,clippard,clippty01
2018,TOR,Devon Travis,1450000,Devon,Travis,devon,travis,travide01
2018,TOR,Lourdes Gurriel Jr.,1000000,Lourdes,Gurriel,lourdes,gurriel,gurrilo01
2018,TOR,Jake Petricka,608043,Jake,Petricka,jake,petricka,petrija01
2018,TOR,Ryan Tepera,574700,Ryan,Tepera,ryan,tepera,teperry01
2018,TOR,Luke Maile,558400,Luke,Maile,luke,maile,mailelu01
2018,TOR,Teoscar Hernandez,501030,Teoscar,Hernandez,teoscar,hernandez,hernate01
2018,TOR,Danny Barnes,480021,Danny,Barnes,danny,barnes,barneda01
2018,TOR,Thomas Pannone,436570,Thomas,Pannone,thomas,pannone,pannoth01
2018,TOR,Joseph Biagini,424850,Joseph,Biagini,joseph,biagini,biagijo01
2018,TOR,Sam Gaviglio,418990,Sam,Gaviglio,sam,gaviglio,gavigsa01
2018,TOR,Tim Mayza,322300,Tim,Mayza,tim,mayza,mayzati01
2018,TOR,Ryan Borucki,254910,Ryan,Borucki,ryan,borucki,borucry01
2018,TOR,Richard Urena,181660,Richard,Urena,richard,urena,urenari01
2018,TOR,Danny Jansen,146500,Danny,Jansen,danny,jansen,janseda01
2018,TOR,Billy McKinney,131850,Billy,McKinney,billy,mckinney,mckinbi01
2018,TOR,Sean Reid-Foley,108410,Sean,Reid-Foley,sean,reidfoley,reidfse01
2018,TOR,Justin Shafer,96690,Justin,Shafer,justin,shafer,shafeju01
2018,TOR,Mark Leiter Jr.,88620,Mark,Leiter,mark,leiter,leitema01
2018,TOR,Taylor Guerrieri,87900,Taylor,Guerrieri,taylor,guerrieri,guerrta01
2018,TOR,Jose Fernandez,87900,Jose,Fernandez,jose,fernandez,fernajo01
2018,TOR,Rowdy Tellez,79110,Rowdy,Tellez,rowdy,tellez,tellero01
2018,TOR,Jonathan Davis,79110,Jonathan,Davis,jonathan,davis,davisjo05
2018,TOR,David Paulino,76180,David,Paulino,david,paulino,paulida01
2018,TOR,Reese McGuire,73250,Reese,McGuire,reese,mcguire,mcguire01
2018,TOR,Anthony Alford,64460,Anthony,Alford,anthony,alford,alforan01
2018,TOR,Troy Tulowitzki,20000000,Troy,Tulowitzki,troy,tulowitzki,tulowtr01
2018,TOR,Rhiner Cruz,260770,Rhiner,Cruz,rhiner,cruz,cruzrh01
2018,TOR,Brandon Drury,220704,Brandon,Drury,brandon,drury,drurybr01
2018,CLE,Edwin Encarnacion,17000000,Edwin,Encarnacion,edwin,encarnacion,encared01
2018,CLE,Jason Kipnis,13500000,Jason,Kipnis,jason,kipnis,kipnija01
2018,CLE,Michael Brantley,11500000,Michael,Brantley,michael,brantley,brantmi02
2018,CLE,Cody Allen,10575000,Cody,Allen,cody,allen,allenco01
2018,CLE,Corey Kluber,10500000,Corey,Kluber,corey,kluber,klubeco01
2018,CLE,Andrew Miller,9000000,Andrew,Miller,andrew,miller,millean01
2018,CLE,Carlos Carrasco,8000000,Carlos,Carrasco,carlos,carrasco,carraca01
2018,CLE,Yonder Alonso,7000000,Yonder,Alonso,yonder,alonso,alonsyo01
2018,CLE,Trevor Bauer,6525000,Trevor,Bauer,trevor,bauer,bauertr01
2018,CLE,Yan Gomes,5950000,Yan,Gomes,yan,gomes,gomesya01
2018,CLE,Josh Tomlin,3000000,Josh,Tomlin,josh,tomlin,tomlijo01
2018,CLE,Brandon Guyer,2750000,Brandon,Guyer,brandon,guyer,guyerbr01
2018,CLE,Jose Ramirez,2728600,Jose,Ramirez,jose,ramirez,ramirjo01
2018,CLE,Rajai Davis,1750000,Rajai,Davis,rajai,davis,davisra01
2018,CLE,Roberto Perez,1500000,Roberto,Perez,roberto,perez,perezro01
2018,CLE,Brad Hand,1392473,Brad,Hand,brad,hand,handbr01
2018,CLE,Oliver Perez,1138440,Oliver,Perez,oliver,perez,perezol01
2018,CLE,Josh Donaldson,1133336,Josh,Donaldson,josh,donaldson,donaljo02
2018,CLE,Dan Otero,1100000,Dan,Otero,dan,otero,oteroda01
2018,CLE,Melky Cabrera,776848,Melky,Cabrera,melky,cabrera,cabreme01
2018,CLE,Francisco Lindor,623200,Francisco,Lindor,francisco,lindor,lindofr01
2018,CLE,Mike Clevinger,558500,Mike,Clevinger,mike,clevinger,clevimi01
2018,CLE,Erik Gonzalez,547800,Erik,Gonzalez,erik,gonzalez,gonzaer01
2018,CLE,Tyler Olson,439252,Tyler,Olson,tyler,olson,olsonty01
2018,CLE,Neil Ramirez,407270,Neil,Ramirez,neil,ramirez,ramirne01
2018,CLE,Greg Allen,342810,Greg,Allen,greg,allen,allengr01
2018,CLE,Shane Bieber,284210,Shane,Bieber,shane,bieber,biebesh01
2018,CLE,Adam Plutko,240260,Adam,Plutko,adam,plutko,plutkad01
2018,CLE,Adam Cimber,216820,Adam,Cimber,adam,cimber,cimbead01
2018,CLE,Yandy Diaz,158220,Yandy,Diaz,yandy,diaz,diazya02
2018,CLE,James Hoyt,106820,James,Hoyt,james,hoyt,hoytja01
2018,CLE,Jon Edwards,87900,Jon,Edwards,jon,edwards,edwarjo01
2018,CLE,Eric Haase,87900,Eric,Haase,eric,haase,haaseer01
2018,CLE,Adam Rosales,79110,Adam,Rosales,adam,rosales,rosalad01
2018,CLE,Brandon Barnes,79110,Brandon,Barnes,brandon,barnes,barnebr01
2018,CLE,Lonnie Chisenhall,5587500,Lonnie,Chisenhall,lonnie,chisenhall,chiselo01
2018,CLE,Danny Salazar,5000000,Danny,Salazar,danny,salazar,salazda01
2018,CLE,Leonys Martin,583358,Leonys,Martin,leonys,martin,martile01
2018,CLE,Nick Goody,561500,Nick,Goody,nick,goody,goodyni01
2018,CLE,Tyler Naquin,558808,Tyler,Naquin,tyler,naquin,naquity01
2018,CLE,Cody Anderson,545000,Cody,Anderson,cody,anderson,anderco01
2018,DET,Jordan Zimmermann,24000000,Jordan,Zimmermann,jordan,zimmermann,zimmejo01
2018,DET,Victor Martinez,18000000,Victor,Martinez,victor,martinez,martivi01
2018,DET,Nick Castellanos,6050000,Nick,Castellanos,nick,castellanos,casteni01
2018,DET,Francisco Liriano,4000000,Francisco,Liriano,francisco,liriano,liriafr01
2018,DET,James McCann,2375000,James,McCann,james,mccann,mccanja02
2018,DET,Shane Greene,1950000,Shane,Greene,shane,greene,greensh01
2018,DET,Alex Wilson,1925000,Alex,Wilson,alex,wilson,wilsoal01
2018,DET,Blaine Hardy,795000,Blaine,Hardy,blaine,hardy,hardybl01
2018,DET,Matt Boyd,562000,Matt,Boyd,matt,boyd,boydma01
2018,DET,Daniel Norris,561400,Daniel,Norris,daniel,norris,norrida01
2018,DET,Buck Farmer,554800,Buck,Farmer,buck,farmer,farmebu01
2018,DET,Jacoby Jones,549400,Jacoby,Jones,jacoby,jones,jonesja08
2018,DET,Jeimer Candelario,548300,Jeimer,Candelario,jeimer,candelario,candeje01
2018,DET,Joe Jimenez,547200,Joe,Jimenez,joe,jimenez,jimenjo01
2018,DET,Niko Goodrum,545000,Niko,Goodrum,niko,goodrum,goodrni01
2018,DET,Victor Reyes,545000,Victor,Reyes,victor,reyes,reyesvi01
2018,DET,Daniel Stumpf,519400,Daniel,Stumpf,daniel,stumpf,stumpda01
2018,DET,Drew VerHagen,429925,Drew,VerHagen,drew,verhagen,verhadr01
2018,DET,Louis Coleman,416060,Louis,Coleman,louis,coleman,colemlo01
2018,DET,Ronny Rodriguez,313510,Ronny,Rodriguez,ronny,rodriguez,rodriro01
2018,DET,Grayson Greiner,295930,Grayson,Greiner,grayson,greiner,greingr01
2018,DET,Mikie Mahtook,292261,Mikie,Mahtook,mikie,mahtook,mahtomi01
2018,DET,Jim Adduci,263700,Jim,Adduci,jim,adduci,adducji01
2018,DET,Victor Alcantara,231470,Victor,Alcantara,victor,alcantara,alcanvi01
2018,DET,Zac Reininger,146500,Zac,Reininger,zac,reininger,reiniza01
2018,DET,Pete Kozma,120130,Pete,Kozma,pete,kozma,kozmape01
2018,DET,Dawel Lugo,99620,Dawel,Lugo,dawel,lugo,lugoda01
2018,DET,Sandy Baez,93760,Sandy,Baez,sandy,baez,baezsa01
2018,DET,Matt Hall,87900,Matt,Hall,matt,hall,hallma01
2018,DET,Jarrod Saltalamacchia,76890,Jarrod,Saltalamacchia,jarrod,saltalamacchia,saltaja01
2018,DET,Christin Stewart,64460,Christin,Stewart,christin,stewart,stewach01
2018,DET,Spencer Turnbull,58600,Spencer,Turnbull,spencer,turnbull,turnbsp01
2018,DET,Harold Castro,29300,Harold,Castro,harold,castro,castrha01
2018,DET,Miguel Cabrera,30000000,Miguel,Cabrera,miguel,cabrera,cabremi01
2018,DET,Jose Iglesias,6275000,Jose,Iglesias,jose,iglesias,iglesjo01
2018,DET,Michael Fulmer,575200,Michael,Fulmer,michael,fulmer,fulmemi01
2018,DET,John Hicks,551300,John,Hicks,john,hicks,hicksjo01
2018,DET,Artie Lewicki,319370,Artie,Lewicki,artie,lewicki,lewicar01
2018,KC,Alex Gordon,20000000,Alex,Gordon,alex,gordon,gordoal01
2018,KC,Ian Kennedy,16000000,Ian,Kennedy,ian,kennedy,kenneia01
2018,KC,Danny Duffy,14000000,Danny,Duffy,danny,duffy,duffyda01
2018,KC,Jason Hammel,9000000,Jason,Hammel,jason,hammel,hammeja01
2018,KC,Salvador Perez,7500000,Salvador,Perez,salvador,perez,perezsa02
2018,KC,Alcides Escobar,3775000,Alcides,Escobar,alcides,escobar,escobal01
2018,KC,Brandon Maurer,2950000,Brandon,Maurer,brandon,maurer,maurebr01
2018,KC,Wily Peralta,1500000,Wily,Peralta,wily,peralta,peralwi01
2018,KC,Brian Flynn,573500,Brian,Flynn,brian,flynn,flynnbr01
2018,KC,Whit Merrifield,569500,Whit,Merrifield,whit,merrifield,merriwh01
2018,KC,Jorge Bonifacio,561900,Jorge,Bonifacio,jorge,bonifacio,bonifjo01
2018,KC,Jake Junis,554250,Jake,Junis,jake,junis,junisja01
2018,KC,Burch Smith,552400,Burch,Smith,burch,smith,smithbu01
2018,KC,Eric Skoglund,545000,Eric,Skoglund,eric,skoglund,skogler01
2018,KC,Tim Hill,545000,Tim,Hill,tim,hill,hillti01
2018,KC,Brad Keller,545000,Brad,Keller,brad,keller,kellebr01
2018,KC,Kevin McCarthy,509580,Kevin,McCarthy,kevin,mccarthy,mccarke01
2018,KC,Hunter Dozier,410200,Hunter,Dozier,hunter,dozier,doziehu01
2018,KC,Rosell Herrera,310580,Rosell,Herrera,rosell,herrera,herrero01
2018,KC,Adalberto Mondesi,310580,Adalberto,Mondesi,adalberto,mondesi,mondead01
2018,KC,Heath Fillmyer,304720,Heath,Fillmyer,heath,fillmyer,fillmhe01
2018,KC,Glenn Sparkman,213890,Glenn,Sparkman,glenn,sparkman,sparkgl01
2018,KC,Brian Goodwin,211438,Brian,Goodwin,brian,goodwin,goodwbr01
2018,KC,Brett Phillips,190450,Brett,Phillips,brett,phillips,phillbr01
2018,KC,Ryan O'Hearn,181660,Ryan,O'Hearn,ryan,ohearn,ohearry01
2018,KC,Cam Gallagher,169940,Cam,Gallagher,cam,gallagher,gallaca01
2018,KC,Jorge Lopez,137710,Jorge,Lopez,jorge,lopez,lopezjo01
2018,KC,Jake Newberry,128920,Jake,Newberry,jake,newberry,newbeja01
2018,KC,Meibrys Viloria,87900,Meibrys,Viloria,meibrys,viloria,vilorme01
2018,KC,Jerry Vasto,79110,Jerry,Vasto,jerry,vasto,vastoje01
2018,KC,Jorge Soler,4000000,Jorge,Soler,jorge,soler,solerjo01
2018,KC,Nate Karns,1375000,Nate,Karns,nate,karns,karnsna01
2018,KC,Jesse Hahn,574000,Jesse,Hahn,jesse,hahn,hahnje01
2018,KC,Cheslor Cuthbert,573500,Cheslor,Cuthbert,cheslor,cuthbert,cuthbch01
2018,MIN,Joe Mauer,23000000,Joe,Mauer,joe,mauer,mauerjo01
2018,MIN,Addison Reed,8250000,Addison,Reed,addison,reed,reedad01
2018,MIN,Jake Odorizzi,6300000,Jake,Odorizzi,jake,odorizzi,odorija01
2018,MIN,Kyle Gibson,4200000,Kyle,Gibson,kyle,gibson,gibsoky01
2018,MIN,Logan Forsythe,3000000,Logan,Forsythe,logan,forsythe,forsylo01
2018,MIN,Robbie Grossman,2000000,Robbie,Grossman,robbie,grossman,grossro01
2018,MIN,Ehire Adrianza,1000000,Ehire,Adrianza,ehire,adrianza,adriaeh01
2018,MIN,Trevor May,650000,Trevor,May,trevor,may,maytr01
2018,MIN,Eddie Rosario,602500,Eddie,Rosario,eddie,rosario,rosared01
2018,MIN,Max Kepler,587500,Max,Kepler,max,kepler,keplema01
2018,MIN,Jorge Polanco,575000,Jorge,Polanco,jorge,polanco,polanjo01
2018,MIN,Jose Berrios,570000,Jose,Berrios,jose,berrios,berrijo01
2018,MIN,Taylor Rogers,565000,Taylor,Rogers,taylor,rogers,rogerta01
2018,MIN,Trevor Hildenberger,555000,Trevor,Hildenberger,trevor,hildenberger,hildetr01
2018,MIN,Mitch Garver,547500,Mitch,Garver,mitch,garver,garvemi01
2018,MIN,Miguel Sano,463177,Miguel,Sano,miguel,sano,sanomi01
2018,MIN,Matt Magill,457080,Matt,Magill,matt,magill,magilma01
2018,MIN,Matt Belisle,325230,Matt,Belisle,matt,belisle,belisma01
2018,MIN,Jake Cave,313510,Jake,Cave,jake,cave,caveja01
2018,MIN,Aaron Slegers,266630,Aaron,Slegers,aaron,slegers,slegeaa01
2018,MIN,Gabriel Moya,260770,Gabriel,Moya,gabriel,moya,moyaga01
2018,MIN,Alan Busenitz,202170,Alan,Busenitz,alan,busenitz,busenal01
2018,MIN,Tyler Austin,186186,Tyler,Austin,tyler,austin,austity01
2018,MIN,Willians Astudillo,178730,Willians,Astudillo,willians,astudillo,astudwi01
2018,MIN,Oliver Drake,175820,Oliver,Drake,oliver,drake,drakeol01
2018,MIN,Tyler Duffey,161150,Tyler,Duffey,tyler,duffey,duffety01
2018,MIN,Johnny Field,158240,Johnny,Field,johnny,field,fieldjo01
2018,MIN,Kohl Stewart,146500,Kohl,Stewart,kohl,stewart,stewako01
2018,MIN,Stephen Gonsalves,123060,Stephen,Gonsalves,stephen,gonsalves,gonsast01
2018,MIN,Zack Littell,90830,Zack,Littell,zack,littell,litteza01
2018,MIN,Chris Gimenez,87900,Chris,Gimenez,chris,gimenez,gimench01
2018,MIN,John Curtiss,87900,John,Curtiss,john,curtiss,curtijo01
2018,MIN,Andrew Vasquez,87900,Andrew,Vasquez,andrew,vasquez,vasquan01
2018,MIN,Chase De Jong,82040,Chase De,Jong,chasede,jong,jongch01
2018,MIN,Juan Graterol,26370,Juan,Graterol,juan,graterol,grateju01
2018,MIN,Ervin Santana,13500000,Ervin,Santana,ervin,santana,santaer01
2018,MIN,Jason Castro,8000000,Jason,Castro,jason,castro,castrja01
2018,MIN,Logan Morrison,5500000,Logan,Morrison,logan,morrison,morrilo01
2018,MIN,Michael Pineda,2000000,Michael,Pineda,michael,pineda,pinedmi01
2018,MIN,Adalberto Mejia,213890,Adalberto,Mejia,adalberto,mejia,mejiaad01
2018,CHW,Jose Abreu,13000000,Jose,Abreu,jose,abreu,abreujo01
2018,CHW,James Shields,10000000,James,Shields,james,shields,shielja01
2018,CHW,Avisail Garcia,6700000,Avisail,Garcia,avisail,garcia,garciav01
2018,CHW,Welington Castillo,4131720,Welington,Castillo,welington,castillo,castiwe01
2018,CHW,Nate Jones,3950000,Nate,Jones,nate,jones,jonesna01
2018,CHW,Yolmer Sanchez,2350000,Yolmer,Sanchez,yolmer,sanchez,sanchyo01
2018,CHW,Carlos Rodon,2300000,Carlos,Rodon,carlos,rodon,rodonca01
2018,CHW,Hector Santiago,2000000,Hector,Santiago,hector,santiago,santihe01
2018,CHW,Leury Garcia,1175000,Leury,Garcia,leury,garcia,garcile01
2018,CHW,Tim Anderson,1000000,Tim,Anderson,tim,anderson,anderti01
2018,CHW,Matt Davidson,570000,Matt,Davidson,matt,davidson,davidma01
2018,CHW,Omar Narvaez,560000,Omar,Narvaez,omar,narvaez,narvaom01
2018,CHW,Yoan Moncada,555000,Yoan,Moncada,yoan,moncada,moncayo01
2018,CHW,Lucas Giolito,555000,Lucas,Giolito,lucas,giolito,giolilu01
2018,CHW,Reynaldo Lopez,555000,Reynaldo,Lopez,reynaldo,lopez,lopezre01
2018,CHW,Nicky Delmonico,553000,Nicky,Delmonico,nicky,delmonico,delmoni01
2018,CHW,Adam Engel,552000,Adam,Engel,adam,engel,engelad01
2018,CHW,Daniel Palka,468800,Daniel,Palka,daniel,palka,palkada01
2018,CHW,Jace Fry,439500,Jace,Fry,jace,fry,fryja01
2018,CHW,Dylan Covey,398480,Dylan,Covey,dylan,covey,coveydy01
2018,CHW,Juan Minaya,381000,Juan,Minaya,juan,minaya,minayju01
2018,CHW,Kevan Smith,345740,Kevan,Smith,kevan,smith,smithke01
2018,CHW,Aaron Bummer,293000,Aaron,Bummer,aaron,bummer,bummeaa01
2018,CHW,Jeanmar Gomez,240260,Jeanmar,Gomez,jeanmar,gomez,gomezje01
2018,CHW,Jose Rondon,237330,Jose,Rondon,jose,rondon,rondojo01
2018,CHW,Ryan LaMarre,199552,Ryan,LaMarre,ryan,lamarre,lamarry01
2018,CHW,Thyago Vieira,196310,Thyago,Vieira,thyago,vieira,vieirth01
2018,CHW,Ryan Burr,117200,Ryan,Burr,ryan,burr,burrry01
2018,CHW,Ian Hamilton,90830,Ian,Hamilton,ian,hamilton,hamilia01
2018,CHW,Ryan Cordell,82040,Ryan,Cordell,ryan,cordell,cordery01
2018,CHW,Jose Ruiz,79110,Jose,Ruiz,jose,ruiz,ruizjo01
2018,CHW,Rob Scahill,67390,Rob,Scahill,rob,scahill,scahiro01
2018,CHW,Miguel Gonzalez,4750000,Miguel,Gonzalez,miguel,gonzalez,gonzami01
2018,CHW,Danny Farquhar,1050000,Danny,Farquhar,danny,farquhar,farquda01
2018,CHW,Michael Kopech,120130,Michael,Kopech,michael,kopech,kopecmi01
2018,HOU,Justin Verlander,20100000,Justin,Verlander,justin,verlander,verlaju01
2018,HOU,Jose Altuve,17000000,Jose,Altuve,jose,altuve,altuvjo01
2018,HOU,Dallas Keuchel,13200000,Dallas,Keuchel,dallas,keuchel,keuchda01
2018,HOU,Josh Reddick,13000000,Josh,Reddick,josh,reddick,reddijo01
2018,HOU,George Springer,12000000,George,Springer,george,springer,springe01
2018,HOU,Yulieski Gurriel,11935483,Yulieski,Gurriel,yulieski,gurriel,gurriyu01
2018,HOU,Brian McCann,11500000,Brian,McCann,brian,mccann,mccanbr01
2018,HOU,Charlie Morton,8875000,Charlie,Morton,charlie,morton,mortoch01
2018,HOU,Joe Smith,7000000,Joe,Smith,joe,smith,smithjo09
2018,HOU,Gerrit Cole,6750000,Gerrit,Cole,gerrit,cole,colege01
2018,HOU,Evan Gattis,6700000,Evan,Gattis,evan,gattis,gattiev01
2018,HOU,Tony Sipp,6000000,Tony,Sipp,tony,sipp,sippto01
2018,HOU,Marwin Gonzalez,5125000,Marwin,Gonzalez,marwin,gonzalez,gonzama01
2018,HOU,Collin McHugh,5000000,Collin,McHugh,collin,mchugh,mchugco01
2018,HOU,Hector Rondon,4000000,Hector,Rondon,hector,rondon,rondohe01
2018,HOU,Will Harris,2800000,Will,Harris,will,harris,harriwi01
2018,HOU,Lance McCullers,2450000,Lance,McCullers,lance,mccullers,mcculla01
2018,HOU,Brad Peacock,2440000,Brad,Peacock,brad,peacock,peacobr01
2018,HOU,Jake Marisnick,1900000,Jake,Marisnick,jake,marisnick,marisja01
2018,HOU,Roberto Osuna,1766690,Roberto,Osuna,roberto,osuna,osunaro01
2018,HOU,Martin Maldonado,1383888,Martin,Maldonado,martin,maldonado,maldoma01
2018,HOU,Carlos Correa,1000000,Carlos,Correa,carlos,correa,correca01
2018,HOU,Chris Devenski,599200,Chris,Devenski,chris,devenski,devench01
2018,HOU,Alex Bregman,599000,Alex,Bregman,alex,bregman,bregmal01
2018,HOU,Max Stassi,557100,Max,Stassi,max,stassi,stassma01
2018,HOU,Tony Kemp,404340,Tony,Kemp,tony,kemp,kempto01
2018,HOU,Dean Deetz,339880,Dean,Deetz,dean,deetz,deetzde01
2018,HOU,Tyler White,278350,Tyler,White,tyler,white,whitety01
2018,HOU,J.D. Davis,233682,J.D.,Davis,jd,davis,davisjd01
2018,HOU,Cionel Perez,213890,Cionel,Perez,cionel,perez,perezci01
2018,HOU,Lorenzo Quintana,200000,Lorenzo,Quintana,lorenzo,quintana,quintlo01
2018,HOU,Kyle Tucker,146500,Kyle,Tucker,kyle,tucker,tuckeky01
2018,HOU,Framber Valdez,120130,Framber,Valdez,framber,valdez,valdefr01
2018,HOU,Josh James,87900,Josh,James,josh,james,jamesjo01
2018,HOU,Myles Straw,46880,Myles,Straw,myles,straw,strawmy01
2018,HOU,Reymin Guduan,43950,Reymin,Guduan,reymin,guduan,guduare01
2018,HOU,Jandel Gustave,556400,Jandel,Gustave,jandel,gustave,gustaja01
2018,SEA,Felix Hernandez,26857142,Felix,Hernandez,felix,hernandez,hernafe01
2018,SEA,Kyle Seager,18500000,Kyle,Seager,kyle,seager,seageky01
2018,SEA,Nelson Cruz,14025000,Nelson,Cruz,nelson,cruz,cruzne01
2018,SEA,Robinson Cano,13677440,Robinson,Cano,robinson,cano,canoro01
2018,SEA,Jean Segura,12000000,Jean,Segura,jean,segura,segurje01
2018,SEA,Mike Leake,11000000,Mike,Leake,mike,leake,leakemi01
2018,SEA,Dee Strange-Gordon,10500000,Dee,Strange-Gordon,dee,strangegordon,strande01
2018,SEA,James Paxton,4900000,James,Paxton,james,paxton,patoja01
2018,SEA,Erasmo Ramirez,4200000,Erasmo,Ramirez,erasmo,ramirez,ramirer01
2018,SEA,Alex Colome,3803565,Alex,Colome,alex,colome,colomal01
2018,SEA,Denard Span,2991923,Denard,Span,denard,span,spande01
2018,SEA,Mike Zunino,2975000,Mike,Zunino,mike,zunino,zuninmi01
2018,SEA,Nick Vincent,2750000,Nick,Vincent,nick,vincent,vinceni01
2018,SEA,Zach Duke,2216658,Zach,Duke,zach,duke,dukeza01
2018,SEA,Adam Warren,1105026,Adam,Warren,adam,warren,warread01
2018,SEA,Cameron Maybin,1083326,Cameron,Maybin,cameron,maybin,maybica01
2018,SEA,Andrew Romine,1050000,Andrew,Romine,andrew,romine,rominan01
2018,SEA,Guillermo Heredia,714680,Guillermo,Heredia,guillermo,heredia,heredgu01
2018,SEA,Wade LeBlanc,700000,Wade,LeBlanc,wade,leblanc,leblawa01
2018,SEA,Roenis Elias,598000,Roenis,Elias,roenis,elias,eliasro01
2018,SEA,Edwin Diaz,570800,Edwin,Diaz,edwin,diaz,diazed01
2018,SEA,Mitch Haniger,560200,Mitch,Haniger,mitch,haniger,hanigmi01
2018,SEA,Ryon Healy,559200,Ryon,Healy,ryon,healy,healyry01
2018,SEA,Marco Gonzales,550300,Marco,Gonzales,marco,gonzales,gonzama01
2018,SEA,James Pazos,515194,James,Pazos,james,pazos,pazosja01
2018,SEA,Ben Gamel,501167,Ben,Gamel,ben,gamel,gamelbe01
2018,SEA,Chasen Bradford,448290,Chasen,Bradford,chasen,bradford,bradfch01
2018,SEA,Chris Herrmann,372110,Chris,Herrmann,chris,herrmann,herrmch01
2018,SEA,David Freitas,363320,David,Freitas,david,freitas,freitda01
2018,SEA,Casey Lawrence,234400,Casey,Lawrence,casey,lawrence,lawreca01
2018,SEA,Dan Vogelbach,228852,Dan,Vogelbach,dan,vogelbach,vogelda01
2018,SEA,Ryan Cook,193380,Ryan,Cook,ryan,cook,cookry01
2018,SEA,Nick Rumbelow,161150,Nick,Rumbelow,nick,rumbelow,rumbeni01
2018,SEA,Gordon Beckham,143570,Gordon,Beckham,gordon,beckham,beckhgo01
2018,SEA,Shawn Armstrong,99620,Shawn,Armstrong,shawn,armstrong,armstsh01
2018,SEA,Kris Negron,87900,Kris,Negron,kris,negron,negrokr01
2018,SEA,Justin Grimm,87900,Justin,Grimm,justin,grimm,grimmju01
2018,SEA,Matt Festa,70320,Matt,Festa,matt,festa,festama01
2018,SEA,Juan Nicasio,8000000,Juan,Nicasio,juan,nicasio,nicasju01
2018,SEA,David Phelps,5550000,David,Phelps,david,phelps,phelpda01
2018,SEA,Sam Tuivailala,193380,Sam,Tuivailala,sam,tuivailala,tuivasa01
2018,TEX,Shin-Soo Choo,20100000,Shin-Soo,Choo,shinsoo,choo,choosh01
2018,TEX,Adrian Beltre,18000000,Adrian,Beltre,adrian,beltre,beltrad01
2018,TEX,Elvis Andrus,15000000,Elvis,Andrus,elvis,andrus,andruel01
2018,TEX,Mike Minor,9000000,Mike,Minor,mike,minor,minormi01
2018,TEX,Matt Moore,9000000,Matt,Moore,matt,moore,moorema01
2018,TEX,Martin Perez,6000000,Martin,Perez,martin,perez,perezma01
2018,TEX,Rougned Odor,3000000,Rougned,Odor,rougned,odor,odorro01
2018,TEX,Bartolo Colon,2450000,Bartolo,Colon,bartolo,colon,colonba01
2018,TEX,Robinson Chirinos,2250000,Robinson,Chirinos,robinson,chirinos,chiriro01
2018,TEX,Chris Martin,1750000,Chris,Martin,chris,martin,martich01
2018,TEX,Yovani Gallardo,1439785,Yovani,Gallardo,yovani,gallardo,gallayo01
2018,TEX,Jurickson Profar,1050000,Jurickson,Profar,jurickson,profar,profaju01
2018,TEX,Ryan Rua,870000,Ryan,Rua,ryan,rua,ruary01
2018,TEX,Claudio,568450,Claudio,,claudio,,cl01
2018,TEX,Nomar Mazara,563560,Nomar,Mazara,nomar,mazara,mazarno01
2018,TEX,Joey Gallo,560000,Joey,Gallo,joey,gallo,gallojo01
2018,TEX,Delino DeShields,549458,Delino,DeShields,delino,deshields,deshide01
2018,TEX,Carlos Tocci,545000,Carlos,Tocci,carlos,tocci,toccica01
2018,TEX,Isiah Kiner-Falefa,509820,Isiah,Kiner-Falefa,isiah,kinerfalefa,kineris01
2018,TEX,Jose Leclerc,501761,Jose,Leclerc,jose,leclerc,leclejo01
2018,TEX,Ronald Guzman,501030,Ronald,Guzman,ronald,guzman,guzmaro01
2018,TEX,Carlos Perez,328160,Carlos,Perez,carlos,perez,perezca02
2018,TEX,Drew Robinson,315222,Drew,Robinson,drew,robinson,robindr01
2018,TEX,Eddie Butler,202554,Eddie,Butler,eddie,butler,butleed01
2018,TEX,Austin Bibens-Dirkx,199240,Austin,Bibens-Dirkx,austin,bibensdirkx,bibenau01
2018,TEX,Ariel Jurado,193380,Ariel,Jurado,ariel,jurado,juradar01
2018,TEX,Brandon Mann,193380,Brandon,Mann,brandon,mann,mannbr01
2018,TEX,Jeffrey Springs,181660,Jeffrey,Springs,jeffrey,springs,sprinje01
2018,TEX,Hanser Alberto,175800,Hanser,Alberto,hanser,alberto,alberha01
2018,TEX,Willie Calhoun,158220,Willie,Calhoun,willie,calhoun,calhowi01
2018,TEX,Yohander Mendez,128920,Yohander,Mendez,yohander,mendez,mendeyo01
2018,TEX,Connor Sadzeck,90830,Connor,Sadzeck,connor,sadzeck,sadzeco01
2018,TEX,Zac Curtis,87900,Zac,Curtis,zac,curtis,curtiza01
2018,TEX,Adrian Sampson,79110,Adrian,Sampson,adrian,sampson,sampsad01
2018,TEX,CD Pelham,79110,CD,Pelham,cd,pelham,pelhacd01
2018,TEX,Doug Fister,3500000,Doug,Fister,doug,fister,fistedo01
2018,TEX,Tony Barnette,1500000,Tony,Barnette,tony,barnette,barneto01
2018,TEX,Ronald Herrera,546000,Ronald,Herrera,ronald,herrera,herrero01
2018,TEX,Clayton Blackburn,545000,Clayton,Blackburn,clayton,blackburn,blackcl01
2018,TEX,Matt Bush,475251,Matt,Bush,matt,bush,bushma01
2018,TEX,Nick Gardewine,117200,Nick,Gardewine,nick,gardewine,gardeni01
2018,OAK,Khris Davis,10500000,Khris,Davis,khris,davis,daviskh01
2018,OAK,Jonathan Lucroy,6500000,Jonathan,Lucroy,jonathan,lucroy,lucrojo01
2018,OAK,Jed Lowrie,6000000,Jed,Lowrie,jed,lowrie,lowrije01
2018,OAK,Matt Joyce,6000000,Matt,Joyce,matt,joyce,joycema01
2018,OAK,Fernando Rodney,4250000,Fernando,Rodney,fernando,rodney,rodnefe01
2018,OAK,Yusmeiro Petit,3500000,Yusmeiro,Petit,yusmeiro,petit,petityu01
2018,OAK,Brett Anderson,3268817,Brett,Anderson,brett,anderson,anderbr06
2018,OAK,Marcus Semien,3125000,Marcus,Semien,marcus,semien,semiema01
2018,OAK,Jeurys Familia,3067776,Jeurys,Familia,jeurys,familia,familje01
2018,OAK,Blake Treinen,2150000,Blake,Treinen,blake,treinen,treinbl01
2018,OAK,Liam Hendriks,1900000,Liam,Hendriks,liam,hendriks,hendrli01
2018,OAK,Michael Fiers,1806448,Michael,Fiers,michael,fiers,fiersmi01
2018,OAK,Shawn Kelley,1755920,Shawn,Kelley,shawn,kelley,kellesh01
2018,OAK,Trevor Cahill,1500000,Trevor,Cahill,trevor,cahill,cahiltr01
2018,OAK,Stephen Piscotty,1000000,Stephen,Piscotty,stephen,piscotty,piscost01
2018,OAK,Josh Phegley,905000,Josh,Phegley,josh,phegley,phegljo01
2018,OAK,Edwin Jackson,790370,Edwin,Jackson,edwin,jackson,jacksed01
2018,OAK,Ryan Buchter,555000,Ryan,Buchter,ryan,buchter,buchtry01
2018,OAK,Chad Pinder,550000,Chad,Pinder,chad,pinder,pindech01
2018,OAK,Matt Chapman,547500,Matt,Chapman,matt,chapman,chapmma01
2018,OAK,Matt Olson,547500,Matt,Olson,matt,olson,olsonma02
2018,OAK,Mark Canha,518144,Mark,Canha,mark,canha,canhama01
2018,OAK,Emilio Pagan,498100,Emilio,Pagan,emilio,pagan,paganem01
2018,OAK,Lou Trivino,474660,Lou,Trivino,lou,trivino,trivilo01
2018,OAK,Daniel Mengden,418048,Daniel,Mengden,daniel,mengden,mengdda01
2018,OAK,Dustin Fowler,341504,Dustin,Fowler,dustin,fowler,fowledu01
2018,OAK,Ryan Dull,301384,Ryan,Dull,ryan,dull,dullry01
2018,OAK,Cory Gearrin,279155,Cory,Gearrin,cory,gearrin,gearrco01
2018,OAK,Franklin Barreto,263700,Franklin,Barreto,franklin,barreto,barrefr01
2018,OAK,Nick Martini,240260,Nick,Martini,nick,martini,martini02
2018,OAK,Frankie Montas,208030,Frankie,Montas,frankie,montas,montafr01
2018,OAK,Ramon Laureano,172870,Ramon,Laureano,ramon,laureano,laurera01
2018,OAK,Chris Bassitt,167010,Chris,Bassitt,chris,bassitt,bassich01
2018,OAK,J.B. Wendelken,164080,J.B.,Wendelken,jb,wendelken,wendejb01
2018,OAK,Beau Taylor,87900,Beau,Taylor,beau,taylor,taylobe01
2018,OAK,Kendall Graveman,2360000,Kendall,Graveman,kendall,graveman,graveke01
2018,OAK,Andrew Triggs,550000,Andrew,Triggs,andrew,triggs,triggan01
2018,OAK,Jharel Cotton,550000,Jharel,Cotton,jharel,cotton,cottojh01
2018,OAK,Sean Manaea,550000,Sean,Manaea,sean,manaea,manaese01
2018,OAK,Paul Blackburn,547500,Paul,Blackburn,paul,blackburn,blackpa01
2018,OAK,Daniel Gossett,415104,Daniel,Gossett,daniel,gossett,gosseda01
2018,LAA,Mike Trout,33250000,Mike,Trout,mike,trout,troutmi01
2018,LAA,Justin Upton,16000000,Justin,Upton,justin,upton,uptonju01
2018,LAA,Andrelton Simmons,11000000,Andrelton,Simmons,andrelton,simmons,simmoan01
2018,LAA,Kole Calhoun,8500000,Kole,Calhoun,kole,calhoun,calhoko01
2018,LAA,Jim Johnson,4500000,Jim,Johnson,jim,johnson,johnsji01
2018,LAA,Matt Shoemaker,4125000,Matt,Shoemaker,matt,shoemaker,shoemma01
2018,LAA,Tyler Skaggs,1875000,Tyler,Skaggs,tyler,skaggs,skaggty01
2018,LAA,Blake Parker,1800000,Blake,Parker,blake,parker,parkebl01
2018,LAA,Cam Bedrosian,1100000,Cam,Bedrosian,cam,bedrosian,bedroca01
2018,LAA,Jose Alvarez,1050000,Jose,Alvarez,jose,alvarez,alvarjo01
2018,LAA,Andrew Heaney,800000,Andrew,Heaney,andrew,heaney,heanean01
2018,LAA,Jefry Marte,559000,Jefry,Marte,jefry,marte,marteje01
2018,LAA,Noe Ramirez,548500,Noe,Ramirez,noe,ramirez,ramirno01
2018,LAA,Shohei Ohtani,545000,Shohei,Ohtani,shohei,ohtani,ohtansh01
2018,LAA,Hansel Robles,489300,Hansel,Robles,hansel,robles,robleha01
2018,LAA,Justin Anderson,474660,Justin,Anderson,justin,anderson,anderju01
2018,LAA,Jaime Barria,398480,Jaime,Barria,jaime,barria,barrija01
2018,LAA,Jose Briceno,348670,Jose,Briceno,jose,briceno,bricejo01
2018,LAA,Felix Pena,345740,Felix,Pena,felix,pena,penafe01
2018,LAA,David Fletcher,325230,David,Fletcher,david,fletcher,fletcda02
2018,LAA,Odrisamer Despaigne,263700,Odrisamer,Despaigne,odrisamer,despaigne,despaod01
2018,LAA,Kaleb Cowart,243190,Kaleb,Cowart,kaleb,cowart,cowarka01
2018,LAA,Taylor Cole,205100,Taylor,Cole,taylor,cole,coleta01
2018,LAA,Francisco Arcia,196310,Francisco,Arcia,francisco,arcia,arciafr01
2018,LAA,Eric Young Jr.,193380,Eric,Young,eric,young,younger01
2018,LAA,Jose Miguel Fernandez,169940,Jose Miguel,Fernandez,josemiguel,fernandez,fernajo01
2018,LAA,Jabari Blash,167010,Jabari,Blash,jabari,blash,blashja01
2018,LAA,Michael Hermosillo,164080,Michael,Hermosillo,michael,hermosillo,hermomi01
2018,LAA,Deck McGuire,161150,Deck,McGuire,deck,mcguire,mcguide01
2018,LAA,Taylor Ward,143570,Taylor,Ward,taylor,ward,wardta01
2018,LAA,Williams Jerez,134780,Williams,Jerez,williams,jerez,jerezwi01
2018,LAA,Ty Buttrey,134780,Ty,Buttrey,ty,buttrey,buttrty01
2018,LAA,Miguel Almonte,93760,Miguel,Almonte,miguel,almonte,almonmi01
2018,LAA,Junichi Tazawa,87900,Junichi,Tazawa,junichi,tazawa,tazawju01
2018,LAA,Joe Hudson,79110,Joe,Hudson,joe,hudson,hudsojo01
2018,LAA,Parker Bridwell,70320,Parker,Bridwell,parker,bridwell,bridwpa01
2018,LAA,Sherman Johnson,38090,Sherman,Johnson,sherman,johnson,johnssh01
2018,LAA,Albert Pujols,30000000,Albert,Pujols,albert,pujols,pujolal01
2018,LAA,Zack Cozart,12666666,Zack,Cozart,zack,cozart,cozarza01
2018,LAA,Garrett Richards,7300000,Garrett,Richards,garrett,richards,richaga01
2018,LAA,Chris Young,2000000,Chris,Young,chris,young,youngch01
2018,LAA,J.C. Ramirez,1900000,J.C.,Ramirez,jc,ramirez,ramirjc01
2018,LAA,Blake Wood,1450000,Blake,Wood,blake,wood,woodbl01
2018,LAA,Alex Meyer,551500,Alex,Meyer,alex,meyer,meyeral01
2018,LAA,Keynan Middleton,551000,Keynan,Middleton,keynan,middleton,middlke01
2018,LAA,Nick Tropeano,503960,Nick,Tropeano,nick,tropeano,tropeni01
2018,LAA,John Lamb,313510,John,Lamb,john,lamb,lambjo01
2018,LAA,Jake Jewell,295930,Jake,Jewell,jake,jewell,jewelja01
2018,PHI,Jake Arrieta,30000000,Jake,Arrieta,jake,arrieta,arrieja01
2018,PHI,Carlos Santana,25000000,Carlos,Santana,carlos,santana,santaca01
2018,PHI,Pat Neshek,9750000,Pat,Neshek,pat,neshek,neshepa01
2018,PHI,Tommy Hunter,9000000,Tommy,Hunter,tommy,hunter,hunteto01
2018,PHI,Cesar Hernandez,5100000,Cesar,Hernandez,cesar,hernandez,hernace01
2018,PHI,Wilson Ramos,3500024,Wilson,Ramos,wilson,ramos,ramoswi01
2018,PHI,Odubel Herrera,3000000,Odubel,Herrera,odubel,herrera,herreod01
2018,PHI,Maikel Franco,2950000,Maikel,Franco,maikel,franco,francma01
2018,PHI,Asdrubal Cabrera,2883075,Asdrubal,Cabrera,asdrubal,cabrera,cabreas01
2018,PHI,Scott Kingery,2250000,Scott,Kingery,scott,kingery,kingesc01
2018,PHI,Luis Garcia,1200000,Luis,Garcia,luis,garcia,garcilu04
2018,PHI,Justin Bour,950560,Justin,Bour,justin,bour,bourju01
2018,PHI,Aaron Loup,604190,Aaron,Loup,aaron,loup,loupaa01
2018,PHI,Pedro Florimon,600000,Pedro,Florimon,pedro,florimon,floripe01
2018,PHI,Aaron Nola,573000,Aaron,Nola,aaron,nola,nolaaa01
2018,PHI,Jerad Eickhoff,568000,Jerad,Eickhoff,jerad,eickhoff,eickhje01
2018,PHI,Adam Morgan,560000,Adam,Morgan,adam,morgan,morgaad01
2018,PHI,Vince Velasquez,559000,Vince,Velasquez,vince,velasquez,velasvi01
2018,PHI,Nick Williams,553000,Nick,Williams,nick,williams,willini01
2018,PHI,Rhys Hoskins,552500,Rhys,Hoskins,rhys,hoskins,hoskirh01
2018,PHI,Nick Pivetta,551000,Nick,Pivetta,nick,pivetta,pivetni01
2018,PHI,Jorge Alfaro,547000,Jorge,Alfaro,jorge,alfaro,alfarjo01
2018,PHI,Victor Arano,545500,Victor,Arano,victor,arano,aranovi01
2018,PHI,Edubray Ramos,506260,Edubray,Ramos,edubray,ramos,ramosed01
2018,PHI,Andrew Knapp,500820,Andrew,Knapp,andrew,knapp,knappan01
2018,PHI,J.P. Crawford,483945,J.P.,Crawford,jp,crawford,crawfjp01
2018,PHI,Aaron Altherr,440336,Aaron,Altherr,aaron,altherr,altheaa01
2018,PHI,Seranthony Dominguez,430710,Seranthony,Dominguez,seranthony,dominguez,dominse01
2018,PHI,Hector Neris,422820,Hector,Neris,hector,neris,nerishe01
2018,PHI,Zach Eflin,421920,Zach,Eflin,zach,eflin,eflinza01
2018,PHI,Yacksel Rios,336950,Yacksel,Rios,yacksel,rios,riosya01
2018,PHI,Austin Davis,310580,Austin,Davis,austin,davis,davisau01
2018,PHI,Dylan Cozens,228540,Dylan,Cozens,dylan,cozens,cozendy01
2018,PHI,Roman Quinn,193380,Roman,Quinn,roman,quinn,quinnro01
2018,PHI,Jose Bautista,99620,Jose,Bautista,jose,bautista,bautijo01
2018,PHI,Luis Avilan,96774,Luis,Avilan,luis,avilan,avilalu01
2018,PHI,Mitchell Walding,96690,Mitchell,Walding,mitchell,walding,waldimi01
2018,PHI,Enyel De Los Santos,84970,Enyel De Los,Santos,enyeldelos,santos,santoen01
2018,PHI,Drew Anderson,67390,Drew,Anderson,drew,anderson,anderdr01
2018,PHI,Ranger Suarez,64460,Ranger,Suarez,ranger,suarez,suarera01
2018,PHI,Cole Hamels,2500000,Cole,Hamels,cole,hamels,hamelco01
2018,PHI,Matt Harrison,2000000,Matt,Harrison,matt,harrison,harrima01
2018,PHI,Michael Saunders,1000000,Michael,Saunders,michael,saunders,saundmi01
2018,PHI,Cameron Rupp,495968,Cameron,Rupp,cameron,rupp,ruppca01
2018,PHI,Drew Hutchison,338688,Drew,Hutchison,drew,hutchison,hutchdr01
2018,PHI,Mark Leiter Jr.,262906,Mark,Leiter,mark,leiter,leitema01
2018,PHI,Ben Lively,124194,Ben,Lively,ben,lively,livelbe01
2018,PHI,Jake Thompson,85608,Jake,Thompson,jake,thompson,thompja01
2018,PHI,Hoby Milner,73650,Hoby,Milner,hoby,milner,milneho01
2018,PHI,Zac Curtis,55670,Zac,Curtis,zac,curtis,curtiza01
2018,ATL,Freddie Freeman,21250000,Freddie,Freeman,freddie,freeman,freemfr01
2018,ATL,Nick Markakis,10550000,Nick,Markakis,nick,markakis,markani01
2018,ATL,Julio Teheran,8000000,Julio,Teheran,julio,teheran,teherju01
2018,ATL,Tyler Flowers,4300000,Tyler,Flowers,tyler,flowers,flowety01
2018,ATL,Ender Inciarte,4000000,Ender,Inciarte,ender,inciarte,inciaen01
2018,ATL,Kurt Suzuki,3850000,Kurt,Suzuki,kurt,suzuki,suzukku01
2018,ATL,Arodys Vizcaino,3400000,Arodys,Vizcaino,arodys,vizcaino,vizcaar01
2018,ATL,Mike Foltynewicz,2200000,Mike,Foltynewicz,mike,foltynewicz,foltymi01
2018,ATL,Kevin Gausman,1866696,Kevin,Gausman,kevin,gausman,gausmke01
2018,ATL,Brad Brach,1749447,Brad,Brach,brad,brach,brachbr01
2018,ATL,Sam Freeman,1075000,Sam,Freeman,sam,freeman,freemsa01
2018,ATL,Anibal Sanchez,1000000,Anibal,Sanchez,anibal,sanchez,sanchan01
2018,ATL,Ryan Flaherty,750000,Ryan,Flaherty,ryan,flaherty,flahery01
2018,ATL,Dan Winkler,610000,Dan,Winkler,dan,winkler,winklda01
2018,ATL,Lucas Duda,601075,Lucas,Duda,lucas,duda,dudalu01
2018,ATL,Charlie Culberson,575000,Charlie,Culberson,charlie,culberson,culbech01
2018,ATL,Dansby Swanson,565000,Dansby,Swanson,dansby,swanson,swansda01
2018,ATL,Shane Carle,555000,Shane,Carle,shane,carle,carlesh01
2018,ATL,Sean Newcomb,555000,Sean,Newcomb,sean,newcomb,newcose01
2018,ATL,A.J. Minter,555000,A.J.,Minter,aj,minter,minteaj01
2018,ATL,Johan Camargo,555000,Johan,Camargo,johan,camargo,camarjo01
2018,ATL,Ozzie Albies,555000,Ozzie,Albies,ozzie,albies,albieoz01
2018,ATL,Rene Rivera,496782,Rene,Rivera,rene,rivera,riverre01
2018,ATL,Jesse Biddle,486380,Jesse,Biddle,jesse,biddle,biddlje01
2018,ATL,Ronald Acuna Jr.,465870,Ronald,Acuna,ronald,acuna,acunaro01
2018,ATL,Luke Jackson,372110,Luke,Jackson,luke,jackson,jackslu01
2018,ATL,Max Fried,293000,Max,Fried,max,fried,friedma01
2018,ATL,Adam Duvall,215016,Adam,Duvall,adam,duvall,duvalad01
2018,ATL,Jonny Venters,193380,Jonny,Venters,jonny,venters,ventejo01
2018,ATL,Kolby Allard,125990,Kolby,Allard,kolby,allard,allarko01
2018,ATL,Touki Toussaint,90830,Touki,Toussaint,touki,toussaint,toussto01
2018,ATL,Bryse Wilson,90830,Bryse,Wilson,bryse,wilson,wilsobr01
2018,ATL,Lane Adams,87900,Lane,Adams,lane,adams,adamsla01
2018,ATL,Kyle Wright,87900,Kyle,Wright,kyle,wright,wrighky01
2018,ATL,Preston Tucker,85064,Preston,Tucker,preston,tucker,tuckepr01
2018,ATL,Rio Ruiz,77584,Rio,Ruiz,rio,ruiz,ruizri01
2018,ATL,Chad Sobotka,55670,Chad,Sobotka,chad,sobotka,sobotch01
2018,ATL,Brandon McCarthy,7000000,Brandon,McCarthy,brandon,mccarthy,mccarbr01
2018,ATL,Darren O'Day,2999994,Darren,O'Day,darren,oday,odayda01
2018,ATL,Jacob Lindgren,820000,Jacob,Lindgren,jacob,lindgren,lindgja01
2018,ATL,Peter Moylan,575000,Peter,Moylan,peter,moylan,moylape01
2018,ATL,Grant Dayton,565000,Grant,Dayton,grant,dayton,daytogr01
2018,ATL,Jose Ramirez,565000,Jose,Ramirez,jose,ramirez,ramirjo01
2018,ATL,Michael Soroka,448290,Michael,Soroka,michael,soroka,sorokmi01
2018,ATL,Luiz Gohara,193960,Luiz,Gohara,luiz,gohara,goharlu01
2018,ATL,Michael Reed,131850,Michael,Reed,michael,reed,reedmi01
2018,NYM,David Wright,20000000,David,Wright,david,wright,wrighda01
2018,NYM,Jay Bruce,10000000,Jay,Bruce,jay,bruce,bruceja01
2018,NYM,Todd Frazier,8000000,Todd,Frazier,todd,frazier,frazito01
2018,NYM,Jacob deGrom,7400000,Jacob,deGrom,jacob,degrom,degroja01
2018,NYM,Jerry Blevins,7000000,Jerry,Blevins,jerry,blevins,blevije01
2018,NYM,Jason Vargas,6000000,Jason,Vargas,jason,vargas,vargaja01
2018,NYM,Anthony Swarzak,6000000,Anthony,Swarzak,anthony,swarzak,swarzan01
2018,NYM,Wilmer Flores,3400000,Wilmer,Flores,wilmer,flores,florewi01
2018,NYM,Noah Syndergaard,2975000,Noah,Syndergaard,noah,syndergaard,syndeno01
2018,NYM,Jose Reyes,2000000,Jose,Reyes,jose,reyes,reyesjo01
2018,NYM,Zack Wheeler,1900000,Zack,Wheeler,zack,wheeler,wheelza01
2018,NYM,Michael Conforto,605094,Michael,Conforto,michael,conforto,confomi01
2018,NYM,Steven Matz,577000,Steven,Matz,steven,matz,matzst01
2018,NYM,Seth Lugo,564000,Seth,Lugo,seth,lugo,lugose01
2018,NYM,Robert Gsellman,562375,Robert,Gsellman,robert,gsellman,gsellro01
2018,NYM,Kevin Plawecki,557471,Kevin,Plawecki,kevin,plawecki,plaweke01
2018,NYM,Amed Rosario,548940,Amed,Rosario,amed,rosario,rosaram01
2018,NYM,Brandon Nimmo,546987,Brandon,Nimmo,brandon,nimmo,nimmobr01
2018,NYM,Paul Sewald,475840,Paul,Sewald,paul,sewald,sewalpa01
2018,NYM,Jose Lobaton,463680,Jose,Lobaton,jose,lobaton,lobatjo01
2018,NYM,Jacob Rhame,305136,Jacob,Rhame,jacob,rhame,rhameja01
2018,NYM,Corey Oswalt,287140,Corey,Oswalt,corey,oswalt,oswalco01
2018,NYM,Tyler Bashlor,287140,Tyler,Bashlor,tyler,bashlor,bashlty01
2018,NYM,Tim Peterson,272490,Tim,Peterson,tim,peterson,peterti01
2018,NYM,Drew Smith,260770,Drew,Smith,drew,smith,smithdr01
2018,NYM,Tomas Nido,219750,Tomas,Nido,tomas,nido,nidoto01
2018,NYM,Dominic Smith,219750,Dominic,Smith,dominic,smith,smithdo02
2018,NYM,Jeff McNeil,202170,Jeff,McNeil,jeff,mcneil,mcneije01
2018,NYM,Austin Jackson,193380,Austin,Jackson,austin,jackson,jacksau01
2018,NYM,Daniel Zamora,131850,Daniel,Zamora,daniel,zamora,zamorda01
2018,NYM,Jack Reinheimer,114270,Jack,Reinheimer,jack,reinheimer,reinhja01
2018,NYM,Drew Gagnon,84970,Drew,Gagnon,drew,gagnon,gagnodr01
2018,NYM,Yoenis Cespedes,29000000,Yoenis,Cespedes,yoenis,cespedes,cespeyo01
2018,NYM,A.J. Ramos,9225000,A.J.,Ramos,aj,ramos,ramosaj01
2018,NYM,Juan Lagares,6500000,Juan,Lagares,juan,lagares,lagarju01
2018,NYM,Travis d'Arnaud,3475000,Travis,d'Arnaud,travis,darnaud,darnatr01
2018,NYM,Rafael Montero,558025,Rafael,Montero,rafael,montero,montera01
2018,NYM,T.J. Rivera,556071,T.J.,Rivera,tj,rivera,rivertj01
2018,NYM,Phillip Evans,253640,Phillip,Evans,phillip,evans,evansph01
2018,NYM,Bobby Wahl,175800,Bobby,Wahl,bobby,wahl,wahlbo01
2018,NYM,Eric Hanhold,87900,Eric,Hanhold,eric,hanhold,hanhoer01
2018,WSH,Bryce Harper,21725000,Bryce,Harper,bryce,harper,harpebr03
2018,WSH,Max Scherzer,15100000,Max,Scherzer,max,scherzer,scherma01
2018,WSH,Stephen Strasburg,15000000,Stephen,Strasburg,stephen,strasburg,strasst01
2018,WSH,Ryan Zimmerman,14000000,Ryan,Zimmerman,ryan,zimmerman,zimmery01
2018,WSH,Anthony Rendon,12300000,Anthony,Rendon,anthony,rendon,rendoan01
2018,WSH,Matt Wieters,10500000,Matt,Wieters,matt,wieters,wietema01
2018,WSH,Tanner Roark,6475000,Tanner,Roark,tanner,roark,roarkta01
2018,WSH,Adam Eaton,6000000,Adam,Eaton,adam,eaton,eatonad01
2018,WSH,Sean Doolittle,4350000,Sean,Doolittle,sean,doolittle,doolise01
2018,WSH,Michael A. Taylor,2525000,Michael A.,Taylor,michaela,taylor,taylomi02
2018,WSH,Jeremy Hellickson,2000000,Jeremy,Hellickson,jeremy,hellickson,hellije01
2018,WSH,Gio Gonzalez,1999996,Gio,Gonzalez,gio,gonzalez,gonzagi01
2018,WSH,Mark Reynolds,763440,Mark,Reynolds,mark,reynolds,reynoma01
2018,WSH,Trea Turner,577200,Trea,Turner,trea,turner,turnetr01
2018,WSH,Joe Ross,567900,Joe,Ross,joe,ross,rossjo01
2018,WSH,Wilmer Difo,557900,Wilmer,Difo,wilmer,difo,difowi01
2018,WSH,Matt Grace,557000,Matt,Grace,matt,grace,gracema01
2018,WSH,Koda Glover,501254,Koda,Glover,koda,glover,gloveko01
2018,WSH,Spencer Kieboom,418990,Spencer,Kieboom,spencer,kieboom,kiebosp01
2018,WSH,Sammy Solis,403608,Sammy,Solis,sammy,solis,solissa01
2018,WSH,Juan Soto,392620,Juan,Soto,juan,soto,sotoju01
2018,WSH,Justin Miller,377970,Justin,Miller,justin,miller,milleju01
2018,WSH,Pedro Severino,375040,Pedro,Severino,pedro,severino,severpe01
2018,WSH,Wander Suero,360390,Wander,Suero,wander,suero,suerowa01
2018,WSH,Erick Fedde,325230,Erick,Fedde,erick,fedde,feddeer01
2018,WSH,Tim Collins,266630,Tim,Collins,tim,collins,colliti01
2018,WSH,Andrew Stevenson,251980,Andrew,Stevenson,andrew,stevenson,stevean01
2018,WSH,Adrian Sanchez,184590,Adrian,Sanchez,adrian,sanchez,sanchad01
2018,WSH,Jefry Rodriguez,172870,Jefry,Rodriguez,jefry,rodriguez,rodrije01
2018,WSH,Greg Holland,161150,Greg,Holland,greg,holland,hollagr01
2018,WSH,Jimmy Cordero,152360,Jimmy,Cordero,jimmy,cordero,cordeji01
2018,WSH,Austin Voth,102550,Austin,Voth,austin,voth,vothau01
2018,WSH,Austen Williams,87900,Austen,Williams,austen,williams,williau01
2018,WSH,Victor Robles,79110,Victor,Robles,victor,robles,roblevi01
2018,WSH,Kyle McGowin,79110,Kyle,McGowin,kyle,mcgowin,mcgowky01
2018,WSH,Kelvin Herrera,4480875,Kelvin,Herrera,kelvin,herrera,herreke01
2018,WSH,Howie Kendrick,3000000,Howie,Kendrick,howie,kendrick,kendrho01
2018,WSH,Joaquin Benoit,1000000,Joaquin,Benoit,joaquin,benoit,benoijo01
2018,WSH,Jhonatan Solano,545000,Jhonatan,Solano,jhonatan,solano,solanjh01
2018,MIA,Wei-Yin Chen,16000000,Wei-Yin,Chen,weiyin,chen,chenwe01
2018,MIA,Starlin Castro,10000000,Starlin,Castro,starlin,castro,castrst01
2018,MIA,Dan Straily,3284275,Dan,Straily,dan,straily,straida01
2018,MIA,Derek Dietrich,2900000,Derek,Dietrich,derek,dietrich,dietrde01
2018,MIA,J.T. Realmuto,2900000,J.T.,Realmuto,jt,realmuto,realmjt01
2018,MIA,Miguel Rojas,1180000,Miguel,Rojas,miguel,rojas,rojasmi02
2018,MIA,Kyle Barraclough,1113000,Kyle,Barraclough,kyle,barraclough,barraky01
2018,MIA,Drew Steckenrider,1090000,Drew,Steckenrider,drew,steckenrider,steckdr01
2018,MIA,Elieser Hernandez,1090000,Elieser,Hernandez,elieser,hernandez,hernael01
2018,MIA,Brett Graves,1090000,Brett,Graves,brett,graves,gravebr01
2018,MIA,Bryan Holaday,1000000,Bryan,Holaday,bryan,holaday,holadbr01
2018,MIA,Jose Urena,556454,Jose,Urena,jose,urena,urenajo01
2018,MIA,Yadiel Rivera,545000,Yadiel,Rivera,yadiel,rivera,riverya01
2018,MIA,Tayron Guerrero,545000,Tayron,Guerrero,tayron,guerrero,guerrta01
2018,MIA,Lewis Brinson,545000,Lewis,Brinson,lewis,brinson,brinsle01
2018,MIA,Brian Anderson,545000,Brian,Anderson,brian,anderson,anderbr06
2018,MIA,Trevor Richards,416060,Trevor,Richards,trevor,richards,richatr01
2018,MIA,Adam Conley,398480,Adam,Conley,adam,conley,conlead01
2018,MIA,Jarlin Garcia,381952,Jarlin,Garcia,jarlin,garcia,garcija01
2018,MIA,J.T. Riddle,375040,J.T.,Riddle,jt,riddle,riddljt01
2018,MIA,Drew Rucinski,351600,Drew,Rucinski,drew,rucinski,rucindr01
2018,MIA,Nick Wittgren,290070,Nick,Wittgren,nick,wittgren,wittgni01
2018,MIA,Ben Meyer,263700,Ben,Meyer,ben,meyer,meyerbe01
2018,MIA,Sandy Alcantara,205100,Sandy,Alcantara,sandy,alcantara,alcansa01
2018,MIA,Magneuris Sierra,201480,Magneuris,Sierra,magneuris,sierra,sierrma01
2018,MIA,Isaac Galloway,181660,Isaac,Galloway,isaac,galloway,gallois01
2018,MIA,Tyler Kinley,158220,Tyler,Kinley,tyler,kinley,kinlety01
2018,MIA,Chad Wallach,155290,Chad,Wallach,chad,wallach,wallach01
2018,MIA,Austin Dean,137710,Austin,Dean,austin,dean,deanau01
2018,MIA,Jeff Brigham,87900,Jeff,Brigham,jeff,brigham,brighje01
2018,MIA,Peter O'Brien,79110,Peter,O'Brien,peter,obrien,obriepe01
2018,MIA,Martin Prado,13500000,Martin,Prado,martin,prado,pradoma01
2018,MIA,Caleb Smith,1090000,Caleb,Smith,caleb,smith,smithca07
2018,MIA,Garrett Cooper,545000,Garrett,Cooper,garrett,cooper,coopega03
2018,MIA,Pablo Lopez,272490,Pablo,Lopez,pablo,lopez,lopezpa01
2018,MIL,Ryan Braun,20000000,Ryan,Braun,ryan,braun,braunry01
2018,MIL,Lorenzo Cain,13300000,Lorenzo,Cain,lorenzo,cain,cainlo01
2018,MIL,Jhoulys Chacin,9500000,Jhoulys,Chacin,jhoulys,chacin,chacijh01
2018,MIL,Christian Yelich,7000000,Christian,Yelich,christian,yelich,yelicch01
2018,MIL,Chase Anderson,5250000,Chase,Anderson,chase,anderson,anderch01
2018,MIL,Eric Thames,5000000,Eric,Thames,eric,thames,thameer01
2018,MIL,Mike Moustakas,4122050,Mike,Moustakas,mike,moustakas,moustmi01
2018,MIL,Corey Knebel,3650000,Corey,Knebel,corey,knebel,knebeco01
2018,MIL,Joakim Soria,2838709,Joakim,Soria,joakim,soria,soriajo01
2018,MIL,Jonathan Schoop,2833338,Jonathan,Schoop,jonathan,schoop,schoojo01
2018,MIL,Matt Albers,2500000,Matt,Albers,matt,albers,alberma01
2018,MIL,Wade Miley,2500000,Wade,Miley,wade,miley,mileywa01
2018,MIL,Jeremy Jeffress,2300000,Jeremy,Jeffress,jeremy,jeffress,jeffrje01
2018,MIL,Hernan Perez,1975000,Hernan,Perez,hernan,perez,perezhe01
2018,MIL,Curtis Granderson,833342,Curtis,Granderson,curtis,granderson,grandcu01
2018,MIL,Dan Jennings,750000,Dan,Jennings,dan,jennings,jennida01
2018,MIL,Zach Davies,572000,Zach,Davies,zach,davies,davieza01
2018,MIL,Travis Shaw,567400,Travis,Shaw,travis,shaw,shawtr01
2018,MIL,Manuel Pina,560100,Manuel,Pina,manuel,pina,pinama01
2018,MIL,Jesus Aguilar,557200,Jesus,Aguilar,jesus,aguilar,aguilje01
2018,MIL,Josh Hader,556500,Josh,Hader,josh,hader,haderjo01
2018,MIL,Junior Guerra,545000,Junior,Guerra,junior,guerra,guerrju01
2018,MIL,Taylor Williams,489310,Taylor,Williams,taylor,williams,willita01
2018,MIL,Orlando Arcia,472413,Orlando,Arcia,orlando,arcia,arciaor01
2018,MIL,Freddy Peralta,468800,Freddy,Peralta,freddy,peralta,peralfr01
2018,MIL,Jacob Barnes,441735,Jacob,Barnes,jacob,barnes,barneja01
2018,MIL,Nick Franklin,427780,Nick,Franklin,nick,franklin,frankni01
2018,MIL,Tyler Saladino,407092,Tyler,Saladino,tyler,saladino,saladty01
2018,MIL,Erik Kratz,377970,Erik,Kratz,erik,kratz,kratzer01
2018,MIL,Domingo Santana,356932,Domingo,Santana,domingo,santana,santado01
2018,MIL,Corbin Burnes,249050,Corbin,Burnes,corbin,burnes,burneco01
2018,MIL,Jordan Lyles,229824,Jordan,Lyles,jordan,lyles,lylesjo01
2018,MIL,Brandon Woodruff,210018,Brandon,Woodruff,brandon,woodruff,woodrbr01
2018,MIL,Keon Broxton,205100,Keon,Broxton,keon,broxton,brotke01
2018,MIL,Xavier Cedeno,174995,Xavier,Cedeno,xavier,cedeno,cedena01
2018,MIL,Jacob Nottingham,152360,Jacob,Nottingham,jacob,nottingham,nottija01
2018,MIL,Jimmy Nelson,3700000,Jimmy,Nelson,jimmy,nelson,nelsoji01
2018,MIL,Stephen Vogt,3065000,Stephen,Vogt,stephen,vogt,vogtst01
2018,MIL,Brent Suter,556500,Brent,Suter,brent,suter,suterbr01
2018,CHC,Jon Lester,22500000,Jon,Lester,jon,lester,lestejo01
2018,CHC,Jason Heyward,21500000,Jason,Heyward,jason,heyward,heywaja01
2018,CHC,Ben Zobrist,16000000,Ben,Zobrist,ben,zobrist,zobribe01
2018,CHC,Tyler Chatwood,12500000,Tyler,Chatwood,tyler,chatwood,chatwty01
2018,CHC,Kris Bryant,10850000,Kris,Bryant,kris,bryant,bryankr01
2018,CHC,Jose Quintana,8850000,Jose,Quintana,jose,quintana,quintjo01
2018,CHC,Steve Cishek,7500000,Steve,Cishek,steve,cishek,cishest01
2018,CHC,Anthony Rizzo,7000000,Anthony,Rizzo,anthony,rizzo,rizzoan01
2018,CHC,Pedro Strop,5850000,Pedro,Strop,pedro,strop,stroppe01
2018,CHC,Justin Wilson,4250000,Justin,Wilson,justin,wilson,wilsoju01
2018,CHC,Kyle Hendricks,4175000,Kyle,Hendricks,kyle,hendricks,hendrky01
2018,CHC,Daniel Murphy,3857526,Daniel,Murphy,daniel,murphy,murphda01
2018,CHC,Brian Duensing,3500000,Brian,Duensing,brian,duensing,duensbr01
2018,CHC,Cole Hamels,2096774,Cole,Hamels,cole,hamels,hamelco01
2018,CHC,Brandon Kintzler,1666684,Brandon,Kintzler,brandon,kintzler,kintzbr01
2018,CHC,Tommy La Stella,950000,Tommy La,Stella,tommyla,stella,stellto01
2018,CHC,Javier Baez,657000,Javier,Baez,javier,baez,baezja01
2018,CHC,Mike Montgomery,611250,Mike,Montgomery,mike,montgomery,montgmi01
2018,CHC,Kyle Schwarber,604500,Kyle,Schwarber,kyle,schwarber,schwaky01
2018,CHC,Willson Contreras,604500,Willson,Contreras,willson,contreras,contrwi02
2018,CHC,C.J. Edwards,594000,C.J.,Edwards,cj,edwards,edwarcj01
2018,CHC,Albert Almora,584500,Albert,Almora,albert,almora,almoral01
2018,CHC,Ian Happ,570000,Ian,Happ,ian,happ,happia01
2018,CHC,Victor Caratini,432768,Victor,Caratini,victor,caratini,caratvi01
2018,CHC,Jesse Chavez,397824,Jesse,Chavez,jesse,chavez,chaveje01
2018,CHC,Randy Rosario,354530,Randy,Rosario,randy,rosario,rosarra01
2018,CHC,David Bote,293000,David,Bote,david,bote,boteda01
2018,CHC,Jorge De La Rosa,149430,Jorge De La,Rosa,jorgedela,rosa,rosajo01
2018,CHC,James Norwood,131850,James,Norwood,james,norwood,norwoja01
2018,CHC,Dillon Maples,117200,Dillon,Maples,dillon,maples,mapledi01
2018,CHC,Bobby Wilson,93760,Bobby,Wilson,bobby,wilson,wilsobo01
2018,CHC,Terrance Gore,87900,Terrance,Gore,terrance,gore,gorete01
2018,CHC,Taylor Davis,87900,Taylor,Davis,taylor,davis,davista01
2018,CHC,Alec Mills,82040,Alec,Mills,alec,mills,millsal01
2018,CHC,Jaime Garcia,79110,Jaime,Garcia,jaime,garcia,garcija01
2018,CHC,Allen Webster,35160,Allen,Webster,allen,webster,webstal01
2018,CHC,Mike Freeman,26370,Mike,Freeman,mike,freeman,freemmi01
2018,CHC,Yu Darvish,25000000,Yu,Darvish,yu,darvish,darviyu01
2018,CHC,Brandon Morrow,9000000,Brandon,Morrow,brandon,morrow,morrobr01
2018,CHC,Drew Smyly,3000000,Drew,Smyly,drew,smyly,smylydr01
2018,CHC,Justin Hancock,354530,Justin,Hancock,justin,hancock,hancoju01
2018,CHC,Mark Zagunis,96690,Mark,Zagunis,mark,zagunis,zagunma01
2018,STL,Yadier Molina,19892473,Yadier,Molina,yadier,molina,molinya01
2018,STL,Adam Wainwright,19500000,Adam,Wainwright,adam,wainwright,wainwad01
2018,STL,Matt Carpenter,13500000,Matt,Carpenter,matt,carpenter,carpema01
2018,STL,Carlos Martinez,11500000,Carlos,Martinez,carlos,martinez,martica01
2018,STL,Marcell Ozuna,9000000,Marcell,Ozuna,marcell,ozuna,ozunama01
2018,STL,Jedd Gyorko,9000000,Jedd,Gyorko,jedd,gyorko,gyorkje01
2018,STL,Brett Cecil,7500000,Brett,Cecil,brett,cecil,cecilbr01
2018,STL,Miles Mikolas,7500000,Miles,Mikolas,miles,mikolas,mikolmi01
2018,STL,Kolten Wong,4000000,Kolten,Wong,kolten,wong,wongko01
2018,STL,Bud Norris,3000000,Bud,Norris,bud,norris,norribu01
2018,STL,Paul DeJong,2000000,Paul,DeJong,paul,dejong,dejonpa01
2018,STL,Tyson Ross,1486313,Tyson,Ross,tyson,ross,rossty01
2018,STL,Dominic Leone,1085000,Dominic,Leone,dominic,leone,leonedo01
2018,STL,Matt Adams,881705,Matt,Adams,matt,adams,adamsma01
2018,STL,Francisco Pena,650000,Francisco,Pena,francisco,pena,penafr01
2018,STL,Greg Garcia,569600,Greg,Garcia,greg,garcia,garcigr01
2018,STL,Jose Martinez,560400,Jose,Martinez,jose,martinez,martijo01
2018,STL,Jordan Hicks,545000,Jordan,Hicks,jordan,hicks,hicksjo01
2018,STL,Harrison Bader,530330,Harrison,Bader,harrison,bader,baderha01
2018,STL,Luke Weaver,512253,Luke,Weaver,luke,weaver,weavelu01
2018,STL,Mike Mayers,477590,Mike,Mayers,mike,mayers,mayermi01
2018,STL,Yairo Munoz,454150,Yairo,Munoz,yairo,munoz,munozya01
2018,STL,Jack Flaherty,433640,Jack,Flaherty,jack,flaherty,flaheja01
2018,STL,John Gant,375040,John,Gant,john,gant,gantjo01
2018,STL,John Brebbia,368032,John,Brebbia,john,brebbia,brebbjo01
2018,STL,Austin Gomber,322300,Austin,Gomber,austin,gomber,gombeau01
2018,STL,Tyler O'Neill,295930,Tyler,O'Neill,tyler,oneill,oneilty01
2018,STL,Chasen Shreve,283840,Chasen,Shreve,chasen,shreve,shrevch01
2018,STL,Dakota Hudson,193380,Dakota,Hudson,dakota,hudson,hudsoda01
2018,STL,Daniel Ponce de Leon,178730,Daniel Ponce de,Leon,danielponcede,leon,leonda01
2018,STL,Carson Kelly,175800,Carson,Kelly,carson,kelly,kellyca02
2018,STL,Tyler Webb,140640,Tyler,Webb,tyler,webb,webbty01
2018,STL,Patrick Wisdom,131850,Patrick,Wisdom,patrick,wisdom,wisdopa01
2018,STL,Adolis Garcia,120130,Adolis,Garcia,adolis,garcia,garciad02
2018,STL,Giovanny Gallegos,29570,Giovanny,Gallegos,giovanny,gallegos,gallegi01
2018,STL,Edmundo Sosa,23440,Edmundo,Sosa,edmundo,sosa,sosaed01
2018,STL,Dexter Fowler,16500000,Dexter,Fowler,dexter,fowler,fowlede01
2018,STL,Michael Wacha,5300000,Michael,Wacha,michael,wacha,wachami01
2018,STL,Luke Gregerson,5000000,Luke,Gregerson,luke,gregerson,gregelu01
2018,STL,Alex Reyes,545600,Alex,Reyes,alex,reyes,reyesal01
2018,CIN,Joey Votto,25075000,Joey,Votto,joey,votto,vottojo01
2018,CIN,Homer Bailey,21000000,Homer,Bailey,homer,bailey,baileho01
2018,CIN,Tucker Barnhart,5750000,Tucker,Barnhart,tucker,barnhart,barnhtu01
2018,CIN,Scooter Gennett,5700000,Scooter,Gennett,scooter,gennett,gennesc01
2018,CIN,Billy Hamilton,4600000,Billy,Hamilton,billy,hamilton,hamilbi02
2018,CIN,Raisel Iglesias,4500000,Raisel,Iglesias,raisel,iglesias,iglesra01
2018,CIN,Eugenio Suarez,4250000,Eugenio,Suarez,eugenio,suarez,suareeu01
2018,CIN,Jared Hughes,2875000,Jared,Hughes,jared,hughes,hugheja01
2018,CIN,David Hernandez,2800000,David,Hernandez,david,hernandez,hernada01
2018,CIN,Michael Lorenzen,1312500,Michael,Lorenzen,michael,lorenzen,lorenmi01
2018,CIN,Anthony DeSclafani,860000,Anthony,DeSclafani,anthony,desclafani,desclan01
2018,CIN,Scott Schebler,580000,Scott,Schebler,scott,schebler,schebsc01
2018,CIN,Jose Peraza,570000,Jose,Peraza,jose,peraza,perazjo01
2018,CIN,Luis Castillo,555000,Luis,Castillo,luis,castillo,castilu01
2018,CIN,Amir Garrett,545000,Amir,Garrett,amir,garrett,garream01
2018,CIN,Sal Romano,545000,Sal,Romano,sal,romano,romansa01
2018,CIN,Tyler Mahle,451220,Tyler,Mahle,tyler,mahle,mahlety01
2018,CIN,Wandy Peralta,449550,Wandy,Peralta,wandy,peralta,peralwa01
2018,CIN,Jackson Stephens,404340,Jackson,Stephens,jackson,stephens,stephja01
2018,CIN,Curt Casali,357460,Curt,Casali,curt,casali,casalcu01
2018,CIN,Brandon Dixon,336950,Brandon,Dixon,brandon,dixon,dionbr01
2018,CIN,Phillip Ervin,301790,Phillip,Ervin,phillip,ervin,ervinph01
2018,CIN,Dilson Herrera,254910,Dilson,Herrera,dilson,herrera,herredi01
2018,CIN,Cody Reed,210960,Cody,Reed,cody,reed,reedco01
2018,CIN,Mason Williams,196310,Mason,Williams,mason,williams,willima01
2018,CIN,Matt Wisler,90830,Matt,Wisler,matt,wisler,wislema01
2018,CIN,Blake Trahan,87900,Blake,Trahan,blake,trahan,trahabl01
2018,CIN,Lucas Sims,87900,Lucas,Sims,lucas,sims,simslu01
2018,CIN,Jesus Reyes,76180,Jesus,Reyes,jesus,reyes,reyesje01
2018,CIN,Jesse Winker,545000,Jesse,Winker,jesse,winker,winkeje01
2018,CIN,Alex Blandino,512750,Alex,Blandino,alex,blandino,blandal01
2018,CIN,Robert Stephenson,158220,Robert,Stephenson,robert,stephenson,stephro01
2018,CIN,Keury Mella,128920,Keury,Mella,keury,mella,mellake01
2018,PIT,Francisco Cervelli,10500000,Francisco,Cervelli,francisco,cervelli,cervefr01
2018,PIT,Josh Harrison,10000000,Josh,Harrison,josh,harrison,harrijo01
2018,PIT,Ivan Nova,8750000,Ivan,Nova,ivan,nova,novaiv01
2018,PIT,Starling Marte,7500000,Starling,Marte,starling,marte,martest01
2018,PIT,Jordy Mercer,6750000,Jordy,Mercer,jordy,mercer,mercejo01
2018,PIT,Corey Dickerson,5950000,Corey,Dickerson,corey,dickerson,dickeco01
2018,PIT,Felipe Vazquez,4500000,Felipe,Vazquez,felipe,vazquez,vazqufe01
2018,PIT,Jung Ho Kang,3000000,Jung Ho,Kang,jungho,kang,kangju01
2018,PIT,Chris Archer,2083324,Chris,Archer,chris,archer,archech01
2018,PIT,Josh Bell,572500,Josh,Bell,josh,bell,belljo02
2018,PIT,Jameson Taillon,571000,Jameson,Taillon,jameson,taillon,taillja01
2018,PIT,Joe Musgrove,571000,Joe,Musgrove,joe,musgrove,musgrjo01
2018,PIT,Trevor Williams,569500,Trevor,Williams,trevor,williams,willitr01
2018,PIT,Elias Diaz,559000,Elias,Diaz,elias,diaz,diazel01
2018,PIT,Edgar Santana,556500,Edgar,Santana,edgar,santana,santaed01
2018,PIT,Colin Moran,550000,Colin,Moran,colin,moran,moranco01
2018,PIT,Nick Burdi,545000,Nick,Burdi,nick,burdi,burdini01
2018,PIT,Steven Brault,506155,Steven,Brault,steven,brault,braulst01
2018,PIT,Kyle Crick,501030,Kyle,Crick,kyle,crick,crickky01
2018,PIT,Richard Rodriguez,501030,Richard,Rodriguez,richard,rodriguez,rodriri01
2018,PIT,Michael Feliz,491946,Michael,Feliz,michael,feliz,felizmi01
2018,PIT,Keone Kela,400024,Keone,Kela,keone,kela,kelake01
2018,PIT,Nick Kingham,263700,Nick,Kingham,nick,kingham,kinghni01
2018,PIT,Jose Osuna,216820,Jose,Osuna,jose,osuna,osunajo01
2018,PIT,Dovydas Neverauskas,212787,Dovydas,Neverauskas,dovydas,neverauskas,neverdo01
2018,PIT,Adam Frazier,211830,Adam,Frazier,adam,frazier,fraziad01
2018,PIT,Jacob Stallings,208030,Jacob,Stallings,jacob,stallings,stallja01
2018,PIT,Clay Holmes,169940,Clay,Holmes,clay,holmes,holmecl01
2018,PIT,Kevin Newman,134780,Kevin,Newman,kevin,newman,newmake01
2018,PIT,Jordan Luplow,117200,Jordan,Luplow,jordan,luplow,luplojo01
2018,PIT,Tanner Anderson,117200,Tanner,Anderson,tanner,anderson,anderta01
2018,PIT,Pablo Reyes,87900,Pablo,Reyes,pablo,reyes,reyespa01
2018,PIT,Ryan Lavarnway,79110,Ryan,Lavarnway,ryan,lavarnway,lavarry01
2018,PIT,Kevin Kramer,79110,Kevin,Kramer,kevin,kramer,krameke01
2018,PIT,Gregory Polanco,3500000,Gregory,Polanco,gregory,polanco,polangr01
2018,PIT,Chad Kuhl,570500,Chad,Kuhl,chad,kuhl,kuhlch01
2018,LAD,Clayton Kershaw,33000000,Clayton,Kershaw,clayton,kershaw,kershcl01
2018,LAD,Matt Kemp,18000000,Matt,Kemp,matt,kemp,kempma01
2018,LAD,Rich Hill,16000000,Rich,Hill,rich,hill,hillri01
2018,LAD,Justin Turner,11000000,Justin,Turner,justin,turner,turneju01
2018,LAD,Kenley Jansen,10000000,Kenley,Jansen,kenley,jansen,janseke01
2018,LAD,Yasmani Grandal,7900000,Yasmani,Grandal,yasmani,grandal,grandya01
2018,LAD,Yasiel Puig,7419354,Yasiel,Puig,yasiel,puig,puigya01
2018,LAD,Hyun-Jin Ryu,7000000,Hyun-Jin,Ryu,hyunjin,ryu,ryuhy01
2018,LAD,Manny Machado,6365591,Manny,Machado,manny,machado,machama01
2018,LAD,Alex Wood,6000000,Alex,Wood,alex,wood,woodal01
2018,LAD,Kenta Maeda,6000000,Kenta,Maeda,kenta,maeda,maedake01
2018,LAD,Brian Dozier,3000000,Brian,Dozier,brian,dozier,doziebr01
2018,LAD,Joc Pederson,2600000,Joc,Pederson,joc,pederson,pederjo01
2018,LAD,Tony Cingrani,2300000,Tony,Cingrani,tony,cingrani,cingrto01
2018,LAD,Josh Fields,2200000,Josh,Fields,josh,fields,fieldjo01
2018,LAD,Enrique Hernandez,1600000,Enrique,Hernandez,enrique,hernandez,hernaen02
2018,LAD,Ryan Madson,1500013,Ryan,Madson,ryan,madson,madsory01
2018,LAD,Pedro Baez,1500000,Pedro,Baez,pedro,baez,baezpe01
2018,LAD,Chase Utley,1000000,Chase,Utley,chase,utley,utleych01
2018,LAD,David Freese,685470,David,Freese,david,freese,freesda01
2018,LAD,Cody Bellinger,585000,Cody,Bellinger,cody,bellinger,bellico01
2018,LAD,Chris Taylor,575000,Chris,Taylor,chris,taylor,tayloch03
2018,LAD,Ross Stripling,555000,Ross,Stripling,ross,stripling,stripro01
2018,LAD,Austin Barnes,555000,Austin,Barnes,austin,barnes,barneau01
2018,LAD,Scott Alexander,520432,Scott,Alexander,scott,alexander,aleasc01
2018,LAD,Walker Buehler,512750,Walker,Buehler,walker,buehler,buehlwa01
2018,LAD,Julio Urias,502690,Julio,Urias,julio,urias,uriasju01
2018,LAD,John Axford,500030,John,Axford,john,axford,aforjo01
2018,LAD,Max Muncy,489310,Max,Muncy,max,muncy,muncyma01
2018,LAD,J.T. Chargois,437636,J.T.,Chargois,jt,chargois,chargjt01
2018,LAD,Yimi Garcia,389505,Yimi,Garcia,yimi,garcia,garciyi01
2018,LAD,Caleb Ferguson,328160,Caleb,Ferguson,caleb,ferguson,ferguca01
2018,LAD,Zac Rosscup,259120,Zac,Rosscup,zac,rosscup,rosscza01
2018,LAD,Dylan Floro,251980,Dylan,Floro,dylan,floro,florody01
2018,LAD,Kyle Farmer,237330,Kyle,Farmer,kyle,farmer,farmeky01
2018,LAD,Pat Venditte,193380,Pat,Venditte,pat,venditte,vendipa01
2018,LAD,Alex Verdugo,137710,Alex,Verdugo,alex,verdugo,verdual01
2018,LAD,Andrew Toles,122344,Andrew,Toles,andrew,toles,tolesan01
2018,LAD,Tim Locastro,120130,Tim,Locastro,tim,locastro,locasti01
2018,LAD,Rocky Gale,84970,Rocky,Gale,rocky,gale,galero01
2018,LAD,Tom Koehler,2000000,Tom,Koehler,tom,koehler,koehlto01
2018,LAD,Corey Seager,605000,Corey,Seager,corey,seager,seageco01
2018,LAD,Daniel Hudson,468800,Daniel,Hudson,daniel,hudson,hudsoda01
2018,LAD,Erik Goeddel,398480,Erik,Goeddel,erik,goeddel,goedder01
2018,LAD,Dennis Santana,363320,Dennis,Santana,dennis,santana,santade01
2018,LAD,Brock Stewart,73250,Brock,Stewart,brock,stewart,stewabr01
2018,SD,Eric Hosmer,25000000,Eric,Hosmer,eric,hosmer,hosmeer01
2018,SD,Freddy Galvis,6825000,Freddy,Galvis,freddy,galvis,galvifr01
2018,SD,Craig Stammen,3250000,Craig,Stammen,craig,stammen,stammcr01
2018,SD,Wil Myers,2000000,Wil,Myers,wil,myers,myerswi01
2018,SD,Kazuhisa Makita,1900000,Kazuhisa,Makita,kazuhisa,makita,makitka01
2018,SD,Cory Spangenberg,1700000,Cory,Spangenberg,cory,spangenberg,spangco01
2018,SD,A.J. Ellis,1250000,A.J.,Ellis,aj,ellis,ellisaj01
2018,SD,Kirby Yates,1062500,Kirby,Yates,kirby,yates,yateski01
2018,SD,Robbie Erlin,650000,Robbie,Erlin,robbie,erlin,erlinro01
2018,SD,Manuel Margot,556900,Manuel,Margot,manuel,margot,margoma01
2018,SD,Jose Pirela,556200,Jose,Pirela,jose,pirela,pireljo01
2018,SD,Hunter Renfroe,553800,Hunter,Renfroe,hunter,renfroe,renfrhu01
2018,SD,Austin Hedges,553100,Austin,Hedges,austin,hedges,hedgeau01
2018,SD,Bryan Mitchell,552800,Bryan,Mitchell,bryan,mitchell,mitchbr01
2018,SD,Matt Strahm,552700,Matt,Strahm,matt,strahm,strahma01
2018,SD,Joey Lucchesi,512750,Joey,Lucchesi,joey,lucchesi,lucchjo01
2018,SD,Phil Maton,486750,Phil,Maton,phil,maton,matonph01
2018,SD,Eric Lauer,468800,Eric,Lauer,eric,lauer,lauerer01
2018,SD,Travis Jankowski,462520,Travis,Jankowski,travis,jankowski,jankotr01
2018,SD,Miguel Diaz,430710,Miguel,Diaz,miguel,diaz,diazmi01
2018,SD,Jose Castillo,354530,Jose,Castillo,jose,castillo,castijo01
2018,SD,Franmil Reyes,339880,Franmil,Reyes,franmil,reyes,reyesfr01
2018,SD,Luis Perdomo,338217,Luis,Perdomo,luis,perdomo,perdolu01
2018,SD,Robert Stock,249050,Robert,Stock,robert,stock,stockro01
2018,SD,Colten Brewer,184590,Colten,Brewer,colten,brewer,breweco01
2018,SD,Trey Wingenter,167010,Trey,Wingenter,trey,wingenter,wingetr01
2018,SD,Brett Kennedy,161150,Brett,Kennedy,brett,kennedy,kennebr01
2018,SD,Jacob Nix,152360,Jacob,Nix,jacob,nix,nija01
2018,SD,Luis Urias,99620,Luis,Urias,luis,urias,uriaslu01
2018,SD,Rowan Wick,90830,Rowan,Wick,rowan,wick,wickro01
2018,SD,Francisco Mejia,79110,Francisco,Mejia,francisco,mejia,mejiafr01
2018,SD,Brad Wieck,58600,Brad,Wieck,brad,wieck,wieckbr01
2018,SD,Clayton Richard,3500000,Clayton,Richard,clayton,richard,richacl01
2018,SD,Dinelson Lamet,555700,Dinelson,Lamet,dinelson,lamet,lametdi01
2018,SD,Alex Dickerson,551600,Alex,Dickerson,alex,dickerson,dickeal01
2018,SD,Christian Villanueva,548500,Christian,Villanueva,christian,villanueva,villach01
2018,SD,Franchy Cordero,546500,Franchy,Cordero,franchy,cordero,cordefr01
2018,ARI,Zack Greinke,24000000,Zack,Greinke,zack,greinke,greinza01
2018,ARI,Paul Goldschmidt,11100000,Paul,Goldschmidt,paul,goldschmidt,goldspa01
2018,ARI,A.J. Pollock,7750000,A.J.,Pollock,aj,pollock,polloaj01
2018,ARI,Patrick Corbin,7500000,Patrick,Corbin,patrick,corbin,corbipa01
2018,ARI,Shelby Miller,4900000,Shelby,Miller,shelby,miller,millesh01
2018,ARI,Alex Avila,4000000,Alex,Avila,alex,avila,avilaal01
2018,ARI,Robbie Ray,3950000,Robbie,Ray,robbie,ray,rayro01
2018,ARI,Steven Souza,3550000,Steven,Souza,steven,souza,souzast01
2018,ARI,Chris Owings,3400000,Chris,Owings,chris,owings,owingch01
2018,ARI,Jon Jay,3387093,Jon,Jay,jon,jay,jayjo01
2018,ARI,David Peralta,3300000,David,Peralta,david,peralta,peralda01
2018,ARI,Ketel Marte,3000000,Ketel,Marte,ketel,marte,marteke01
2018,ARI,Yoshihisa Hirano,3000000,Yoshihisa,Hirano,yoshihisa,hirano,hiranyo01
2018,ARI,Brad Ziegler,2999994,Brad,Ziegler,brad,ziegler,zieglbr01
2018,ARI,Jeff Mathis,2000000,Jeff,Mathis,jeff,mathis,mathije01
2018,ARI,Daniel Descalso,2000000,Daniel,Descalso,daniel,descalso,descada01
2018,ARI,Brad Boxberger,1850000,Brad,Boxberger,brad,boxberger,bobebr01
2018,ARI,Eduardo Escobar,1694875,Eduardo,Escobar,eduardo,escobar,escobed01
2018,ARI,Nick Ahmed,1275000,Nick,Ahmed,nick,ahmed,ahmedni01
2018,ARI,Andrew Chafin,1195000,Andrew,Chafin,andrew,chafin,chafian01
2018,ARI,Jake Diekman,904146,Jake,Diekman,jake,diekman,diekmja01
2018,ARI,T.J. McFarland,850000,T.J.,McFarland,tj,mcfarland,mcfartj01
2018,ARI,Archie Bradley,581900,Archie,Bradley,archie,bradley,bradlar01
2018,ARI,Zack Godley,579200,Zack,Godley,zack,godley,godleza01
2018,ARI,John Ryan Murphy,558000,John Ryan,Murphy,johnryan,murphy,murphjo01
2018,ARI,Matt Andriese,537358,Matt,Andriese,matt,andriese,andrima01
2018,ARI,Matt Koch,322300,Matt,Koch,matt,koch,kochma01
2018,ARI,Silvino Bracho,205100,Silvino,Bracho,silvino,bracho,brachsi01
2018,ARI,Socrates Brito,125990,Socrates,Brito,socrates,brito,britoso01
2018,ARI,Jimmie Sherfy,120130,Jimmie,Sherfy,jimmie,sherfy,sherfji01
2018,ARI,Chris Stewart,98912,Chris,Stewart,chris,stewart,stewach01
2018,ARI,Yoan Lopez,82040,Yoan,Lopez,yoan,lopez,lopezyo01
2018,ARI,Ildemaro Vargas,82040,Ildemaro,Vargas,ildemaro,vargas,vargail01
2018,ARI,Jake Barrett,58600,Jake,Barrett,jake,barrett,barreja01
2018,ARI,Randall Delgado,43950,Randall,Delgado,randall,delgado,delgara01
2018,ARI,Taijuan Walker,4825000,Taijuan,Walker,taijuan,walker,walketa01
2018,ARI,Jake Lamb,4275000,Jake,Lamb,jake,lamb,lambja01
2018,ARI,Jarrod Dyson,4000000,Jarrod,Dyson,jarrod,dyson,dysonja01
2018,ARI,Clay Buchholz,1080645,Clay,Buchholz,clay,buchholz,buchhcl01
2018,ARI,Christian Walker,193380,Christian,Walker,christian,walker,walkech02
2018,SF,Hunter Pence,18500000,Hunter,Pence,hunter,pence,pencehu01
2018,SF,Brandon Belt,16000000,Brandon,Belt,brandon,belt,beltbr01
2018,SF,Brandon Crawford,15000000,Brandon,Crawford,brandon,crawford,crawfbr01
2018,SF,Evan Longoria,12000000,Evan,Longoria,evan,longoria,longoev01
2018,SF,Madison Bumgarner,12000000,Madison,Bumgarner,madison,bumgarner,bumgama01
2018,SF,Mark Melancon,10000000,Mark,Melancon,mark,melancon,melanma01
2018,SF,Sam Dyson,4425000,Sam,Dyson,sam,dyson,dysonsa01
2018,SF,Joe Panik,3450000,Joe,Panik,joe,panik,panikjo01
2018,SF,Tony Watson,3000000,Tony,Watson,tony,watson,watsoto01
2018,SF,Nick Hundley,2500000,Nick,Hundley,nick,hundley,hundlni01
2018,SF,Will Smith,2500000,Will,Smith,will,smith,smithwi05
2018,SF,Derek Holland,1750000,Derek,Holland,derek,holland,hollade01
2018,SF,Hunter Strickland,1550000,Hunter,Strickland,hunter,strickland,strichu01
2018,SF,Ty Blach,565000,Ty,Blach,ty,blach,blachty01
2018,SF,Gorkys Hernandez,561500,Gorkys,Hernandez,gorkys,hernandez,hernago01
2018,SF,Reyes Moronta,545000,Reyes,Moronta,reyes,moronta,moronre01
2018,SF,Alen Hanson,457080,Alen,Hanson,alen,hanson,hansoal01
2018,SF,Andrew Suarez,454150,Andrew,Suarez,andrew,suarez,suarean01
2018,SF,Chris Stratton,445500,Chris,Stratton,chris,stratton,stratch01
2018,SF,Dereck Rodriguez,369180,Dereck,Rodriguez,dereck,rodriguez,rodride01
2018,SF,Pierce Johnson,366250,Pierce,Johnson,pierce,johnson,johnspi01
2018,SF,Kelby Tomlinson,331210,Kelby,Tomlinson,kelby,tomlinson,tomlike01
2018,SF,Austin Slater,310580,Austin,Slater,austin,slater,slateau01
2018,SF,Chase d'Arnaud,251980,Chase,d'Arnaud,chase,darnaud,darnach01
2018,SF,Ray Black,213890,Ray,Black,ray,black,blackra01
2018,SF,Gregor Blanco,177408,Gregor,Blanco,gregor,blanco,blancgr01
2018,SF,Casey Kelly,123060,Casey,Kelly,casey,kelly,kellyca02
2018,SF,Aramis Garcia,105480,Aramis,Garcia,aramis,garcia,garciar01
2018,SF,Chris Shaw,90830,Chris,Shaw,chris,shaw,shawch01
2018,SF,Steven Okert,84970,Steven,Okert,steven,okert,okertst01
2018,SF,Ryder Jones,82040,Ryder,Jones,ryder,jones,jonesry01
2018,SF,Abiatal Avelino,79110,Abiatal,Avelino,abiatal,avelino,aveliab01
2018,SF,Johnny Cueto,22000000,Johnny,Cueto,johnny,cueto,cuetojo01
2018,SF,Buster Posey,21425000,Buster,Posey,buster,posey,poseybu01
2018,SF,Jeff Samardzija,19500000,Jeff,Samardzija,jeff,samardzija,samarje01
2018,SF,Pablo Sandoval,545000,Pablo,Sandoval,pablo,sandoval,sandopa01
2018,SF,Julian Fernandez,545000,Julian,Fernandez,julian,fernandez,fernaju01
2018,SF,Steven Duggar,249050,Steven,Duggar,steven,duggar,duggast01
2018,COL,Ian Desmond,22000000,Ian,Desmond,ian,desmond,desmoia01
2018,COL,Nolan Arenado,17272850,Nolan,Arenado,nolan,arenado,arenano01
2018,COL,Wade Davis,16000000,Wade,Davis,wade,davis,daviswa01
2018,COL,Charlie Blackmon,14000000,Charlie,Blackmon,charlie,blackmon,blackch02
2018,COL,Gerardo Parra,9784948,Gerardo,Parra,gerardo,parra,parrage01
2018,COL,D.J. LeMahieu,8500000,D.J.,LeMahieu,dj,lemahieu,lemahdj01
2018,COL,Carlos Gonzalez,8000000,Carlos,Gonzalez,carlos,gonzalez,gonzaca01
2018,COL,Bryan Shaw,7500000,Bryan,Shaw,bryan,shaw,shawbr01
2018,COL,Jake McGee,7000000,Jake,McGee,jake,mcgee,mcgeeja01
2018,COL,Adam Ottavino,7000000,Adam,Ottavino,adam,ottavino,ottavad01
2018,COL,Chris Iannetta,3750000,Chris,Iannetta,chris,iannetta,iannech01
2018,COL,Chad Bettis,2000000,Chad,Bettis,chad,bettis,bettich01
2018,COL,Seung-Hwan Oh,1630403,Seung-Hwan,Oh,seunghwan,oh,ohse01
2018,COL,Chris Rusin,1287500,Chris,Rusin,chris,rusin,rusinch01
2018,COL,Tyler Anderson,555000,Tyler,Anderson,tyler,anderson,anderty01
2018,COL,Trevor Story,555000,Trevor,Story,trevor,story,storytr01
2018,COL,Tony Wolters,550000,Tony,Wolters,tony,wolters,wolteto01
2018,COL,Kyle Freeland,550000,Kyle,Freeland,kyle,freeland,freelky01
2018,COL,German Marquez,550000,German,Marquez,german,marquez,marquge01
2018,COL,Jon Gray,513248,Jon,Gray,jon,gray,grayjo01
2018,COL,Scott Oberg,453568,Scott,Oberg,scott,oberg,obergsc01
2018,COL,David Dahl,452421,David,Dahl,david,dahl,dahlda01
2018,COL,Harrison Musgrave,430710,Harrison,Musgrave,harrison,musgrave,musgrha01
2018,COL,Pat Valaika,408066,Pat,Valaika,pat,valaika,valaipa01
2018,COL,Drew Butera,383346,Drew,Butera,drew,butera,buterdr01
2018,COL,Noel Cuevas,375040,Noel,Cuevas,noel,cuevas,cuevano01
2018,COL,Antonio Senzatela,366250,Antonio,Senzatela,antonio,senzatela,senzaan01
2018,COL,Ryan McMahon,361743,Ryan,McMahon,ryan,mcmahon,mcmahry01
2018,COL,Tom Murphy,251980,Tom,Murphy,tom,murphy,murphto04
2018,COL,Yency Almonte,228540,Yency,Almonte,yency,almonte,almonye01
2018,COL,Raimel Tapia,158220,Raimel,Tapia,raimel,tapia,tapiara01
2018,COL,Garrett Hampson,140640,Garrett,Hampson,garrett,hampson,hampsga01
2018,COL,Sam Howard,134780,Sam,Howard,sam,howard,howarsa01
2018,COL,Matt Holliday,114270,Matt,Holliday,matt,holliday,hollima01
2018,COL,DJ Johnson,79110,DJ,Johnson,dj,johnson,johnsdj01
2018,COL,Mike Dunn,7000000,Mike,Dunn,mike,dunn,dunnmi01
2018,COL,Rayan Gonzalez,545000,Rayan,Gonzalez,rayan,gonzalez,gonzara01
2017,NYY,CC Sabathia,25000000,CC,Sabathia,cc,sabathia,sabatcc01
2017,NYY,Masahiro Tanaka,22000000,Masahiro,Tanaka,masahiro,tanaka,tanakma01
2017,NYY,Jacoby Ellsbury,21142857,Jacoby,Ellsbury,jacoby,ellsbury,ellsbja01
2017,NYY,Aroldis Chapman,21000000,Aroldis,Chapman,aroldis,chapman,chapmar01
2017,NYY,Chase Headley,14000000,Chase,Headley,chase,headley,headlch01
2017,NYY,Matt Holliday,13000000,Matt,Holliday,matt,holliday,hollima01
2017,NYY,Brett Gardner,12000000,Brett,Gardner,brett,gardner,gardnbr01
2017,NYY,Starlin Castro,9000000,Starlin,Castro,starlin,castro,castrst01
2017,NYY,Didi Gregorius,5100000,Didi,Gregorius,didi,gregorius,gregodi01
2017,NYY,David Robertson,4983624,David,Robertson,david,robertson,roberda01
2017,NYY,Todd Frazier,4983624,Todd,Frazier,todd,frazier,frazito01
2017,NYY,Dellin Betances,3000000,Dellin,Betances,dellin,betances,betande01
2017,NYY,Adam Warren,2290000,Adam,Warren,adam,warren,warread01
2017,NYY,Aaron Hicks,1350000,Aaron,Hicks,aaron,hicks,hicksaa01
2017,NYY,Sonny Gray,1230768,Sonny,Gray,sonny,gray,grayso01
2017,NYY,Austin Romine,805000,Austin,Romine,austin,romine,rominau01
2017,NYY,Ronald Torreyes,561900,Ronald,Torreyes,ronald,torreyes,torrero01
2017,NYY,Gary Sanchez,557900,Gary,Sanchez,gary,sanchez,sanchga02
2017,NYY,Luis Severino,550975,Luis,Severino,luis,severino,severlu01
2017,NYY,Greg Bird,545500,Greg,Bird,greg,bird,birdgr01
2017,NYY,Aaron Judge,544500,Aaron,Judge,aaron,judge,judgeaa01
2017,NYY,Clint Frazier,535000,Clint,Frazier,clint,frazier,frazicl01
2017,NYY,Chasen Shreve,455869,Chasen,Shreve,chasen,shreve,shrevch01
2017,NYY,Jordan Montgomery,435527,Jordan,Montgomery,jordan,montgomery,montgjo01
2017,NYY,Chad Green,417989,Chad,Green,chad,green,greench01
2017,NYY,Jonathan Holder,325674,Jonathan,Holder,jonathan,holder,holdejo01
2017,NYY,Bryan Mitchell,273819,Bryan,Mitchell,bryan,mitchell,mitchbr01
2017,NYY,Tyler Wade,236763,Tyler,Wade,tyler,wade,wadety01
2017,NYY,Tommy Kahnle,222148,Tommy,Kahnle,tommy,kahnle,kahnlto01
2017,NYY,Jaime Garcia,187072,Jaime,Garcia,jaime,garcia,garcija01
2017,NYY,Caleb Smith,175380,Caleb,Smith,caleb,smith,smithca07
2017,NYY,Giovanny Gallegos,172457,Giovanny,Gallegos,giovanny,gallegos,gallegi01
2017,NYY,Ben Heller,119843,Ben,Heller,ben,heller,hellebe01
2017,NYY,Domingo German,102305,Domingo,German,domingo,german,germado01
2017,NYY,Erik Kratz,93536,Erik,Kratz,erik,kratz,kratzer01
2017,NYY,Tyler Austin,80271,Tyler,Austin,tyler,austin,austity01
2017,NYY,Miguel Andujar,52614,Miguel,Andujar,miguel,andujar,andujmi01
2017,NYY,Michael Pineda,7400000,Michael,Pineda,michael,pineda,pinedmi01
2017,NYY,Luis Cessa,245532,Luis,Cessa,luis,cessa,cessalu01
2017,NYY,Garrett Cooper,222148,Garrett,Cooper,garrett,cooper,coopega03
2017,BAL,Chris Davis,17000000,Chris,Davis,chris,davis,davisch01
2017,BAL,Adam Jones,16000000,Adam,Jones,adam,jones,jonesad01
2017,BAL,J.J. Hardy,14000000,J.J.,Hardy,jj,hardy,hardyjj01
2017,BAL,Ubaldo Jimenez,13500000,Ubaldo,Jimenez,ubaldo,jimenez,jimenub01
2017,BAL,Mark Trumbo,11500000,Mark,Trumbo,mark,trumbo,trumbma01
2017,BAL,Manny Machado,11500000,Manny,Machado,manny,machado,machama01
2017,BAL,Zack Britton,11400000,Zack,Britton,zack,britton,brittza01
2017,BAL,Chris Tillman,10050000,Chris,Tillman,chris,tillman,tillmch01
2017,BAL,Wade Miley,8750000,Wade,Miley,wade,miley,mileywa01
2017,BAL,Seth Smith,7000000,Seth,Smith,seth,smith,smithse01
2017,BAL,Jeremy Hellickson,6109289,Jeremy,Hellickson,jeremy,hellickson,hellije01
2017,BAL,Darren O'Day,6000000,Darren,O'Day,darren,oday,odayda01
2017,BAL,Welington Castillo,6000000,Welington,Castillo,welington,castillo,castiwe01
2017,BAL,Kevin Gausman,3550000,Kevin,Gausman,kevin,gausman,gausmke01
2017,BAL,Jonathan Schoop,3475000,Jonathan,Schoop,jonathan,schoop,schoojo01
2017,BAL,Brad Brach,3050000,Brad,Brach,brad,brach,brachbr01
2017,BAL,Pedro Alvarez,2000000,Pedro,Alvarez,pedro,alvarez,alvarpe01
2017,BAL,Ryan Flaherty,1800000,Ryan,Flaherty,ryan,flaherty,flahery01
2017,BAL,Dylan Bundy,1640000,Dylan,Bundy,dylan,bundy,bundydy01
2017,BAL,Caleb Joseph,700000,Caleb,Joseph,caleb,joseph,josepca01
2017,BAL,Mychal Givens,546000,Mychal,Givens,mychal,givens,givenmy01
2017,BAL,Trey Mancini,536000,Trey,Mancini,trey,mancini,mancitr01
2017,BAL,Anthony Santander,535000,Anthony,Santander,anthony,santander,santaan02
2017,BAL,Joey Rickard,491815,Joey,Rickard,joey,rickard,rickajo01
2017,BAL,Richard Bleier,423835,Richard,Bleier,richard,bleier,bleieri01
2017,BAL,Donnie Hart,397305,Donnie,Hart,donnie,hart,hartdo01
2017,BAL,Miguel Castro,327376,Miguel,Castro,miguel,castro,castrmi01
2017,BAL,Tim Beckham,304668,Tim,Beckham,tim,beckham,beckhti01
2017,BAL,Mike Wright,236763,Mike,Wright,mike,wright,wrighmi01
2017,BAL,Craig Gentry,187072,Craig,Gentry,craig,gentry,gentrcr01
2017,BAL,Gabriel Ynoa,160765,Gabriel,Ynoa,gabriel,ynoa,ynoaga01
2017,BAL,Jimmy Yacabonis,111074,Jimmy,Yacabonis,jimmy,yacabonis,yacabji01
2017,BAL,Chance Sisco,90613,Chance,Sisco,chance,sisco,siscoch01
2017,BAL,Austin Hays,78921,Austin,Hays,austin,hays,haysau01
2017,BAL,Tanner Scott,43845,Tanner,Scott,tanner,scott,scottta01
2017,BAL,Hyun-soo Kim,2708835,Hyun-soo,Kim,hyunsoo,kim,kimhy01
2017,BAL,Edwin Jackson,2450000,Edwin,Jackson,edwin,jackson,jacksed01
2017,BAL,Yovani Gallardo,2000000,Yovani,Gallardo,yovani,gallardo,gallayo01
2017,BAL,Logan Ondrusek,108333,Logan,Ondrusek,logan,ondrusek,ondrulo01
2017,BOS,David Price,30000000,David,Price,david,price,priceda01
2017,BOS,Hanley Ramirez,22000000,Hanley,Ramirez,hanley,ramirez,ramirha02
2017,BOS,Rick Porcello,20000000,Rick,Porcello,rick,porcello,porceri01
2017,BOS,Dustin Pedroia,13000000,Dustin,Pedroia,dustin,pedroia,pedrodu01
2017,BOS,Craig Kimbrel,13000000,Craig,Kimbrel,craig,kimbrel,kimbrcr01
2017,BOS,Chris Sale,12000000,Chris,Sale,chris,sale,salech01
2017,BOS,Rusney Castillo,10500000,Rusney,Castillo,rusney,castillo,castiru01
2017,BOS,Chris Young,6500000,Chris,Young,chris,young,youngch01
2017,BOS,Mitch Moreland,5500000,Mitch,Moreland,mitch,moreland,morelmi01
2017,BOS,Xander Bogaerts,4500000,Xander,Bogaerts,xander,bogaerts,bogaea01
2017,BOS,Drew Pomeranz,4450000,Drew,Pomeranz,drew,pomeranz,pomerdr01
2017,BOS,Jackie Bradley Jr.,3600000,Jackie,Bradley,jackie,bradley,bradlja01
2017,BOS,Joe Kelly,2800000,Joe,Kelly,joe,kelly,kellyjo01
2017,BOS,Addison Reed,2668050,Addison,Reed,addison,reed,reedad01
2017,BOS,Doug Fister,2200000,Doug,Fister,doug,fister,fistedo01
2017,BOS,Fernando Abad,2000000,Fernando,Abad,fernando,abad,abadfe01
2017,BOS,Brock Holt,1950000,Brock,Holt,brock,holt,holtbr01
2017,BOS,Eduardo Nunez,1560668,Eduardo,Nunez,eduardo,nunez,nunezed01
2017,BOS,Sandy Leon,1300000,Sandy,Leon,sandy,leon,leonsa01
2017,BOS,Rajai Davis,1278693,Rajai,Davis,rajai,davis,davisra01
2017,BOS,Mookie Betts,950000,Mookie,Betts,mookie,betts,bettsmo01
2017,BOS,Brandon Workman,635000,Brandon,Workman,brandon,workman,workmbr01
2017,BOS,Eduardo Rodriguez,584500,Eduardo,Rodriguez,eduardo,rodriguez,rodried01
2017,BOS,Matt Barnes,563500,Matt,Barnes,matt,barnes,barnema01
2017,BOS,Christian Vazquez,561000,Christian,Vazquez,christian,vazquez,vazquch01
2017,BOS,Carson Smith,556750,Carson,Smith,carson,smith,smithca07
2017,BOS,Andrew Benintendi,549000,Andrew,Benintendi,andrew,benintendi,beninan01
2017,BOS,Heath Hembree,547000,Heath,Hembree,heath,hembree,hembrhe01
2017,BOS,Blaine Boyer,535000,Blaine,Boyer,blaine,boyer,boyerbl01
2017,BOS,Rafael Devers,535000,Rafael,Devers,rafael,devers,deverra01
2017,BOS,Roenis Elias,531561,Roenis,Elias,roenis,elias,eliasro01
2017,BOS,Robby Scott,469440,Robby,Scott,robby,scott,scottro01
2017,BOS,Deven Marrero,327376,Deven,Marrero,deven,marrero,marrede01
2017,BOS,Sam Travis,219225,Sam,Travis,sam,travis,travisa01
2017,BOS,Austin Maddox,195841,Austin,Maddox,austin,maddox,maddoau01
2017,BOS,Tzu-Wei Lin,151996,Tzu-Wei,Lin,tzuwei,lin,lintz01
2017,BOS,Hector Velazquez,140304,Hector,Velazquez,hector,velazquez,velazhe01
2017,BOS,Blake Swihart,90613,Blake,Swihart,blake,swihart,swihabl01
2017,BOS,Tyler Thornburg,2050000,Tyler,Thornburg,tyler,thornburg,thornty01
2017,BOS,Robbie Ross,1825000,Robbie,Ross,robbie,ross,rossro01
2017,BOS,Josh Rutledge,600000,Josh,Rutledge,josh,rutledge,rutlejo01
2017,BOS,Steven Wright,593500,Steven,Wright,steven,wright,wrighst01
2017,BOS,Marco Hernandez,548500,Marco,Hernandez,marco,hernandez,hernama01
2017,BOS,Ben Taylor,535000,Ben,Taylor,ben,taylor,taylobe01
2017,TB,Evan Longoria,11525000,Evan,Longoria,evan,longoria,longoev01
2017,TB,Chris Archer,4750000,Chris,Archer,chris,archer,archech01
2017,TB,Alex Cobb,4200000,Alex,Cobb,alex,cobb,cobbal01
2017,TB,Jake Odorizzi,4100000,Jake,Odorizzi,jake,odorizzi,odorija01
2017,TB,Wilson Ramos,4000000,Wilson,Ramos,wilson,ramos,ramoswi01
2017,TB,Kevin Kiermaier,4000000,Kevin,Kiermaier,kevin,kiermaier,kiermke01
2017,TB,Brad Miller,3575000,Brad,Miller,brad,miller,millebr01
2017,TB,Corey Dickerson,3025000,Corey,Dickerson,corey,dickerson,dickeco01
2017,TB,Logan Morrison,2750000,Logan,Morrison,logan,morrison,morrilo01
2017,TB,Lucas Duda,2654339,Lucas,Duda,lucas,duda,dudalu01
2017,TB,Adeiny Hechavarria,2329460,Adeiny,Hechavarria,adeiny,hechavarria,hechaad01
2017,TB,Steve Cishek,2163942,Steve,Cishek,steve,cishek,cishest01
2017,TB,Brad Boxberger,1600000,Brad,Boxberger,brad,boxberger,bobebr01
2017,TB,Tommy Hunter,1400000,Tommy,Hunter,tommy,hunter,hunteto01
2017,TB,Peter Bourjos,1350000,Peter,Bourjos,peter,bourjos,bourjpe01
2017,TB,Xavier Cedeno,1300000,Xavier,Cedeno,xavier,cedeno,cedena01
2017,TB,Sergio Romo,1180296,Sergio,Romo,sergio,romo,romose01
2017,TB,Trevor Plouffe,1069723,Trevor,Plouffe,trevor,plouffe,plouftr01
2017,TB,Danny Farquhar,900000,Danny,Farquhar,danny,farquhar,farquda01
2017,TB,Chaz Roe,720000,Chaz,Roe,chaz,roe,roech01
2017,TB,Jesus Sucre,630000,Jesus,Sucre,jesus,sucre,sucreje01
2017,TB,Alex Colome,547900,Alex,Colome,alex,colome,colomal01
2017,TB,Steven Souza,546700,Steven,Souza,steven,souza,souzast01
2017,TB,Matt Andriese,535000,Matt,Andriese,matt,andriese,andrima01
2017,TB,Jake Faria,535000,Jake,Faria,jake,faria,fariaja01
2017,TB,Dan Jennings,512550,Dan,Jennings,dan,jennings,jennida01
2017,TB,Chase Whitley,426758,Chase,Whitley,chase,whitley,whitlch01
2017,TB,Blake Snell,396074,Blake,Snell,blake,snell,snellbl01
2017,TB,Austin Pruitt,379990,Austin,Pruitt,austin,pruitt,pruitau01
2017,TB,Mallex Smith,359900,Mallex,Smith,mallex,smith,smithma01
2017,TB,Daniel Robertson,280608,Daniel,Robertson,daniel,robertson,roberda01
2017,TB,Jose Alvarado,268916,Jose,Alvarado,jose,alvarado,alvarjo01
2017,TB,Ryne Stanek,192918,Ryne,Stanek,ryne,stanek,stanery01
2017,TB,Cesar Puello,128612,Cesar,Puello,cesar,puello,puellce01
2017,TB,Andrew Kittredge,116920,Andrew,Kittredge,andrew,kittredge,kittran01
2017,TB,Curt Casali,90613,Curt,Casali,curt,casali,casalcu01
2017,TB,Chih-Wei Hu,81844,Chih-Wei,Hu,chihwei,hu,huch01
2017,TB,Colby Rasmus,2786918,Colby,Rasmus,colby,rasmus,rasmuco01
2017,TB,Nathan Eovaldi,2000000,Nathan,Eovaldi,nathan,eovaldi,eovalna01
2017,TB,Shawn Tolleson,1000000,Shawn,Tolleson,shawn,tolleson,tollesh01
2017,TB,Matt Duffy,545300,Matt,Duffy,matt,duffy,duffyma01
2017,TB,Kevin Gadea,535000,Kevin,Gadea,kevin,gadea,gadeake01
2017,TOR,Russell Martin,20000000,Russell,Martin,russell,martin,martiru01
2017,TOR,Jose Bautista,18000000,Jose,Bautista,jose,bautista,bautijo01
2017,TOR,Josh Donaldson,17000000,Josh,Donaldson,josh,donaldson,donaljo02
2017,TOR,Marco Estrada,14000000,Marco,Estrada,marco,estrada,estrama01
2017,TOR,J.A. Happ,13000000,J.A.,Happ,ja,happ,happja01
2017,TOR,Kendrys Morales,10000000,Kendrys,Morales,kendrys,morales,moralke01
2017,TOR,Miguel Montero,6961773,Miguel,Montero,miguel,montero,montemi01
2017,TOR,Steven Pearce,6250000,Steven,Pearce,steven,pearce,pearcst01
2017,TOR,Justin Smoak,4125000,Justin,Smoak,justin,smoak,smoakju01
2017,TOR,Marcus Stroman,3400000,Marcus,Stroman,marcus,stroman,stromma01
2017,TOR,Darwin Barney,2887500,Darwin,Barney,darwin,barney,barneda01
2017,TOR,Nori Aoki,1893465,Nori,Aoki,nori,aoki,aokino01
2017,TOR,Tom Koehler,1351103,Tom,Koehler,tom,koehler,koehlto01
2017,TOR,Ezequiel Carrera,1162500,Ezequiel,Carrera,ezequiel,carrera,carreez01
2017,TOR,Aaron Loup,1125000,Aaron,Loup,aaron,loup,loupaa01
2017,TOR,Kevin Pillar,555000,Kevin,Pillar,kevin,pillar,pillake01
2017,TOR,Roberto Osuna,552400,Roberto,Osuna,roberto,osuna,osunaro01
2017,TOR,Ryan Goins,548200,Ryan,Goins,ryan,goins,goinsry01
2017,TOR,Dominic Leone,548200,Dominic,Leone,dominic,leone,leonedo01
2017,TOR,Ryan Tepera,542700,Ryan,Tepera,ryan,tepera,teperry01
2017,TOR,Luke Maile,535000,Luke,Maile,luke,maile,mailelu01
2017,TOR,Danny Barnes,535000,Danny,Barnes,danny,barnes,barneda01
2017,TOR,Joseph Biagini,464757,Joseph,Biagini,joseph,biagini,biagijo01
2017,TOR,Leonel Campos,201687,Leonel,Campos,leonel,campos,campole01
2017,TOR,Matt Dermody,195841,Matt,Dermody,matt,dermody,dermoma01
2017,TOR,Rob Refsnyder,189995,Rob,Refsnyder,rob,refsnyder,refsnro01
2017,TOR,Raffy Lopez,172457,Raffy,Lopez,raffy,lopez,lopezra01
2017,TOR,Tim Mayza,134458,Tim,Mayza,tim,mayza,mayzati01
2017,TOR,Chris Rowley,122766,Chris,Rowley,chris,rowley,rowlech01
2017,TOR,Brett Anderson,99382,Brett,Anderson,brett,anderson,anderbr06
2017,TOR,Michael Saunders,93536,Michael,Saunders,michael,saunders,saundmi01
2017,TOR,Carlos Ramirez,93536,Carlos,Ramirez,carlos,ramirez,ramirca01
2017,TOR,Richard Urena,90613,Richard,Urena,richard,urena,urenari01
2017,TOR,Teoscar Hernandez,90613,Teoscar,Hernandez,teoscar,hernandez,hernate01
2017,TOR,Luis Santos,87690,Luis,Santos,luis,santos,santolu01
2017,TOR,Taylor Cole,8769,Taylor,Cole,taylor,cole,coleta01
2017,TOR,Troy Tulowitzki,20000000,Troy,Tulowitzki,troy,tulowitzki,tulowtr01
2017,TOR,Devon Travis,545200,Devon,Travis,devon,travis,travide01
2017,TOR,Bo Schultz,543000,Bo,Schultz,bo,schultz,schulbo01
2017,TOR,Dalton Pompey,539000,Dalton,Pompey,dalton,pompey,pompeda01
2017,TOR,Aaron Sanchez,535000,Aaron,Sanchez,aaron,sanchez,sanchaa01
2017,TOR,Darrell Ceciliani,535000,Darrell,Ceciliani,darrell,ceciliani,cecilda01
2017,TOR,Cesar Valdez,242609,Cesar,Valdez,cesar,valdez,valdece01
2017,CLE,Edwin Encarnacion,18150000,Edwin,Encarnacion,edwin,encarnacion,encared01
2017,CLE,Carlos Santana,12000000,Carlos,Santana,carlos,santana,santaca01
2017,CLE,Andrew Miller,9000000,Andrew,Miller,andrew,miller,millean01
2017,CLE,Jason Kipnis,9000000,Jason,Kipnis,jason,kipnis,kipnija01
2017,CLE,Corey Kluber,7750000,Corey,Kluber,corey,kluber,klubeco01
2017,CLE,Michael Brantley,7500000,Michael,Brantley,michael,brantley,brantmi02
2017,CLE,Cody Allen,7350000,Cody,Allen,cody,allen,allenco01
2017,CLE,Carlos Carrasco,6500000,Carlos,Carrasco,carlos,carrasco,carraca01
2017,CLE,Bryan Shaw,4600000,Bryan,Shaw,bryan,shaw,shawbr01
2017,CLE,Yan Gomes,4500000,Yan,Gomes,yan,gomes,gomesya01
2017,CLE,Lonnie Chisenhall,4300000,Lonnie,Chisenhall,lonnie,chisenhall,chiselo01
2017,CLE,Jay Bruce,3765014,Jay,Bruce,jay,bruce,bruceja01
2017,CLE,Trevor Bauer,3550000,Trevor,Bauer,trevor,bauer,bauertr01
2017,CLE,Danny Salazar,3400000,Danny,Salazar,danny,salazar,salazda01
2017,CLE,Josh Tomlin,3000000,Josh,Tomlin,josh,tomlin,tomlijo01
2017,CLE,Jose Ramirez,2871400,Jose,Ramirez,jose,ramirez,ramirjo01
2017,CLE,Brandon Guyer,2000000,Brandon,Guyer,brandon,guyer,guyerbr01
2017,CLE,Zach McAllister,1825000,Zach,McAllister,zach,mcallister,mcallza01
2017,CLE,Austin Jackson,1500000,Austin,Jackson,austin,jackson,jacksau01
2017,CLE,Dan Otero,1050000,Dan,Otero,dan,otero,oteroda01
2017,CLE,Roberto Perez,1050000,Roberto,Perez,roberto,perez,perezro01
2017,CLE,Joe Smith,1032759,Joe,Smith,joe,smith,smithjo09
2017,CLE,Francisco Lindor,579300,Francisco,Lindor,francisco,lindor,lindofr01
2017,CLE,Giovanny Urshela,535000,Giovanny,Urshela,giovanny,urshela,urshegi01
2017,CLE,Bradley Zimmer,535000,Bradley,Zimmer,bradley,zimmer,zimmebr01
2017,CLE,Nick Goody,535000,Nick,Goody,nick,goody,goodyni01
2017,CLE,Mike Clevinger,535000,Mike,Clevinger,mike,clevinger,clevimi01
2017,CLE,Abraham Almonte,511528,Abraham,Almonte,abraham,almonte,almonab01
2017,CLE,Erik Gonzalez,365375,Erik,Gonzalez,erik,gonzalez,gonzaer01
2017,CLE,Yandy Diaz,198764,Yandy,Diaz,yandy,diaz,diazya02
2017,CLE,Tyler Olson,195841,Tyler,Olson,tyler,olson,olsonty01
2017,CLE,Shawn Armstrong,137569,Shawn,Armstrong,shawn,armstrong,armstsh01
2017,CLE,Tyler Naquin,126526,Tyler,Naquin,tyler,naquin,naquity01
2017,CLE,Ryan Merritt,122892,Ryan,Merritt,ryan,merritt,merriry01
2017,CLE,Kyle Crockett,116920,Kyle,Crockett,kyle,crockett,crockky01
2017,CLE,Craig Breslow,108151,Craig,Breslow,craig,breslow,breslcr01
2017,CLE,Shawn Morimando,90613,Shawn,Morimando,shawn,morimando,morimsh01
2017,CLE,Francisco Mejia,90613,Francisco,Mejia,francisco,mejia,mejiafr01
2017,CLE,Greg Allen,90613,Greg,Allen,greg,allen,allengr01
2017,CLE,Boone Logan,5500000,Boone,Logan,boone,logan,loganbo01
2017,CLE,Cody Anderson,539100,Cody,Anderson,cody,anderson,anderco01
2017,CLE,Dylan Baker,90613,Dylan,Baker,dylan,baker,bakerdy01
2017,DET,Miguel Cabrera,28000000,Miguel,Cabrera,miguel,cabrera,cabremi01
2017,DET,Jordan Zimmermann,18000000,Jordan,Zimmermann,jordan,zimmermann,zimmejo01
2017,DET,Anibal Sanchez,16000000,Anibal,Sanchez,anibal,sanchez,sanchan01
2017,DET,Ian Kinsler,11000000,Ian,Kinsler,ian,kinsler,kinslia01
2017,DET,Jose Iglesias,4100000,Jose,Iglesias,jose,iglesias,iglesjo01
2017,DET,Nick Castellanos,3000000,Nick,Castellanos,nick,castellanos,casteni01
2017,DET,Andrew Romine,1300000,Andrew,Romine,andrew,romine,rominan01
2017,DET,Alex Wilson,1175000,Alex,Wilson,alex,wilson,wilsoal01
2017,DET,James McCann,552100,James,McCann,james,mccann,mccanja02
2017,DET,Michael Fulmer,551900,Michael,Fulmer,michael,fulmer,fulmemi01
2017,DET,Shane Greene,550600,Shane,Greene,shane,greene,greensh01
2017,DET,Daniel Norris,545500,Daniel,Norris,daniel,norris,norrida01
2017,DET,Matt Boyd,544200,Matt,Boyd,matt,boyd,boydma01
2017,DET,Mikie Mahtook,541300,Mikie,Mahtook,mikie,mahtook,mahtomi01
2017,DET,Dixon Machado,537800,Dixon,Machado,dixon,machado,machadi01
2017,DET,Alex Presley,535000,Alex,Presley,alex,presley,preslal01
2017,DET,Daniel Stumpf,535000,Daniel,Stumpf,daniel,stumpf,stumpda01
2017,DET,Warwick Saupold,535000,Warwick,Saupold,warwick,saupold,saupowa01
2017,DET,Chad Bell,379990,Chad,Bell,chad,bell,bellch01
2017,DET,John Hicks,289377,John,Hicks,john,hicks,hicksjo01
2017,DET,Blaine Hardy,274762,Blaine,Hardy,blaine,hardy,hardybl01
2017,DET,Jacoby Jones,254910,Jacoby,Jones,jacoby,jones,jonesja08
2017,DET,Tyler Collins,226252,Tyler,Collins,tyler,collins,collity01
2017,DET,Joe Jimenez,219225,Joe,Jimenez,joe,jimenez,jimenjo01
2017,DET,Drew VerHagen,204610,Drew,VerHagen,drew,verhagen,verhadr01
2017,DET,Buck Farmer,151996,Buck,Farmer,buck,farmer,farmebu01
2017,DET,Jeff Ferrell,143227,Jeff,Ferrell,jeff,ferrell,ferreje01
2017,DET,Zac Reininger,113997,Zac,Reininger,zac,reininger,reiniza01
2017,DET,Jeimer Candelario,93536,Jeimer,Candelario,jeimer,candelario,candeje01
2017,DET,Bryan Holaday,90613,Bryan,Holaday,bryan,holaday,holadbr01
2017,DET,Efren Navarro,90613,Efren,Navarro,efren,navarro,navaref01
2017,DET,Jairo Labourt,90613,Jairo,Labourt,jairo,labourt,labouja01
2017,DET,Myles Jaye,87690,Myles,Jaye,myles,jaye,jayemy01
2017,DET,Artie Lewicki,84767,Artie,Lewicki,artie,lewicki,lewicar01
2017,DET,Victor Alcantara,78921,Victor,Alcantara,victor,alcantara,alcanvi01
2017,DET,Steven Moya,58460,Steven,Moya,steven,moya,moyast01
2017,DET,Victor Martinez,18000000,Victor,Martinez,victor,martinez,martivi01
2017,KC,Alex Gordon,16000000,Alex,Gordon,alex,gordon,gordoal01
2017,KC,Ian Kennedy,13500000,Ian,Kennedy,ian,kennedy,kenneia01
2017,KC,Eric Hosmer,12250000,Eric,Hosmer,eric,hosmer,hosmeer01
2017,KC,Lorenzo Cain,11000000,Lorenzo,Cain,lorenzo,cain,cainlo01
2017,KC,Salvador Perez,9000000,Salvador,Perez,salvador,perez,perezsa02
2017,KC,Mike Moustakas,8700000,Mike,Moustakas,mike,moustakas,moustmi01
2017,KC,Joakim Soria,8000000,Joakim,Soria,joakim,soria,soriajo01
2017,KC,Jason Vargas,8000000,Jason,Vargas,jason,vargas,vargaja01
2017,KC,Alcides Escobar,6500000,Alcides,Escobar,alcides,escobar,escobal01
2017,KC,Kelvin Herrera,5325000,Kelvin,Herrera,kelvin,herrera,herreke01
2017,KC,Jason Hammel,5000000,Jason,Hammel,jason,hammel,hammeja01
2017,KC,Danny Duffy,5000000,Danny,Duffy,danny,duffy,duffyda01
2017,KC,Mike Minor,4000000,Mike,Minor,mike,minor,minormi01
2017,KC,Brandon Moss,3750000,Brandon,Moss,brandon,moss,mossbr01
2017,KC,Jorge Soler,3000000,Jorge,Soler,jorge,soler,solerjo01
2017,KC,Melky Cabrera,2622944,Melky,Cabrera,melky,cabrera,cabreme01
2017,KC,Drew Butera,1500000,Drew,Butera,drew,butera,buterdr01
2017,KC,Peter Moylan,1000000,Peter,Moylan,peter,moylan,moylape01
2017,KC,Brandon Maurer,726775,Brandon,Maurer,brandon,maurer,maurebr01
2017,KC,Trevor Cahill,669410,Trevor,Cahill,trevor,cahill,cahiltr01
2017,KC,Cheslor Cuthbert,552250,Cheslor,Cuthbert,cheslor,cuthbert,cuthbch01
2017,KC,Whit Merrifield,543750,Whit,Merrifield,whit,merrifield,merriwh01
2017,KC,Scott Alexander,535000,Scott,Alexander,scott,alexander,aleasc01
2017,KC,Jorge Bonifacio,535000,Jorge,Bonifacio,jorge,bonifacio,bonifjo01
2017,KC,Paulo Orlando,402732,Paulo,Orlando,paulo,orlando,orlanpa01
2017,KC,Kevin McCarthy,277685,Kevin,McCarthy,kevin,mccarthy,mccarke01
2017,KC,Ramon Torres,257224,Ramon,Torres,ramon,torres,torrera01
2017,KC,Jake Junis,242609,Jake,Junis,jake,junis,junisja01
2017,KC,Ryan Buchter,208390,Ryan,Buchter,ryan,buchter,buchtry01
2017,KC,Eric Skoglund,192918,Eric,Skoglund,eric,skoglund,skogler01
2017,KC,Adalberto Mondesi,149736,Adalberto,Mondesi,adalberto,mondesi,mondead01
2017,KC,Cam Gallagher,137381,Cam,Gallagher,cam,gallagher,gallaca01
2017,KC,Terrance Gore,126076,Terrance,Gore,terrance,gore,gorete01
2017,KC,Sam Gaviglio,90613,Sam,Gaviglio,sam,gaviglio,gavigsa01
2017,KC,Andres Machado,90613,Andres,Machado,andres,machado,machaan01
2017,KC,Mike Morin,58460,Mike,Morin,mike,morin,morinmi01
2017,KC,Nate Karns,571000,Nate,Karns,nate,karns,karnsna01
2017,KC,Brian Flynn,367598,Brian,Flynn,brian,flynn,flynnbr01
2017,KC,Bubba Starling,108151,Bubba,Starling,bubba,starling,starlbu01
2017,MIN,Joe Mauer,23000000,Joe,Mauer,joe,mauer,mauerjo01
2017,MIN,Ervin Santana,13500000,Ervin,Santana,ervin,santana,santaer01
2017,MIN,Jason Castro,8500000,Jason,Castro,jason,castro,castrja01
2017,MIN,Glen Perkins,6500000,Glen,Perkins,glen,perkins,perkigl01
2017,MIN,Brian Dozier,6025000,Brian,Dozier,brian,dozier,doziebr01
2017,MIN,Kyle Gibson,2900000,Kyle,Gibson,kyle,gibson,gibsoky01
2017,MIN,Eduardo Escobar,2600000,Eduardo,Escobar,eduardo,escobar,escobed01
2017,MIN,Matt Belisle,2050000,Matt,Belisle,matt,belisle,belisma01
2017,MIN,Ryan Pressly,1175000,Ryan,Pressly,ryan,pressly,pressry01
2017,MIN,Chris Gimenez,950000,Chris,Gimenez,chris,gimenez,gimench01
2017,MIN,Ehire Adrianza,600000,Ehire,Adrianza,ehire,adrianza,adriaeh01
2017,MIN,Miguel Sano,572500,Miguel,Sano,miguel,sano,sanomi01
2017,MIN,Robbie Grossman,552500,Robbie,Grossman,robbie,grossman,grossro01
2017,MIN,Eddie Rosario,552500,Eddie,Rosario,eddie,rosario,rosared01
2017,MIN,Max Kepler,547500,Max,Kepler,max,kepler,keplema01
2017,MIN,Tyler Duffey,542500,Tyler,Duffey,tyler,duffey,duffety01
2017,MIN,Taylor Rogers,542500,Taylor,Rogers,taylor,rogers,rogerta01
2017,MIN,Jorge Polanco,540000,Jorge,Polanco,jorge,polanco,polanjo01
2017,MIN,Byron Buxton,535000,Byron,Buxton,byron,buxton,butoby01
2017,MIN,Adalberto Mejia,535000,Adalberto,Mejia,adalberto,mejia,mejiaad01
2017,MIN,Jose Berrios,535000,Jose,Berrios,jose,berrios,berrijo01
2017,MIN,Trevor Hildenberger,535000,Trevor,Hildenberger,trevor,hildenberger,hildetr01
2017,MIN,Buddy Boshers,341991,Buddy,Boshers,buddy,boshers,boshebu01
2017,MIN,Kennys Vargas,336414,Kennys,Vargas,kennys,vargas,vargake01
2017,MIN,Alan Busenitz,248455,Alan,Busenitz,alan,busenitz,busenal01
2017,MIN,Bartolo Colon,222148,Bartolo,Colon,bartolo,colon,colonba01
2017,MIN,Zack Granite,195841,Zack,Granite,zack,granite,graniza01
2017,MIN,Dillon Gee,192918,Dillon,Gee,dillon,gee,geedi01
2017,MIN,Michael Tonkin,180804,Michael,Tonkin,michael,tonkin,tonkimi01
2017,MIN,Nik Turley,143227,Nik,Turley,nik,turley,turleni01
2017,MIN,Mitch Garver,131535,Mitch,Garver,mitch,garver,garvemi01
2017,MIN,John Curtiss,116920,John,Curtiss,john,curtiss,curtijo01
2017,MIN,Niko Goodrum,90613,Niko,Goodrum,niko,goodrum,goodrni01
2017,MIN,Aaron Slegers,84767,Aaron,Slegers,aaron,slegers,slegeaa01
2017,MIN,Phil Hughes,13200000,Phil,Hughes,phil,hughes,hugheph01
2017,MIN,Hector Santiago,8000000,Hector,Santiago,hector,santiago,santihe01
2017,MIN,Trevor May,555000,Trevor,May,trevor,may,maytr01
2017,MIN,Ryan O'Rourke,540000,Ryan,O'Rourke,ryan,orourke,orourry01
2017,MIN,J.T. Chargois,535000,J.T.,Chargois,jt,chargois,chargjt01
2017,CHW,Jose Abreu,10825000,Jose,Abreu,jose,abreu,abreujo01
2017,CHW,James Shields,10000000,James,Shields,james,shields,shielja01
2017,CHW,Avisail Garcia,3000000,Avisail,Garcia,avisail,garcia,garciav01
2017,CHW,Tim Anderson,850000,Tim,Anderson,tim,anderson,anderti01
2017,CHW,Tyler Saladino,547000,Tyler,Saladino,tyler,saladino,saladty01
2017,CHW,Yolmer Sanchez,546000,Yolmer,Sanchez,yolmer,sanchez,sanchyo01
2017,CHW,Alen Hanson,541500,Alen,Hanson,alen,hanson,hansoal01
2017,CHW,Omar Narvaez,540000,Omar,Narvaez,omar,narvaez,narvaom01
2017,CHW,Matt Davidson,537000,Matt,Davidson,matt,davidson,davidma01
2017,CHW,Mike Pelfrey,535000,Mike,Pelfrey,mike,pelfrey,pelfrmi01
2017,CHW,Gregory Infante,535000,Gregory,Infante,gregory,infante,infangr01
2017,CHW,Chris Beck,535000,Chris,Beck,chris,beck,beckch01
2017,CHW,Kevan Smith,535000,Kevan,Smith,kevan,smith,smithke01
2017,CHW,Juan Minaya,535000,Juan,Minaya,juan,minaya,minayju01
2017,CHW,Dylan Covey,535000,Dylan,Covey,dylan,covey,coveydy01
2017,CHW,Willy Garcia,403374,Willy,Garcia,willy,garcia,garciwi01
2017,CHW,David Holmberg,379990,David,Holmberg,david,holmberg,holmbda01
2017,CHW,Adam Engel,341991,Adam,Engel,adam,engel,engelad01
2017,CHW,Yoan Moncada,219225,Yoan,Moncada,yoan,moncada,moncayo01
2017,CHW,Aaron Bummer,195841,Aaron,Bummer,aaron,bummer,bummeaa01
2017,CHW,Nicky Delmonico,181297,Nicky,Delmonico,nicky,delmonico,delmoni01
2017,CHW,Reynaldo Lopez,151996,Reynaldo,Lopez,reynaldo,lopez,lopezre01
2017,CHW,Danny Farquhar,128612,Danny,Farquhar,danny,farquhar,farquda01
2017,CHW,Lucas Giolito,119843,Lucas,Giolito,lucas,giolito,giolilu01
2017,CHW,Rob Brantly,108151,Rob,Brantly,rob,brantly,brantro01
2017,CHW,Carson Fulmer,93536,Carson,Fulmer,carson,fulmer,fulmeca01
2017,CHW,Rymer Liriano,87690,Rymer,Liriano,rymer,liriano,liriary01
2017,CHW,Jace Fry,78921,Jace,Fry,jace,fry,fryja01
2017,CHW,Chris Volstad,70152,Chris,Volstad,chris,volstad,volstch01
2017,CHW,Al Alburquerque,70152,Al,Alburquerque,al,alburquerque,albural01
2017,CHW,Geovany Soto,2000000,Geovany,Soto,geovany,soto,sotoge01
2017,CHW,Nate Jones,1900000,Nate,Jones,nate,jones,jonesna01
2017,CHW,Zach Putnam,1175000,Zach,Putnam,zach,putnam,putnaza01
2017,CHW,Jake Petricka,825000,Jake,Petricka,jake,petricka,petrija01
2017,CHW,Carlos Rodon,600000,Carlos,Rodon,carlos,rodon,rodonca01
2017,CHW,Charlie Tilson,536000,Charlie,Tilson,charlie,tilson,tilsoch01
2017,CHW,Leury Garcia,535000,Leury,Garcia,leury,garcia,garcile01
2017,HOU,Carlos Beltran,16000000,Carlos,Beltran,carlos,beltran,beltrca01
2017,HOU,Yulieski Gurriel,14000000,Yulieski,Gurriel,yulieski,gurriel,gurriyu01
2017,HOU,Josh Reddick,13000000,Josh,Reddick,josh,reddick,reddijo01
2017,HOU,Brian McCann,11500000,Brian,McCann,brian,mccann,mccanbr01
2017,HOU,Dallas Keuchel,9150000,Dallas,Keuchel,dallas,keuchel,keuchda01
2017,HOU,Charlie Morton,8875000,Charlie,Morton,charlie,morton,mortoch01
2017,HOU,Luke Gregerson,6250000,Luke,Gregerson,luke,gregerson,gregelu01
2017,HOU,Tony Sipp,6000000,Tony,Sipp,tony,sipp,sippto01
2017,HOU,Evan Gattis,5200000,Evan,Gattis,evan,gattis,gattiev01
2017,HOU,Justin Verlander,4743169,Justin,Verlander,justin,verlander,verlaju01
2017,HOU,Jose Altuve,4500000,Jose,Altuve,jose,altuve,altuvjo01
2017,HOU,Francisco Liriano,4475394,Francisco,Liriano,francisco,liriano,liriafr01
2017,HOU,George Springer,3900000,George,Springer,george,springer,springe01
2017,HOU,Collin McHugh,3850000,Collin,McHugh,collin,mchugh,mchugco01
2017,HOU,Marwin Gonzalez,3725000,Marwin,Gonzalez,marwin,gonzalez,gonzama01
2017,HOU,Michael Fiers,3450000,Michael,Fiers,michael,fiers,fiersmi01
2017,HOU,Will Harris,2200000,Will,Harris,will,harris,harriwi01
2017,HOU,Tyler Clippard,1646743,Tyler,Clippard,tyler,clippard,clippty01
2017,HOU,Cameron Maybin,1573760,Cameron,Maybin,cameron,maybin,maybica01
2017,HOU,Jake Marisnick,1100000,Jake,Marisnick,jake,marisnick,marisja01
2017,HOU,Chris Devenski,554500,Chris,Devenski,chris,devenski,devench01
2017,HOU,Ken Giles,550100,Ken,Giles,ken,giles,gileske01
2017,HOU,Lance McCullers,548000,Lance,McCullers,lance,mccullers,mcculla01
2017,HOU,Brad Peacock,541500,Brad,Peacock,brad,peacock,peacobr01
2017,HOU,Alex Bregman,539400,Alex,Bregman,alex,bregman,bregmal01
2017,HOU,Carlos Correa,535000,Carlos,Correa,carlos,correa,correca01
2017,HOU,Colin Moran,535000,Colin,Moran,colin,moran,moranco01
2017,HOU,Francis Martes,535000,Francis,Martes,francis,martes,martefr01
2017,HOU,Michael Feliz,534315,Michael,Feliz,michael,feliz,felizmi01
2017,HOU,Joe Musgrove,510668,Joe,Musgrove,joe,musgrove,musgrjo01
2017,HOU,James Hoyt,420912,James,Hoyt,james,hoyt,hoytja01
2017,HOU,Derek Fisher,216302,Derek,Fisher,derek,fisher,fishede01
2017,HOU,Reymin Guduan,195841,Reymin,Guduan,reymin,guduan,guduare01
2017,HOU,Juan Centeno,169534,Juan,Centeno,juan,centeno,centeju01
2017,HOU,J.D. Davis,169534,J.D.,Davis,jd,davis,davisjd01
2017,HOU,Max Stassi,143227,Max,Stassi,max,stassi,stassma01
2017,HOU,Tyler White,134458,Tyler,White,tyler,white,whitety01
2017,HOU,Tony Kemp,102305,Tony,Kemp,tony,kemp,kempto01
2017,HOU,A.J. Reed,17538,A.J.,Reed,aj,reed,reedaj01
2017,HOU,Jandel Gustave,537200,Jandel,Gustave,jandel,gustave,gustaja01
2017,HOU,David Paulino,536100,David,Paulino,david,paulino,paulida01
2017,HOU,Brady Rodgers,90613,Brady,Rodgers,brady,rodgers,rodgebr02
2017,SEA,Felix Hernandez,26857142,Felix,Hernandez,felix,hernandez,hernafe01
2017,SEA,Robinson Cano,24000000,Robinson,Cano,robinson,cano,canoro01
2017,SEA,Mike Leake,15000000,Mike,Leake,mike,leake,leakemi01
2017,SEA,Nelson Cruz,14000000,Nelson,Cruz,nelson,cruz,cruzne01
2017,SEA,Yovani Gallardo,11000000,Yovani,Gallardo,yovani,gallardo,gallayo01
2017,SEA,Kyle Seager,10500000,Kyle,Seager,kyle,seager,seageky01
2017,SEA,Marc Rzepczynski,5500000,Marc,Rzepczynski,marc,rzepczynski,rzepcma01
2017,SEA,Danny Valencia,5500000,Danny,Valencia,danny,valencia,valenda01
2017,SEA,Carlos Ruiz,4500000,Carlos,Ruiz,carlos,ruiz,ruizca01
2017,SEA,Jarrod Dyson,2800000,Jarrod,Dyson,jarrod,dyson,dysonja01
2017,SEA,James Paxton,2350000,James,Paxton,james,paxton,patoja01
2017,SEA,Erasmo Ramirez,2127082,Erasmo,Ramirez,erasmo,ramirez,ramirer01
2017,SEA,Nick Vincent,1325000,Nick,Vincent,nick,vincent,vinceni01
2017,SEA,Yonder Alonso,1245906,Yonder,Alonso,yonder,alonso,alonsyo01
2017,SEA,Evan Scribner,907500,Evan,Scribner,evan,scribner,scribev01
2017,SEA,Guillermo Heredia,782000,Guillermo,Heredia,guillermo,heredia,heredgu01
2017,SEA,Mike Zunino,570000,Mike,Zunino,mike,zunino,zuninmi01
2017,SEA,Edwin Diaz,545000,Edwin,Diaz,edwin,diaz,diazed01
2017,SEA,Ariel Miranda,540500,Ariel,Miranda,ariel,miranda,miranar01
2017,SEA,Mitch Haniger,538000,Mitch,Haniger,mitch,haniger,hanigmi01
2017,SEA,James Pazos,536500,James,Pazos,james,pazos,pazosja01
2017,SEA,Shae Simmons,536200,Shae,Simmons,shae,simmons,simmosh01
2017,SEA,Ben Gamel,464757,Ben,Gamel,ben,gamel,gamelbe01
2017,SEA,Taylor Motter,455080,Taylor,Motter,taylor,motter,motteta01
2017,SEA,Dan Altavilla,328160,Dan,Altavilla,dan,altavilla,altavda01
2017,SEA,Emilio Pagan,242609,Emilio,Pagan,emilio,pagan,paganem01
2017,SEA,Casey Lawrence,233840,Casey,Lawrence,casey,lawrence,lawreca01
2017,SEA,Andrew Moore,172457,Andrew,Moore,andrew,moore,moorean01
2017,SEA,Marco Gonzales,169534,Marco,Gonzales,marco,gonzales,gonzama01
2017,SEA,Andrew Albers,140304,Andrew,Albers,andrew,albers,alberan01
2017,SEA,Dan Vogelbach,111074,Dan,Vogelbach,dan,vogelbach,vogelda01
2017,SEA,Ryan Garton,90613,Ryan,Garton,ryan,garton,gartory01
2017,SEA,Mike Marjama,90613,Mike,Marjama,mike,marjama,marjami01
2017,SEA,Gordon Beckham,84767,Gordon,Beckham,gordon,beckham,beckhgo01
2017,SEA,Jacob Hannemann,81844,Jacob,Hannemann,jacob,hannemann,hanneja01
2017,SEA,Hisashi Iwakuma,14000000,Hisashi,Iwakuma,hisashi,iwakuma,iwakuhi01
2017,SEA,Drew Smyly,6850000,Drew,Smyly,drew,smyly,smylydr01
2017,SEA,Jean Segura,6200000,Jean,Segura,jean,segura,segurje01
2017,SEA,David Phelps,1860138,David,Phelps,david,phelps,phelpda01
2017,SEA,Tony Zych,539600,Tony,Zych,tony,zych,zychto01
2017,TEX,Cole Hamels,22500000,Cole,Hamels,cole,hamels,hamelco01
2017,TEX,Shin-Soo Choo,20000000,Shin-Soo,Choo,shinsoo,choo,choosh01
2017,TEX,Adrian Beltre,18000000,Adrian,Beltre,adrian,beltre,beltrad01
2017,TEX,Elvis Andrus,15000000,Elvis,Andrus,elvis,andrus,andruel01
2017,TEX,Carlos Gomez,11500000,Carlos,Gomez,carlos,gomez,gomezca01
2017,TEX,Andrew Cashner,10000000,Andrew,Cashner,andrew,cashner,cashnan01
2017,TEX,Mike Napoli,6000000,Mike,Napoli,mike,napoli,napolmi01
2017,TEX,Martin Perez,4400000,Martin,Perez,martin,perez,perezma01
2017,TEX,Rougned Odor,3000000,Rougned,Odor,rougned,odor,odorro01
2017,TEX,Jake Diekman,2550000,Jake,Diekman,jake,diekman,diekmja01
2017,TEX,A.J. Griffin,2000000,A.J.,Griffin,aj,griffin,griffaj01
2017,TEX,Robinson Chirinos,1950000,Robinson,Chirinos,robinson,chirinos,chiriro01
2017,TEX,Tony Barnette,1750000,Tony,Barnette,tony,barnette,barneto01
2017,TEX,Jason Grilli,1508156,Jason,Grilli,jason,grilli,grillja01
2017,TEX,Miguel Gonzalez,999440,Miguel,Gonzalez,miguel,gonzalez,gonzami01
2017,TEX,Nomar Mazara,546450,Nomar,Mazara,nomar,mazara,mazarno01
2017,TEX,Claudio,545050,Claudio,,claudio,,cl01
2017,TEX,Matt Bush,544920,Matt,Bush,matt,bush,bushma01
2017,TEX,Keone Kela,543210,Keone,Kela,keone,kela,kelake01
2017,TEX,Delino DeShields,540300,Delino,DeShields,delino,deshields,deshide01
2017,TEX,Joey Gallo,537120,Joey,Gallo,joey,gallo,gallojo01
2017,TEX,Jose Leclerc,536000,Jose,Leclerc,jose,leclerc,leclejo01
2017,TEX,Drew Robinson,535000,Drew,Robinson,drew,robinson,robindr01
2017,TEX,Austin Bibens-Dirkx,535000,Austin,Bibens-Dirkx,austin,bibensdirkx,bibenau01
2017,TEX,Nick Martinez,366296,Nick,Martinez,nick,martinez,martini02
2017,TEX,Ryan Rua,351286,Ryan,Rua,ryan,rua,ruary01
2017,TEX,Brett Nicholas,281664,Brett,Nicholas,brett,nicholas,nichobr01
2017,TEX,Jared Hoying,178303,Jared,Hoying,jared,hoying,hoyinja01
2017,TEX,Ricardo Rodriguez,160765,Ricardo,Rodriguez,ricardo,rodriguez,rodriri01
2017,TEX,Philip Gosselin,100881,Philip,Gosselin,philip,gosselin,gosseph01
2017,TEX,Nick Gardewine,96459,Nick,Gardewine,nick,gardewine,gardeni01
2017,TEX,Will Middlebrooks,90613,Will,Middlebrooks,will,middlebrooks,middlwi01
2017,TEX,A.J. Jimenez,90613,A.J.,Jimenez,aj,jimenez,jimenaj01
2017,TEX,Paolo Espino,90613,Paolo,Espino,paolo,espino,espinpa01
2017,TEX,Yohander Mendez,82012,Yohander,Mendez,yohander,mendez,mendeyo01
2017,TEX,Willie Calhoun,58460,Willie,Calhoun,willie,calhoun,calhowi01
2017,TEX,Hanser Alberto,537360,Hanser,Alberto,hanser,alberto,alberha01
2017,TEX,Chi Chi Gonzalez,537000,Chi Chi,Gonzalez,chichi,gonzalez,gonzach01
2017,OAK,Jed Lowrie,6500000,Jed,Lowrie,jed,lowrie,lowrije01
2017,OAK,Santiago Casilla,5500000,Santiago,Casilla,santiago,casilla,casilsa01
2017,OAK,Khris Davis,5000000,Khris,Davis,khris,davis,daviskh01
2017,OAK,Matt Joyce,4945356,Matt,Joyce,matt,joyce,joycema01
2017,OAK,Liam Hendriks,1100000,Liam,Hendriks,liam,hendriks,hendrli01
2017,OAK,Josh Phegley,545000,Josh,Phegley,josh,phegley,phegljo01
2017,OAK,Marcus Semien,545000,Marcus,Semien,marcus,semien,semiema01
2017,OAK,Jake Smolinski,545000,Jake,Smolinski,jake,smolinski,smolija01
2017,OAK,Kendall Graveman,545000,Kendall,Graveman,kendall,graveman,graveke01
2017,OAK,Ryan Dull,540000,Ryan,Dull,ryan,dull,dullry01
2017,OAK,Danny Coulombe,537500,Danny,Coulombe,danny,coulombe,couloda01
2017,OAK,Sean Manaea,537500,Sean,Manaea,sean,manaea,manaese01
2017,OAK,Ryon Healy,537500,Ryon,Healy,ryon,healy,healyry01
2017,OAK,Simon Castro,535000,Simon,Castro,simon,castro,castrsi01
2017,OAK,Matt Chapman,535000,Matt,Chapman,matt,chapman,chapmma01
2017,OAK,Jharel Cotton,535000,Jharel,Cotton,jharel,cotton,cottojh01
2017,OAK,Chris Smith,535000,Chris,Smith,chris,smith,smithch01
2017,OAK,Bruce Maxwell,535000,Bruce,Maxwell,bruce,maxwell,mawebr01
2017,OAK,Chad Pinder,493987,Chad,Pinder,chad,pinder,pindech01
2017,OAK,Chris Hatcher,327888,Chris,Hatcher,chris,hatcher,hatchch01
2017,OAK,Daniel Gossett,260147,Daniel,Gossett,daniel,gossett,gosseda01
2017,OAK,Michael Brady,242609,Michael,Brady,michael,brady,bradymi01
2017,OAK,Blake Treinen,240240,Blake,Treinen,blake,treinen,treinbl01
2017,OAK,Matt Olson,236763,Matt,Olson,matt,olson,olsonma02
2017,OAK,Daniel Mengden,234960,Daniel,Mengden,daniel,mengden,mengdda01
2017,OAK,Mark Canha,226328,Mark,Canha,mark,canha,canhama01
2017,OAK,Dustin Garneau,169534,Dustin,Garneau,dustin,garneau,garnedu01
2017,OAK,Joey Wendle,160765,Joey,Wendle,joey,wendle,wendljo01
2017,OAK,Boog Powell,154919,Boog,Powell,boog,powell,powelbo01
2017,OAK,Franklin Barreto,128612,Franklin,Barreto,franklin,barreto,barrefr01
2017,OAK,Sam Moll,90613,Sam,Moll,sam,moll,mollsa01
2017,OAK,Raul Alcantara,87690,Raul,Alcantara,raul,alcantara,alcanra01
2017,OAK,Renato Nunez,78921,Renato,Nunez,renato,nunez,nunezre01
2017,OAK,Andrew Triggs,537500,Andrew,Triggs,andrew,triggs,triggan01
2017,OAK,Bobby Wahl,535000,Bobby,Wahl,bobby,wahl,wahlbo01
2017,OAK,Dustin Fowler,535000,Dustin,Fowler,dustin,fowler,fowledu01
2017,OAK,Paul Blackburn,271839,Paul,Blackburn,paul,blackburn,blackpa01
2017,LAA,Albert Pujols,26000000,Albert,Pujols,albert,pujols,pujolal01
2017,LAA,Mike Trout,19250000,Mike,Trout,mike,trout,troutmi01
2017,LAA,Ricky Nolasco,8000000,Ricky,Nolasco,ricky,nolasco,nolasri01
2017,LAA,Andrelton Simmons,8000000,Andrelton,Simmons,andrelton,simmons,simmoan01
2017,LAA,Garrett Richards,6850000,Garrett,Richards,garrett,richards,richaga01
2017,LAA,Jesse Chavez,6550000,Jesse,Chavez,jesse,chavez,chaveje01
2017,LAA,Luis Valbuena,6500000,Luis,Valbuena,luis,valbuena,valbulu01
2017,LAA,Kole Calhoun,6000000,Kole,Calhoun,kole,calhoun,calhoko01
2017,LAA,Danny Espinosa,5425000,Danny,Espinosa,danny,espinosa,espinda01
2017,LAA,Ben Revere,4000000,Ben,Revere,ben,revere,reverbe01
2017,LAA,Justin Upton,3000000,Justin,Upton,justin,upton,uptonju01
2017,LAA,Yusmeiro Petit,2250000,Yusmeiro,Petit,yusmeiro,petit,petityu01
2017,LAA,Cliff Pennington,2250000,Cliff,Pennington,cliff,pennington,pennicl01
2017,LAA,Bud Norris,1750000,Bud,Norris,bud,norris,norribu01
2017,LAA,Martin Maldonado,1725000,Martin,Maldonado,martin,maldonado,maldoma01
2017,LAA,C.J. Cron,565000,C.J.,Cron,cj,cron,croncj01
2017,LAA,Blake Parker,560000,Blake,Parker,blake,parker,parkebl01
2017,LAA,Tyler Skaggs,555000,Tyler,Skaggs,tyler,skaggs,skaggty01
2017,LAA,Cam Bedrosian,555000,Cam,Bedrosian,cam,bedrosian,bedroca01
2017,LAA,Andrew Heaney,543000,Andrew,Heaney,andrew,heaney,heanean01
2017,LAA,Juan Graterol,535000,Juan,Graterol,juan,graterol,grateju01
2017,LAA,Parker Bridwell,535000,Parker,Bridwell,parker,bridwell,bridwpa01
2017,LAA,Keynan Middleton,535000,Keynan,Middleton,keynan,middleton,middlke01
2017,LAA,Jose Alvarez,441380,Jose,Alvarez,jose,alvarez,alvarjo01
2017,LAA,Blake Wood,264746,Blake,Wood,blake,wood,woodbl01
2017,LAA,Eric Young Jr.,230917,Eric,Young,eric,young,younger01
2017,LAA,Kaleb Cowart,204610,Kaleb,Cowart,kaleb,cowart,cowarka01
2017,LAA,Eduardo Paredes,198764,Eduardo,Paredes,eduardo,paredes,pareded01
2017,LAA,Brandon Phillips,169398,Brandon,Phillips,brandon,phillips,phillbr01
2017,LAA,Shane Robinson,151996,Shane,Robinson,shane,robinson,robinsh01
2017,LAA,Troy Scribner,149073,Troy,Scribner,troy,scribner,scribtr01
2017,LAA,Carlos Perez,143616,Carlos,Perez,carlos,perez,perezca02
2017,LAA,Nolan Fontana,113997,Nolan,Fontana,nolan,fontana,fontano01
2017,LAA,Fernando Salas,90613,Fernando,Salas,fernando,salas,salasfe01
2017,LAA,Noe Ramirez,90613,Noe,Ramirez,noe,ramirez,ramirno01
2017,LAA,Jason Gurka,90613,Jason,Gurka,jason,gurka,gurkaja01
2017,LAA,Huston Street,9000000,Huston,Street,huston,street,streehu01
2017,LAA,Yunel Escobar,7000000,Yunel,Escobar,yunel,escobar,escobyu01
2017,LAA,Matt Shoemaker,3325000,Matt,Shoemaker,matt,shoemaker,shoemma01
2017,LAA,Andrew Bailey,1000000,Andrew,Bailey,andrew,bailey,bailean01
2017,LAA,J.C. Ramirez,550000,J.C.,Ramirez,jc,ramirez,ramirjc01
2017,LAA,Nick Tropeano,542500,Nick,Tropeano,nick,tropeano,tropeni01
2017,LAA,Alex Meyer,535000,Alex,Meyer,alex,meyer,meyeral01
2017,LAA,Jefry Marte,269010,Jefry,Marte,jefry,marte,marteje01
2017,PHI,Freddy Galvis,4350000,Freddy,Galvis,freddy,galvis,galvifr01
2017,PHI,Jeanmar Gomez,4200000,Jeanmar,Gomez,jeanmar,gomez,gomezje01
2017,PHI,Andres Blanco,3000000,Andres,Blanco,andres,blanco,blancan01
2017,PHI,Odubel Herrera,3000000,Odubel,Herrera,odubel,herrera,herreod01
2017,PHI,Cesar Hernandez,2550000,Cesar,Hernandez,cesar,hernandez,hernace01
2017,PHI,Kevin Siegrist,1637500,Kevin,Siegrist,kevin,siegrist,siegrke01
2017,PHI,Hyun-soo Kim,1491165,Hyun-soo,Kim,hyunsoo,kim,kimhy01
2017,PHI,Casey Fien,1100000,Casey,Fien,casey,fien,fienca01
2017,PHI,Cameron Rupp,565000,Cameron,Rupp,cameron,rupp,ruppca01
2017,PHI,Maikel Franco,560000,Maikel,Franco,maikel,franco,francma01
2017,PHI,Hector Neris,557500,Hector,Neris,hector,neris,nerishe01
2017,PHI,Aaron Nola,544000,Aaron,Nola,aaron,nola,nolaaa01
2017,PHI,Tommy Joseph,543000,Tommy,Joseph,tommy,joseph,josepto01
2017,PHI,Adam Morgan,539000,Adam,Morgan,adam,morgan,morgaad01
2017,PHI,Aaron Altherr,538500,Aaron,Altherr,aaron,altherr,altheaa01
2017,PHI,Nick Williams,535000,Nick,Williams,nick,williams,willini01
2017,PHI,Andrew Knapp,535000,Andrew,Knapp,andrew,knapp,knappan01
2017,PHI,Luis Garcia,470603,Luis,Garcia,luis,garcia,garcilu04
2017,PHI,Ty Kelly,437464,Ty,Kelly,ty,kelly,kellyty01
2017,PHI,Edubray Ramos,427895,Edubray,Ramos,edubray,ramos,ramosed01
2017,PHI,Mark Leiter Jr.,391682,Mark,Leiter,mark,leiter,leitema01
2017,PHI,Nick Pivetta,374144,Nick,Pivetta,nick,pivetta,pivetni01
2017,PHI,Hoby Milner,303992,Hoby,Milner,hoby,milner,milneho01
2017,PHI,Cameron Perkins,251378,Cameron,Perkins,cameron,perkins,perkica01
2017,PHI,Ricardo Pinto,245532,Ricardo,Pinto,ricardo,pinto,pintori01
2017,PHI,Ben Lively,233840,Ben,Lively,ben,lively,livelbe01
2017,PHI,Jorge Alfaro,172457,Jorge,Alfaro,jorge,alfaro,alfarjo01
2017,PHI,Rhys Hoskins,154919,Rhys,Hoskins,rhys,hoskins,hoskirh01
2017,PHI,Jake Thompson,128612,Jake,Thompson,jake,thompson,thompja01
2017,PHI,Yacksel Rios,119843,Yacksel,Rios,yacksel,rios,riosya01
2017,PHI,J.P. Crawford,78921,J.P.,Crawford,jp,crawford,crawfjp01
2017,PHI,Henderson Alvarez III,77862,Henderson,Alvarez,henderson,alvarez,alvarhe01
2017,PHI,Zac Curtis,61383,Zac,Curtis,zac,curtis,curtiza01
2017,PHI,Victor Arano,58460,Victor,Arano,victor,arano,aranovi01
2017,PHI,Clay Buchholz,13500000,Clay,Buchholz,clay,buchholz,buchhcl01
2017,PHI,Daniel Nava,1350000,Daniel,Nava,daniel,nava,navada01
2017,PHI,Jerad Eickhoff,552000,Jerad,Eickhoff,jerad,eickhoff,eickhje01
2017,PHI,Vince Velasquez,547000,Vince,Velasquez,vince,velasquez,velasvi01
2017,PHI,Zach Eflin,302202,Zach,Eflin,zach,eflin,eflinza01
2017,PHI,Jesen Therrien,192918,Jesen,Therrien,jesen,therrien,therrje01
2017,PHI,Pedro Florimon,134458,Pedro,Florimon,pedro,florimon,floripe01
2017,ATL,Freddie Freeman,20500000,Freddie,Freeman,freddie,freeman,freemfr01
2017,ATL,Nick Markakis,10500000,Nick,Markakis,nick,markakis,markani01
2017,ATL,Matt Kemp,9500000,Matt,Kemp,matt,kemp,kempma01
2017,ATL,R.A. Dickey,7500000,R.A.,Dickey,ra,dickey,dickera01
2017,ATL,Julio Teheran,6300000,Julio,Teheran,julio,teheran,teherju01
2017,ATL,Jim Johnson,6000000,Jim,Johnson,jim,johnson,johnsji01
2017,ATL,Ender Inciarte,5500000,Ender,Inciarte,ender,inciarte,inciaen01
2017,ATL,Tyler Flowers,3600000,Tyler,Flowers,tyler,flowers,flowety01
2017,ATL,Matt Adams,2800000,Matt,Adams,matt,adams,adamsma01
2017,ATL,Kurt Suzuki,1600000,Kurt,Suzuki,kurt,suzuki,suzukku01
2017,ATL,Arodys Vizcaino,1550000,Arodys,Vizcaino,arodys,vizcaino,vizcaar01
2017,ATL,Eric O'Flaherty,1250000,Eric,O'Flaherty,eric,oflaherty,oflaher01
2017,ATL,Ian Krol,900000,Ian,Krol,ian,krol,krolia01
2017,ATL,Adonis Garcia,547500,Adonis,Garcia,adonis,garcia,garciad02
2017,ATL,Dan Winkler,545000,Dan,Winkler,dan,winkler,winklda01
2017,ATL,Mike Foltynewicz,544000,Mike,Foltynewicz,mike,foltynewicz,foltymi01
2017,ATL,Jose Ramirez,536250,Jose,Ramirez,jose,ramirez,ramirjo01
2017,ATL,Jason Motte,535000,Jason,Motte,jason,motte,motteja01
2017,ATL,Sam Freeman,535000,Sam,Freeman,sam,freeman,freemsa01
2017,ATL,Luke Jackson,535000,Luke,Jackson,luke,jackson,jackslu01
2017,ATL,Sean Newcomb,535000,Sean,Newcomb,sean,newcomb,newcose01
2017,ATL,Johan Camargo,535000,Johan,Camargo,johan,camargo,camarjo01
2017,ATL,Dansby Swanson,498719,Dansby,Swanson,dansby,swanson,swansda01
2017,ATL,Jace Peterson,424620,Jace,Peterson,jace,peterson,peterja01
2017,ATL,Micah Johnson,379990,Micah,Johnson,micah,johnson,johnsmi01
2017,ATL,Lane Adams,347837,Lane,Adams,lane,adams,adamsla01
2017,ATL,Rio Ruiz,295223,Rio,Ruiz,rio,ruiz,ruizri01
2017,ATL,Rex Brothers,245532,Rex,Brothers,rex,brothers,brothre01
2017,ATL,Matt Wisler,216302,Matt,Wisler,matt,wisler,wislema01
2017,ATL,Lucas Sims,181226,Lucas,Sims,lucas,sims,simslu01
2017,ATL,Ozzie Albies,181226,Ozzie,Albies,ozzie,albies,albieoz01
2017,ATL,Max Fried,143227,Max,Fried,max,fried,friedma01
2017,ATL,A.J. Minter,116920,A.J.,Minter,aj,minter,minteaj01
2017,ATL,David Freitas,96459,David,Freitas,david,freitas,freitda01
2017,ATL,Luiz Gohara,78921,Luiz,Gohara,luiz,gohara,goharlu01
2017,ATL,Tony Sanchez,52614,Tony,Sanchez,tony,sanchez,sanchto01
2017,ATL,Jacob Lindgren,1025000,Jacob,Lindgren,jacob,lindgren,lindgja01
2017,ATL,Danny Santana,545000,Danny,Santana,danny,santana,santada01
2017,ATL,Armando Rivero,535000,Armando,Rivero,armando,rivero,riverar01
2017,NYM,Asdrubal Cabrera,8250000,Asdrubal,Cabrera,asdrubal,cabrera,cabreas01
2017,NYM,Jeurys Familia,6816393,Jeurys,Familia,jeurys,familia,familje01
2017,NYM,Jerry Blevins,5500000,Jerry,Blevins,jerry,blevins,blevije01
2017,NYM,Matt Harvey,5040983,Matt,Harvey,matt,harvey,harvema01
2017,NYM,Juan Lagares,4500000,Juan,Lagares,juan,lagares,lagarju01
2017,NYM,Jacob deGrom,4050000,Jacob,deGrom,jacob,degrom,degroja01
2017,NYM,A.J. Ramos,2326480,A.J.,Ramos,aj,ramos,ramosaj01
2017,NYM,Wilmer Flores,2200000,Wilmer,Flores,wilmer,flores,florewi01
2017,NYM,Travis d'Arnaud,1875000,Travis,d'Arnaud,travis,darnaud,darnatr01
2017,NYM,Tommy Milone,1250000,Tommy,Milone,tommy,milone,milonto01
2017,NYM,Noah Syndergaard,605500,Noah,Syndergaard,noah,syndergaard,syndeno01
2017,NYM,Hansel Robles,553125,Hansel,Robles,hansel,robles,robleha01
2017,NYM,Seth Lugo,543500,Seth,Lugo,seth,lugo,lugose01
2017,NYM,Josh Smoker,536625,Josh,Smoker,josh,smoker,smokejo01
2017,NYM,Jose Reyes,535000,Jose,Reyes,jose,reyes,reyesjo01
2017,NYM,Erik Goeddel,535000,Erik,Goeddel,erik,goeddel,goedder01
2017,NYM,Paul Sewald,535000,Paul,Sewald,paul,sewald,sewalpa01
2017,NYM,Brandon Nimmo,442430,Brandon,Nimmo,brandon,nimmo,nimmobr01
2017,NYM,Rafael Montero,440742,Rafael,Montero,rafael,montero,montera01
2017,NYM,Matt Reynolds,379990,Matt,Reynolds,matt,reynolds,reynoma01
2017,NYM,Chasen Bradford,251378,Chasen,Bradford,chasen,bradford,bradfch01
2017,NYM,Kevin Plawecki,227994,Kevin,Plawecki,kevin,plawecki,plaweke01
2017,NYM,Chris Flexen,198764,Chris,Flexen,chris,flexen,fleech01
2017,NYM,Amed Rosario,181226,Amed,Rosario,amed,rosario,rosaram01
2017,NYM,Gavin Cecchini,157842,Gavin,Cecchini,gavin,cecchini,cecchga01
2017,NYM,Dominic Smith,151996,Dominic,Smith,dominic,smith,smithdo02
2017,NYM,Travis Taijeron,108151,Travis,Taijeron,travis,taijeron,taijetr01
2017,NYM,Kevin McGowan,105228,Kevin,McGowan,kevin,mcgowan,mcgowke01
2017,NYM,Robert Gsellman,94720,Robert,Gsellman,robert,gsellman,gsellro01
2017,NYM,Jacob Rhame,90613,Jacob,Rhame,jacob,rhame,rhameja01
2017,NYM,Jamie Callahan,90613,Jamie,Callahan,jamie,callahan,callaja01
2017,NYM,Nori Aoki,87690,Nori,Aoki,nori,aoki,aokino01
2017,NYM,Phillip Evans,70152,Phillip,Evans,phillip,evans,evansph01
2017,NYM,Tomas Nido,58460,Tomas,Nido,tomas,nido,nidoto01
2017,NYM,Yoenis Cespedes,22500000,Yoenis,Cespedes,yoenis,cespedes,cespeyo01
2017,NYM,David Wright,20000000,David,Wright,david,wright,wrighda01
2017,NYM,Zack Wheeler,800000,Zack,Wheeler,zack,wheeler,wheelza01
2017,NYM,Steven Matz,562250,Steven,Matz,steven,matz,matzst01
2017,NYM,Michael Conforto,554904,Michael,Conforto,michael,conforto,confomi01
2017,NYM,T.J. Rivera,539958,T.J.,Rivera,tj,rivera,rivertj01
2017,WSH,Jayson Werth,21000000,Jayson,Werth,jayson,werth,werthja01
2017,WSH,Max Scherzer,15100000,Max,Scherzer,max,scherzer,scherma01
2017,WSH,Stephen Strasburg,15000000,Stephen,Strasburg,stephen,strasburg,strasst01
2017,WSH,Ryan Zimmerman,14000000,Ryan,Zimmerman,ryan,zimmerman,zimmery01
2017,WSH,Bryce Harper,13625000,Bryce,Harper,bryce,harper,harpebr03
2017,WSH,Daniel Murphy,12000000,Daniel,Murphy,daniel,murphy,murphda01
2017,WSH,Gio Gonzalez,12000000,Gio,Gonzalez,gio,gonzalez,gonzagi01
2017,WSH,Anthony Rendon,5800000,Anthony,Rendon,anthony,rendon,rendoan01
2017,WSH,Matt Wieters,5500000,Matt,Wieters,matt,wieters,wietema01
2017,WSH,Tanner Roark,4315000,Tanner,Roark,tanner,roark,roarkta01
2017,WSH,Oliver Perez,4000000,Oliver,Perez,oliver,perez,perezol01
2017,WSH,Howie Kendrick,3551912,Howie,Kendrick,howie,kendrick,kendrho01
2017,WSH,Stephen Drew,3500000,Stephen,Drew,stephen,drew,drewst01
2017,WSH,Ryan Madson,3196752,Ryan,Madson,ryan,madson,madsory01
2017,WSH,Adam Lind,1800000,Adam,Lind,adam,lind,lindad01
2017,WSH,Matt Albers,1750000,Matt,Albers,matt,albers,alberma01
2017,WSH,Jose Lobaton,1575000,Jose,Lobaton,jose,lobaton,lobatjo01
2017,WSH,Sean Doolittle,1358224,Sean,Doolittle,sean,doolittle,doolise01
2017,WSH,Brandon Kintzler,1006992,Brandon,Kintzler,brandon,kintzler,kintzbr01
2017,WSH,Joe Blanton,1000000,Joe,Blanton,joe,blanton,blantjo01
2017,WSH,Trea Turner,554900,Trea,Turner,trea,turner,turnetr01
2017,WSH,Michael A. Taylor,551869,Michael A.,Taylor,michaela,taylor,taylomi02
2017,WSH,Enny Romero,551000,Enny,Romero,enny,romero,romeren01
2017,WSH,Wilmer Difo,537800,Wilmer,Difo,wilmer,difo,difowi01
2017,WSH,Matt Grace,535000,Matt,Grace,matt,grace,gracema01
2017,WSH,Sammy Solis,480102,Sammy,Solis,sammy,solis,solissa01
2017,WSH,Edwin Jackson,415264,Edwin,Jackson,edwin,jackson,jacksed01
2017,WSH,Adrian Sanchez,245532,Adrian,Sanchez,adrian,sanchez,sanchad01
2017,WSH,Andrew Stevenson,175380,Andrew,Stevenson,andrew,stevenson,stevean01
2017,WSH,A.J. Cole,166611,A.J.,Cole,aj,cole,coleaj01
2017,WSH,Alejandro De Aza,137381,Alejandro De,Aza,alejandrode,aza,azaal01
2017,WSH,Pedro Severino,137381,Pedro,Severino,pedro,severino,severpe01
2017,WSH,Austin Adams,102305,Austin,Adams,austin,adams,adamsau01
2017,WSH,Rafael Bautista,102305,Rafael,Bautista,rafael,bautista,bautira01
2017,WSH,Raudy Read,90613,Raudy,Read,raudy,read,readra01
2017,WSH,Victor Robles,73075,Victor,Robles,victor,robles,roblevi01
2017,WSH,Shawn Kelley,5500000,Shawn,Kelley,shawn,kelley,kellesh01
2017,WSH,Adam Eaton,4000000,Adam,Eaton,adam,eaton,eatonad01
2017,WSH,Koda Glover,538300,Koda,Glover,koda,glover,gloveko01
2017,WSH,Ryan Raburn,535000,Ryan,Raburn,ryan,raburn,raburry01
2017,WSH,Brian Goodwin,535000,Brian,Goodwin,brian,goodwin,goodwbr01
2017,WSH,Joe Ross,433584,Joe,Ross,joe,ross,rossjo01
2017,WSH,Erick Fedde,105228,Erick,Fedde,erick,fedde,feddeer01
2017,MIA,Giancarlo Stanton,14500000,Giancarlo,Stanton,giancarlo,stanton,stantgi01
2017,MIA,Wei-Yin Chen,9500000,Wei-Yin,Chen,weiyin,chen,chenwe01
2017,MIA,Dee Strange-Gordon,7500000,Dee,Strange-Gordon,dee,strangegordon,strande01
2017,MIA,Brad Ziegler,7000000,Brad,Ziegler,brad,ziegler,zieglbr01
2017,MIA,Junichi Tazawa,5000000,Junichi,Tazawa,junichi,tazawa,tazawju01
2017,MIA,Marcell Ozuna,3500000,Marcell,Ozuna,marcell,ozuna,ozunama01
2017,MIA,Christian Yelich,3500000,Christian,Yelich,christian,yelich,yelicch01
2017,MIA,A.J. Ellis,2500000,A.J.,Ellis,aj,ellis,ellisaj01
2017,MIA,Ichiro Suzuki,2000000,Ichiro,Suzuki,ichiro,suzuki,suzukic01
2017,MIA,Dustin McGowan,1750000,Dustin,McGowan,dustin,mcgowan,mcgowdu01
2017,MIA,Derek Dietrich,1700000,Derek,Dietrich,derek,dietrich,dietrde01
2017,MIA,Tyler Moore,1000000,Tyler,Moore,tyler,moore,moorety01
2017,MIA,J.T. Realmuto,562500,J.T.,Realmuto,jt,realmuto,realmjt01
2017,MIA,Justin Bour,552500,Justin,Bour,justin,bour,bourju01
2017,MIA,Dan Straily,552100,Dan,Straily,dan,straily,straida01
2017,MIA,Adam Conley,537500,Adam,Conley,adam,conley,conlead01
2017,MIA,Kyle Barraclough,536500,Kyle,Barraclough,kyle,barraclough,barraky01
2017,MIA,Vance Worley,535000,Vance,Worley,vance,worley,worleva01
2017,MIA,Miguel Rojas,535000,Miguel,Rojas,miguel,rojas,rojasmi02
2017,MIA,Jose Urena,535000,Jose,Urena,jose,urena,urenajo01
2017,MIA,Brian Ellington,535000,Brian,Ellington,brian,ellington,ellinbr01
2017,MIA,Jarlin Garcia,535000,Jarlin,Garcia,jarlin,garcia,garcija01
2017,MIA,Chris O'Grady,535000,Chris,O'Grady,chris,ogrady,ogradch01
2017,MIA,Justin Nicolino,289377,Justin,Nicolino,justin,nicolino,nicolju01
2017,MIA,Drew Steckenrider,268916,Drew,Steckenrider,drew,steckenrider,steckdr01
2017,MIA,Tomas Telis,236763,Tomas,Telis,tomas,telis,telisto01
2017,MIA,Odrisamer Despaigne,233840,Odrisamer,Despaigne,odrisamer,despaigne,despaod01
2017,MIA,Mike Aviles,216302,Mike,Aviles,mike,aviles,avilemi01
2017,MIA,Javy Guerra,131535,Javy,Guerra,javy,guerra,guerrja01
2017,MIA,Dillon Peters,90613,Dillon,Peters,dillon,peters,peterdi01
2017,MIA,Brian Anderson,90613,Brian,Anderson,brian,anderson,anderbr06
2017,MIA,Martin Prado,11500000,Martin,Prado,martin,prado,pradoma01
2017,MIA,Edinson Volquez,9000000,Edinson,Volquez,edinson,volquez,volqued01
2017,MIA,Nick Wittgren,535000,Nick,Wittgren,nick,wittgren,wittgni01
2017,MIA,J.T. Riddle,535000,J.T.,Riddle,jt,riddle,riddljt01
2017,MIL,Ryan Braun,20000000,Ryan,Braun,ryan,braun,braunry01
2017,MIL,Matt Garza,12500000,Matt,Garza,matt,garza,garzama01
2017,MIL,Eric Thames,4500000,Eric,Thames,eric,thames,thameer01
2017,MIL,Neil Walker,3000000,Neil,Walker,neil,walker,walkene01
2017,MIL,Chase Anderson,2450000,Chase,Anderson,chase,anderson,anderch01
2017,MIL,Carlos Torres,2175000,Carlos,Torres,carlos,torres,torreca01
2017,MIL,Stephen Vogt,1603998,Stephen,Vogt,stephen,vogt,vogtst01
2017,MIL,Jared Hughes,950000,Jared,Hughes,jared,hughes,hugheja01
2017,MIL,Jeremy Jeffress,722925,Jeremy,Jeffress,jeremy,jeffress,jeffrje01
2017,MIL,Jonathan Villar,554500,Jonathan,Villar,jonathan,villar,villajo01
2017,MIL,Zach Davies,546200,Zach,Davies,zach,davies,davieza01
2017,MIL,Hernan Perez,545700,Hernan,Perez,hernan,perez,perezhe01
2017,MIL,Travis Shaw,544400,Travis,Shaw,travis,shaw,shawtr01
2017,MIL,Domingo Santana,542200,Domingo,Santana,domingo,santana,santado01
2017,MIL,Jett Bandy,539800,Jett,Bandy,jett,bandy,bandyje01
2017,MIL,Corey Knebel,538900,Corey,Knebel,corey,knebel,knebeco01
2017,MIL,Manuel Pina,538200,Manuel,Pina,manuel,pina,pinama01
2017,MIL,Orlando Arcia,538100,Orlando,Arcia,orlando,arcia,arciaor01
2017,MIL,Jacob Barnes,537700,Jacob,Barnes,jacob,barnes,barneja01
2017,MIL,Jesus Aguilar,536000,Jesus,Aguilar,jesus,aguilar,aguilje01
2017,MIL,Eric Sogard,535000,Eric,Sogard,eric,sogard,sogarer01
2017,MIL,Oliver Drake,535000,Oliver,Drake,oliver,drake,drakeol01
2017,MIL,Keon Broxton,508604,Keon,Broxton,keon,broxton,brotke01
2017,MIL,Junior Guerra,444765,Junior,Guerra,junior,guerra,guerrju01
2017,MIL,Anthony Swarzak,339342,Anthony,Swarzak,anthony,swarzak,swarzan01
2017,MIL,Josh Hader,336145,Josh,Hader,josh,hader,haderjo01
2017,MIL,Brent Suter,333222,Brent,Suter,brent,suter,suterbr01
2017,MIL,Brandon Woodruff,257224,Brandon,Woodruff,brandon,woodruff,woodrbr01
2017,MIL,Andrew Susac,172457,Andrew,Susac,andrew,susac,susacan01
2017,MIL,Brett Phillips,154919,Brett,Phillips,brett,phillips,phillbr01
2017,MIL,Wei-Chung Wang,99382,Wei-Chung,Wang,weichung,wang,wangwe01
2017,MIL,Taylor Williams,90613,Taylor,Williams,taylor,williams,willita01
2017,MIL,Quintin Berry,78921,Quintin,Berry,quintin,berry,berryqu01
2017,MIL,Aaron Wilkerson,49691,Aaron,Wilkerson,aaron,wilkerson,wilkeaa01
2017,MIL,Jimmy Nelson,547000,Jimmy,Nelson,jimmy,nelson,nelsoji01
2017,CHC,Jason Heyward,21500000,Jason,Heyward,jason,heyward,heywaja01
2017,CHC,Jon Lester,20000000,Jon,Lester,jon,lester,lestejo01
2017,CHC,John Lackey,16000000,John,Lackey,john,lackey,lackejo01
2017,CHC,Ben Zobrist,16000000,Ben,Zobrist,ben,zobrist,zobribe01
2017,CHC,Jake Arrieta,15637500,Jake,Arrieta,jake,arrieta,arrieja01
2017,CHC,Wade Davis,10000000,Wade,Davis,wade,davis,daviswa01
2017,CHC,Jon Jay,8000000,Jon,Jay,jon,jay,jayjo01
2017,CHC,Anthony Rizzo,7000000,Anthony,Rizzo,anthony,rizzo,rizzoan01
2017,CHC,Koji Uehara,6000000,Koji,Uehara,koji,uehara,ueharko01
2017,CHC,Hector Rondon,5800000,Hector,Rondon,hector,rondon,rondohe01
2017,CHC,Pedro Strop,5500000,Pedro,Strop,pedro,strop,stroppe01
2017,CHC,Jose Quintana,3098331,Jose,Quintana,jose,quintana,quintjo01
2017,CHC,Brian Duensing,2000000,Brian,Duensing,brian,duensing,duensbr01
2017,CHC,Justin Grimm,1825000,Justin,Grimm,justin,grimm,grimmju01
2017,CHC,Kris Bryant,1050000,Kris,Bryant,kris,bryant,bryankr01
2017,CHC,Justin Wilson,929502,Justin,Wilson,justin,wilson,wilsoju01
2017,CHC,Leonys Martin,821593,Leonys,Martin,leonys,martin,martile01
2017,CHC,Kyle Hendricks,760500,Kyle,Hendricks,kyle,hendricks,hendrky01
2017,CHC,Alex Avila,688527,Alex,Avila,alex,avila,avilaal01
2017,CHC,Addison Russell,644000,Addison,Russell,addison,russell,russead01
2017,CHC,Javier Baez,609000,Javier,Baez,javier,baez,baezja01
2017,CHC,Mike Montgomery,570500,Mike,Montgomery,mike,montgomery,montgmi01
2017,CHC,C.J. Edwards,556000,C.J.,Edwards,cj,edwards,edwarcj01
2017,CHC,Albert Almora,552000,Albert,Almora,albert,almora,almoral01
2017,CHC,Willson Contreras,544500,Willson,Contreras,willson,contreras,contrwi02
2017,CHC,Dillon Maples,535000,Dillon,Maples,dillon,maples,mapledi01
2017,CHC,Kyle Schwarber,519120,Kyle,Schwarber,kyle,schwarber,schwaky01
2017,CHC,Rene Rivera,420772,Rene,Rivera,rene,rivera,riverre01
2017,CHC,Ian Happ,415066,Ian,Happ,ian,happ,happia01
2017,CHC,Tommy La Stella,347874,Tommy La,Stella,tommyla,stella,stellto01
2017,CHC,Felix Pena,248455,Felix,Pena,felix,pena,penafe01
2017,CHC,Victor Caratini,219225,Victor,Caratini,victor,caratini,caratvi01
2017,CHC,Rob Zastryzny,102305,Rob,Zastryzny,rob,zastryzny,zastrro01
2017,CHC,Mike Freeman,90613,Mike,Freeman,mike,freeman,freemmi01
2017,CHC,Taylor Davis,78921,Taylor,Davis,taylor,davis,davista01
2017,CHC,Jen-Ho Tseng,55537,Jen-Ho,Tseng,jenho,tseng,tsengje01
2017,CHC,Miguel Montero,7038227,Miguel,Montero,miguel,montero,montemi01
2017,CHC,Brett Anderson,3500000,Brett,Anderson,brett,anderson,anderbr06
2017,CHC,Matt Szczur,99099,Matt,Szczur,matt,szczur,szczuma01
2017,CHC,Jeimer Candelario,46768,Jeimer,Candelario,jeimer,candelario,candeje01
2017,CHC,Dylan Floro,37999,Dylan,Floro,dylan,floro,florody01
2017,CHC,Jack Leathersich,8769,Jack,Leathersich,jack,leathersich,leathja01
2017,CHC,Pierce Johnson,8769,Pierce,Johnson,pierce,johnson,johnspi01
2017,CHC,Seth Frankoff,5846,Seth,Frankoff,seth,frankoff,frankse01
2017,CHC,Zac Rosscup,2923,Zac,Rosscup,zac,rosscup,rosscza01
2017,STL,Adam Wainwright,19500000,Adam,Wainwright,adam,wainwright,wainwad01
2017,STL,Dexter Fowler,16500000,Dexter,Fowler,dexter,fowler,fowlede01
2017,STL,Yadier Molina,14000000,Yadier,Molina,yadier,molina,molinya01
2017,STL,Matt Carpenter,9750000,Matt,Carpenter,matt,carpenter,carpema01
2017,STL,Brett Cecil,8500000,Brett,Cecil,brett,cecil,cecilbr01
2017,STL,Lance Lynn,8500000,Lance,Lynn,lance,lynn,lynnla01
2017,STL,Zach Duke,5500000,Zach,Duke,zach,duke,dukeza01
2017,STL,Carlos Martinez,4500000,Carlos,Martinez,carlos,martinez,martica01
2017,STL,Stephen Piscotty,3000000,Stephen,Piscotty,stephen,piscotty,piscost01
2017,STL,Michael Wacha,2775000,Michael,Wacha,michael,wacha,wachami01
2017,STL,Seung-Hwan Oh,2750000,Seung-Hwan,Oh,seunghwan,oh,ohse01
2017,STL,Jedd Gyorko,2500000,Jedd,Gyorko,jedd,gyorko,gyorkje01
2017,STL,Kolten Wong,2500000,Kolten,Wong,kolten,wong,wongko01
2017,STL,Aledmys Diaz,2000000,Aledmys,Diaz,aledmys,diaz,diazal01
2017,STL,Tyler Lyons,549800,Tyler,Lyons,tyler,lyons,lyonsty01
2017,STL,Greg Garcia,547900,Greg,Garcia,greg,garcia,garcigr01
2017,STL,Matt Bowman,546600,Matt,Bowman,matt,bowman,bowmama01
2017,STL,Tommy Pham,535000,Tommy,Pham,tommy,pham,phamto01
2017,STL,Jose Martinez,535000,Jose,Martinez,jose,martinez,martijo01
2017,STL,Carson Kelly,535000,Carson,Kelly,carson,kelly,kellyca02
2017,STL,Juan Nicasio,518570,Juan,Nicasio,juan,nicasio,nicasju01
2017,STL,Randal Grichuk,475020,Randal,Grichuk,randal,grichuk,grichra01
2017,STL,John Brebbia,374144,John,Brebbia,john,brebbia,brebbjo01
2017,STL,Sam Tuivailala,366500,Sam,Tuivailala,sam,tuivailala,tuivasa01
2017,STL,Paul DeJong,359529,Paul,DeJong,paul,dejong,dejonpa01
2017,STL,Luke Voit,271839,Luke,Voit,luke,voit,voitlu01
2017,STL,John Gant,245532,John,Gant,john,gant,gantjo01
2017,STL,Luke Weaver,175380,Luke,Weaver,luke,weaver,weavelu01
2017,STL,Alex Mejia,125689,Alex,Mejia,alex,mejia,mejiaal01
2017,STL,Ryan Sherriff,116920,Ryan,Sherriff,ryan,sherriff,sherrry01
2017,STL,Magneuris Sierra,111074,Magneuris,Sierra,magneuris,sierra,sierrma01
2017,STL,Harrison Bader,108151,Harrison,Bader,harrison,bader,baderha01
2017,STL,Jack Flaherty,90613,Jack,Flaherty,jack,flaherty,flaheja01
2017,STL,Alberto Rosario,90613,Alberto,Rosario,alberto,rosario,rosaral01
2017,STL,Sandy Alcantara,90613,Sandy,Alcantara,sandy,alcantara,alcansa01
2017,STL,Breyvic Valera,52614,Breyvic,Valera,breyvic,valera,valerbr01
2017,STL,Josh Lucas,49691,Josh,Lucas,josh,lucas,lucasjo01
2017,STL,Trevor Rosenthal,6400000,Trevor,Rosenthal,trevor,rosenthal,rosentr01
2017,STL,Alex Reyes,535000,Alex,Reyes,alex,reyes,reyesal01
2017,CIN,Joey Votto,22000000,Joey,Votto,joey,votto,vottojo01
2017,CIN,Homer Bailey,19000000,Homer,Bailey,homer,bailey,baileho01
2017,CIN,Zack Cozart,5325000,Zack,Cozart,zack,cozart,cozarza01
2017,CIN,Raisel Iglesias,3500000,Raisel,Iglesias,raisel,iglesias,iglesra01
2017,CIN,Billy Hamilton,2625000,Billy,Hamilton,billy,hamilton,hamilbi02
2017,CIN,Scooter Gennett,2525000,Scooter,Gennett,scooter,gennett,gennesc01
2017,CIN,Eugenio Suarez,595000,Eugenio,Suarez,eugenio,suarez,suareeu01
2017,CIN,Adam Duvall,577500,Adam,Duvall,adam,duvall,duvalad01
2017,CIN,Tucker Barnhart,575000,Tucker,Barnhart,tucker,barnhart,barnhtu01
2017,CIN,Michael Lorenzen,555000,Michael,Lorenzen,michael,lorenzen,lorenmi01
2017,CIN,Scott Schebler,540000,Scott,Schebler,scott,schebler,schebsc01
2017,CIN,Jose Peraza,540000,Jose,Peraza,jose,peraza,perazjo01
2017,CIN,Asher Wojciechowski,535000,Asher,Wojciechowski,asher,wojciechowski,wojcias01
2017,CIN,Sal Romano,535000,Sal,Romano,sal,romano,romansa01
2017,CIN,Patrick Kivlehan,535000,Patrick,Kivlehan,patrick,kivlehan,kivlepa01
2017,CIN,Tim Adleman,535000,Tim,Adleman,tim,adleman,adlemti01
2017,CIN,Wandy Peralta,535000,Wandy,Peralta,wandy,peralta,peralwa01
2017,CIN,Stuart Turner,535000,Stuart,Turner,stuart,turner,turnest01
2017,CIN,Robert Stephenson,377067,Robert,Stephenson,robert,stephenson,stephro01
2017,CIN,Luis Castillo,295223,Luis,Castillo,luis,castillo,castilu01
2017,CIN,Amir Garrett,280608,Amir,Garrett,amir,garrett,garream01
2017,CIN,Jesse Winker,233840,Jesse,Winker,jesse,winker,winkeje01
2017,CIN,Kevin Shackelford,198764,Kevin,Shackelford,kevin,shackelford,shackke01
2017,CIN,Rookie Davis,187072,Rookie,Davis,rookie,davis,davisro01
2017,CIN,Ariel Hernandez,184149,Ariel,Hernandez,ariel,hernandez,hernaar01
2017,CIN,Cody Reed,173106,Cody,Reed,cody,reed,reedco01
2017,CIN,Phillip Ervin,166611,Phillip,Ervin,phillip,ervin,ervinph01
2017,CIN,Alejandro Chacin,116920,Alejandro,Chacin,alejandro,chacin,chacial01
2017,CIN,Tyler Mahle,105228,Tyler,Mahle,tyler,mahle,mahlety01
2017,CIN,Chad Wallach,102305,Chad,Wallach,chad,wallach,wallach01
2017,CIN,Jackson Stephens,99382,Jackson,Stephens,jackson,stephens,stephja01
2017,CIN,Zach Vincej,90613,Zach,Vincej,zach,vincej,vinceza01
2017,CIN,Luke Farrell,87690,Luke,Farrell,luke,farrell,farrelu01
2017,CIN,Deck McGuire,58460,Deck,McGuire,deck,mcguire,mcguide01
2017,CIN,Keury Mella,58460,Keury,Mella,keury,mella,mellake01
2017,CIN,Devin Mesoraco,7200000,Devin,Mesoraco,devin,mesoraco,mesorde01
2017,CIN,Drew Storen,3150000,Drew,Storen,drew,storen,storedr01
2017,CIN,Scott Feldman,3000000,Scott,Feldman,scott,feldman,feldmsc01
2017,CIN,Anthony DeSclafani,585000,Anthony,DeSclafani,anthony,desclafani,desclan01
2017,CIN,Brandon Finnegan,567000,Brandon,Finnegan,brandon,finnegan,finnebr01
2017,CIN,Nefi Ogando,535000,Nefi,Ogando,nefi,ogando,ogandne01
2017,CIN,Bronson Arroyo,517459,Bronson,Arroyo,bronson,arroyo,arroybr01
2017,CIN,Austin Brice,341991,Austin,Brice,austin,brice,briceau01
2017,PIT,Andrew McCutchen,14000000,Andrew,McCutchen,andrew,mccutchen,mccutan01
2017,PIT,Ivan Nova,9750000,Ivan,Nova,ivan,nova,novaiv01
2017,PIT,David Freese,6250000,David,Freese,david,freese,freesda01
2017,PIT,Daniel Hudson,5500000,Daniel,Hudson,daniel,hudson,hudsoda01
2017,PIT,Jordy Mercer,4325000,Jordy,Mercer,jordy,mercer,mercejo01
2017,PIT,John Jaso,4000000,John,Jaso,john,jaso,jasojo01
2017,PIT,Gerrit Cole,3750000,Gerrit,Cole,gerrit,cole,colege01
2017,PIT,Starling Marte,2814207,Starling,Marte,starling,marte,martest01
2017,PIT,Joaquin Benoit,2581992,Joaquin,Benoit,joaquin,benoit,benoijo01
2017,PIT,Sean Rodriguez,2334699,Sean,Rodriguez,sean,rodriguez,rodrise01
2017,PIT,Drew Hutchison,2300000,Drew,Hutchison,drew,hutchison,hutchdr01
2017,PIT,Chris Stewart,1400000,Chris,Stewart,chris,stewart,stewach01
2017,PIT,Gregory Polanco,1000000,Gregory,Polanco,gregory,polanco,polangr01
2017,PIT,Wade LeBlanc,750000,Wade,LeBlanc,wade,leblanc,leblawa01
2017,PIT,Felipe Vazquez,564500,Felipe,Vazquez,felipe,vazquez,vazqufe01
2017,PIT,Jameson Taillon,555500,Jameson,Taillon,jameson,taillon,taillja01
2017,PIT,George Kontos,554654,George,Kontos,george,kontos,kontoge01
2017,PIT,Chad Kuhl,550000,Chad,Kuhl,chad,kuhl,kuhlch01
2017,PIT,Adam Frazier,549500,Adam,Frazier,adam,frazier,fraziad01
2017,PIT,Josh Bell,549000,Josh,Bell,josh,bell,belljo02
2017,PIT,Trevor Williams,544000,Trevor,Williams,trevor,williams,willitr01
2017,PIT,Tyler Glasnow,541000,Tyler,Glasnow,tyler,glasnow,glasnty01
2017,PIT,A.J. Schugel,535000,A.J.,Schugel,aj,schugel,schugaj01
2017,PIT,Jose Osuna,535000,Jose,Osuna,jose,osuna,osunajo01
2017,PIT,Max Moroff,336145,Max,Moroff,max,moroff,morofma01
2017,PIT,Elias Diaz,271839,Elias,Diaz,elias,diaz,diazel01
2017,PIT,Johnny Barbato,207533,Johnny,Barbato,johnny,barbato,barbajo01
2017,PIT,Steven Brault,137381,Steven,Brault,steven,brault,braulst01
2017,PIT,Dovydas Neverauskas,137381,Dovydas,Neverauskas,dovydas,neverauskas,neverdo01
2017,PIT,Edgar Santana,131535,Edgar,Santana,edgar,santana,santaed01
2017,PIT,Angel Sanchez,116920,Angel,Sanchez,angel,sanchez,sanchan01
2017,PIT,Jacob Stallings,113997,Jacob,Stallings,jacob,stallings,stallja01
2017,PIT,Jordan Luplow,113997,Jordan,Luplow,jordan,luplow,luplojo01
2017,PIT,Chris Bostick,96459,Chris,Bostick,chris,bostick,bostich01
2017,PIT,Dan Runzler,64306,Dan,Runzler,dan,runzler,runzlda01
2017,PIT,Jack Leathersich,64306,Jack,Leathersich,jack,leathersich,leathja01
2017,PIT,Francisco Cervelli,9000000,Francisco,Cervelli,francisco,cervelli,cervefr01
2017,PIT,Josh Harrison,7500000,Josh,Harrison,josh,harrison,harrijo01
2017,LAD,Clayton Kershaw,33000000,Clayton,Kershaw,clayton,kershaw,kershcl01
2017,LAD,Adrian Gonzalez,21500000,Adrian,Gonzalez,adrian,gonzalez,gonzaad01
2017,LAD,Andre Ethier,17500000,Andre,Ethier,andre,ethier,ethiean01
2017,LAD,Justin Turner,16000000,Justin,Turner,justin,turner,turneju01
2017,LAD,Rich Hill,14000000,Rich,Hill,rich,hill,hillri01
2017,LAD,Kenley Jansen,14000000,Kenley,Jansen,kenley,jansen,janseke01
2017,LAD,Brandon McCarthy,10000000,Brandon,McCarthy,brandon,mccarthy,mccarbr01
2017,LAD,Kenta Maeda,7250000,Kenta,Maeda,kenta,maeda,maedake01
2017,LAD,Hyun-Jin Ryu,7000000,Hyun-Jin,Ryu,hyunjin,ryu,ryuhy01
2017,LAD,Yasiel Puig,6500000,Yasiel,Puig,yasiel,puig,puigya01
2017,LAD,Logan Forsythe,5750000,Logan,Forsythe,logan,forsythe,forsylo01
2017,LAD,Yasmani Grandal,5500000,Yasmani,Grandal,yasmani,grandal,grandya01
2017,LAD,Yu Darvish,3786867,Yu,Darvish,yu,darvish,darviyu01
2017,LAD,Curtis Granderson,3606548,Curtis,Granderson,curtis,granderson,grandcu01
2017,LAD,Alex Wood,2800000,Alex,Wood,alex,wood,woodal01
2017,LAD,Chase Utley,2250000,Chase,Utley,chase,utley,utleych01
2017,LAD,Tony Watson,1927863,Tony,Watson,tony,watson,watsoto01
2017,LAD,Luis Avilan,1500000,Luis,Avilan,luis,avilan,avilalu01
2017,LAD,Brandon Morrow,1250000,Brandon,Morrow,brandon,morrow,morrobr01
2017,LAD,Josh Fields,1050000,Josh,Fields,josh,fields,fieldjo01
2017,LAD,Tony Cingrani,628299,Tony,Cingrani,tony,cingrani,cingrto01
2017,LAD,Corey Seager,575000,Corey,Seager,corey,seager,seageco01
2017,LAD,Enrique Hernandez,555000,Enrique,Hernandez,enrique,hernandez,hernaen02
2017,LAD,Pedro Baez,550000,Pedro,Baez,pedro,baez,baezpe01
2017,LAD,Ross Stripling,540000,Ross,Stripling,ross,stripling,stripro01
2017,LAD,Austin Barnes,540000,Austin,Barnes,austin,barnes,barneau01
2017,LAD,Cody Bellinger,535000,Cody,Bellinger,cody,bellinger,bellico01
2017,LAD,Joc Pederson,500445,Joc,Pederson,joc,pederson,pederjo01
2017,LAD,Chris Taylor,485218,Chris,Taylor,chris,taylor,tayloch03
2017,LAD,Rob Segedin,447219,Rob,Segedin,rob,segedin,segedro01
2017,LAD,Brock Stewart,223212,Brock,Stewart,brock,stewart,stewabr01
2017,LAD,Jose Miguel Fernandez,200000,Jose Miguel,Fernandez,josemiguel,fernandez,fernajo01
2017,LAD,Trayce Thompson,172457,Trayce,Thompson,trayce,thompson,thomptr01
2017,LAD,Edward Paredes,151996,Edward,Paredes,edward,paredes,pareded01
2017,LAD,Alex Verdugo,90613,Alex,Verdugo,alex,verdugo,verdual01
2017,LAD,Charlie Culberson,81135,Charlie,Culberson,charlie,culberson,culbech01
2017,LAD,Walker Buehler,75998,Walker,Buehler,walker,buehler,buehlwa01
2017,LAD,Kyle Farmer,67229,Kyle,Farmer,kyle,farmer,farmeky01
2017,LAD,Wilmer Font,53500,Wilmer,Font,wilmer,font,fontwi01
2017,LAD,Tim Locastro,8769,Tim,Locastro,tim,locastro,locasti01
2017,LAD,Scott Kazmir,8000000,Scott,Kazmir,scott,kazmir,kazmisc01
2017,LAD,Franklin Gutierrez,2600000,Franklin,Gutierrez,franklin,gutierrez,gutiefr01
2017,LAD,Yimi Garcia,555000,Yimi,Garcia,yimi,garcia,garciyi01
2017,LAD,Grant Dayton,540000,Grant,Dayton,grant,dayton,daytogr01
2017,LAD,Andrew Toles,540000,Andrew,Toles,andrew,toles,tolesan01
2017,LAD,Adam Liberatore,535000,Adam,Liberatore,adam,liberatore,liberad01
2017,LAD,Josh Ravin,270998,Josh,Ravin,josh,ravin,ravinjo01
2017,LAD,O'Koyea Dickson,90613,O'Koyea,Dickson,okoyea,dickson,dicksok01
2017,SD,Wil Myers,17000000,Wil,Myers,wil,myers,myerswi01
2017,SD,Yangervis Solarte,2750000,Yangervis,Solarte,yangervis,solarte,solarya01
2017,SD,Erick Aybar,1750000,Erick,Aybar,erick,aybar,aybarer01
2017,SD,Clayton Richard,1750000,Clayton,Richard,clayton,richard,richacl01
2017,SD,Jhoulys Chacin,1750000,Jhoulys,Chacin,jhoulys,chacin,chacijh01
2017,SD,Brad Hand,1375000,Brad,Hand,brad,hand,handbr01
2017,SD,Craig Stammen,900000,Craig,Stammen,craig,stammen,stammcr01
2017,SD,Hector Sanchez,750000,Hector,Sanchez,hector,sanchez,sanchhe01
2017,SD,Matt Szczur,549500,Matt,Szczur,matt,szczur,szczuma01
2017,SD,Cory Spangenberg,545000,Cory,Spangenberg,cory,spangenberg,spangco01
2017,SD,Luis Perdomo,544300,Luis,Perdomo,luis,perdomo,perdolu01
2017,SD,Austin Hedges,537100,Austin,Hedges,austin,hedges,hedgeau01
2017,SD,Manuel Margot,535600,Manuel,Margot,manuel,margot,margoma01
2017,SD,Jose Torres,535400,Jose,Torres,jose,torres,torrejo01
2017,SD,Kirby Yates,535000,Kirby,Yates,kirby,yates,yateski01
2017,SD,Jose Pirela,535000,Jose,Pirela,jose,pirela,pireljo01
2017,SD,Luis Torrens,535000,Luis,Torrens,luis,torrens,torrelu01
2017,SD,Carlos Asuaje,535000,Carlos,Asuaje,carlos,asuaje,asuajca01
2017,SD,Miguel Diaz,535000,Miguel,Diaz,miguel,diaz,diazmi01
2017,SD,Allen Cordoba,535000,Allen,Cordoba,allen,cordoba,cordoal01
2017,SD,Buddy Baumann,503444,Buddy,Baumann,buddy,baumann,baumabu01
2017,SD,Hunter Renfroe,445056,Hunter,Renfroe,hunter,renfroe,renfrhu01
2017,SD,Travis Jankowski,407438,Travis,Jankowski,travis,jankowski,jankotr01
2017,SD,Dinelson Lamet,379990,Dinelson,Lamet,dinelson,lamet,lametdi01
2017,SD,Phil Maton,330299,Phil,Maton,phil,maton,matonph01
2017,SD,Jabari Blash,236763,Jabari,Blash,jabari,blash,blashja01
2017,SD,Kyle McGrath,166611,Kyle,McGrath,kyle,mcgrath,mcgraky01
2017,SD,Jordan Lyles,90613,Jordan,Lyles,jordan,lyles,lylesjo01
2017,SD,Cory Mazzoni,61383,Cory,Mazzoni,cory,mazzoni,mazzoco01
2017,SD,Christian Villanueva,40922,Christian,Villanueva,christian,villanueva,villach01
2017,SD,Rocky Gale,40922,Rocky,Gale,rocky,gale,galero01
2017,SD,Tim Melville,40922,Tim,Melville,tim,melville,melviti01
2017,SD,Christian Friedrich,1790000,Christian,Friedrich,christian,friedrich,friedch01
2017,SD,Carter Capps,987500,Carter,Capps,carter,capps,cappsca01
2017,SD,Jarred Cosart,566300,Jarred,Cosart,jarred,cosart,cosarja01
2017,SD,Colin Rea,545800,Colin,Rea,colin,rea,reaco01
2017,SD,Robbie Erlin,545500,Robbie,Erlin,robbie,erlin,erlinro01
2017,SD,Alex Dickerson,541500,Alex,Dickerson,alex,dickerson,dickeal01
2017,SD,Matt Strahm,206150,Matt,Strahm,matt,strahm,strahma01
2017,ARI,Zack Greinke,24000000,Zack,Greinke,zack,greinke,greinza01
2017,ARI,Paul Goldschmidt,8850000,Paul,Goldschmidt,paul,goldschmidt,goldspa01
2017,ARI,A.J. Pollock,6750000,A.J.,Pollock,aj,pollock,polloaj01
2017,ARI,J.D. Martinez,4879808,J.D.,Martinez,jd,martinez,martijd02
2017,ARI,Fernando Rodney,4000000,Fernando,Rodney,fernando,rodney,rodnefe01
2017,ARI,Patrick Corbin,3950000,Patrick,Corbin,patrick,corbin,corbipa01
2017,ARI,Jorge De La Rosa,2250000,Jorge De La,Rosa,jorgedela,rosa,rosajo01
2017,ARI,Taijuan Walker,2250000,Taijuan,Walker,taijuan,walker,walketa01
2017,ARI,Jeff Mathis,2000000,Jeff,Mathis,jeff,mathis,mathije01
2017,ARI,Chris Iannetta,1500000,Chris,Iannetta,chris,iannetta,iannech01
2017,ARI,Daniel Descalso,1350000,Daniel,Descalso,daniel,descalso,descada01
2017,ARI,Gregor Blanco,1000000,Gregor,Blanco,gregor,blanco,blancgr01
2017,ARI,Chris Herrmann,937500,Chris,Herrmann,chris,herrmann,herrmch01
2017,ARI,J.J. Hoover,900000,J.J.,Hoover,jj,hoover,hoovejj01
2017,ARI,Jake Lamb,573300,Jake,Lamb,jake,lamb,lambja01
2017,ARI,David Peralta,572200,David,Peralta,david,peralta,peralda01
2017,ARI,Robbie Ray,570400,Robbie,Ray,robbie,ray,rayro01
2017,ARI,Andrew Chafin,559300,Andrew,Chafin,andrew,chafin,chafian01
2017,ARI,Brandon Drury,559300,Brandon,Drury,brandon,drury,drurybr01
2017,ARI,Archie Bradley,544100,Archie,Bradley,archie,bradley,bradlar01
2017,ARI,T.J. McFarland,535000,T.J.,McFarland,tj,mcfarland,mcfartj01
2017,ARI,Reymond Fuentes,535000,Reymond,Fuentes,reymond,fuentes,fuentre01
2017,ARI,Ketel Marte,535000,Ketel,Marte,ketel,marte,marteke01
2017,ARI,Zack Godley,535000,Zack,Godley,zack,godley,godleza01
2017,ARI,Adam Rosales,430353,Adam,Rosales,adam,rosales,rosalad01
2017,ARI,Jake Barrett,353528,Jake,Barrett,jake,barrett,barreja01
2017,ARI,David Hernandez,292635,David,Hernandez,david,hernandez,hernada01
2017,ARI,Jeremy Hazelbaker,219336,Jeremy,Hazelbaker,jeremy,hazelbaker,hazelje01
2017,ARI,Silvino Bracho,163688,Silvino,Bracho,silvino,bracho,brachsi01
2017,ARI,Anthony Banda,111074,Anthony,Banda,anthony,banda,bandaan01
2017,ARI,Braden Shipley,102305,Braden,Shipley,braden,shipley,shiplbr01
2017,ARI,Kris Negron,90613,Kris,Negron,kris,negron,negrokr01
2017,ARI,John Ryan Murphy,90613,John Ryan,Murphy,johnryan,murphy,murphjo01
2017,ARI,Jimmie Sherfy,90613,Jimmie,Sherfy,jimmie,sherfy,sherfji01
2017,ARI,Ildemaro Vargas,78921,Ildemaro,Vargas,ildemaro,vargas,vargail01
2017,ARI,Christian Walker,64306,Christian,Walker,christian,walker,walkech02
2017,ARI,Yasmany Tomas,6000000,Yasmany,Tomas,yasmany,tomas,tomasya01
2017,ARI,Shelby Miller,4700000,Shelby,Miller,shelby,miller,millesh01
2017,ARI,Chris Owings,2300000,Chris,Owings,chris,owings,owingch01
2017,ARI,Randall Delgado,1775000,Randall,Delgado,randall,delgado,delgara01
2017,ARI,Nick Ahmed,566000,Nick,Ahmed,nick,ahmed,ahmedni01
2017,ARI,Steve Hathaway,538200,Steve,Hathaway,steve,hathaway,hathast01
2017,SF,Johnny Cueto,22000000,Johnny,Cueto,johnny,cueto,cuetojo01
2017,SF,Buster Posey,21400000,Buster,Posey,buster,posey,poseybu01
2017,SF,Matt Cain,20833334,Matt,Cain,matt,cain,cainma01
2017,SF,Jeff Samardzija,19500000,Jeff,Samardzija,jeff,samardzija,samarje01
2017,SF,Hunter Pence,18500000,Hunter,Pence,hunter,pence,pencehu01
2017,SF,Mark Melancon,16000000,Mark,Melancon,mark,melancon,melanma01
2017,SF,Madison Bumgarner,12000000,Madison,Bumgarner,madison,bumgarner,bumgama01
2017,SF,Denard Span,11750000,Denard,Span,denard,span,spande01
2017,SF,Brandon Crawford,8000000,Brandon,Crawford,brandon,crawford,crawfbr01
2017,SF,Matt Moore,7000000,Matt,Moore,matt,moore,moorema01
2017,SF,Sam Dyson,3520000,Sam,Dyson,sam,dyson,dysonsa01
2017,SF,Nick Hundley,2000000,Nick,Hundley,nick,hundley,hundlni01
2017,SF,Cory Gearrin,1050000,Cory,Gearrin,cory,gearrin,gearrco01
2017,SF,Joe Panik,600000,Joe,Panik,joe,panik,panikjo01
2017,SF,Hunter Strickland,555000,Hunter,Strickland,hunter,strickland,strichu01
2017,SF,Kelby Tomlinson,543000,Kelby,Tomlinson,kelby,tomlinson,tomlike01
2017,SF,Jarrett Parker,539000,Jarrett,Parker,jarrett,parker,parkeja01
2017,SF,Gorkys Hernandez,537000,Gorkys,Hernandez,gorkys,hernandez,hernago01
2017,SF,Ty Blach,536500,Ty,Blach,ty,blach,blachty01
2017,SF,Josh Osich,535000,Josh,Osich,josh,osich,osichjo01
2017,SF,Kyle Crick,535000,Kyle,Crick,kyle,crick,crickky01
2017,SF,Albert Suarez,535000,Albert,Suarez,albert,suarez,suareal01
2017,SF,Austin Slater,359529,Austin,Slater,austin,slater,slateau01
2017,SF,Derek Law,324602,Derek,Law,derek,law,lawde01
2017,SF,Steven Okert,275608,Steven,Okert,steven,okert,okertst01
2017,SF,Chris Stratton,248455,Chris,Stratton,chris,stratton,stratch01
2017,SF,Mac Williamson,203205,Mac,Williamson,mac,williamson,willima01
2017,SF,Ryder Jones,175380,Ryder,Jones,ryder,jones,jonesry01
2017,SF,Pablo Sandoval,169534,Pablo,Sandoval,pablo,sandoval,sandopa01
2017,SF,Orlando Calixte,154919,Orlando,Calixte,orlando,calixte,calior01
2017,SF,Carlos Moncrief,137381,Carlos,Moncrief,carlos,moncrief,moncrca01
2017,SF,Tim Federowicz,111074,Tim,Federowicz,tim,federowicz,federti01
2017,SF,Reyes Moronta,81844,Reyes,Moronta,reyes,moronta,moronre01
2017,SF,Roberto Gomez,78921,Roberto,Gomez,roberto,gomez,gomezro01
2017,SF,Pierce Johnson,35076,Pierce,Johnson,pierce,johnson,johnspi01
2017,SF,Brandon Belt,8800000,Brandon,Belt,brandon,belt,beltbr01
2017,SF,Will Smith,2500000,Will,Smith,will,smith,smithwi05
2017,SF,Mike Morse,535000,Mike,Morse,mike,morse,morsemi01
2017,SF,Miguel Gomez,535000,Miguel,Gomez,miguel,gomez,gomezmi01
2017,COL,Carlos Gonzalez,20000000,Carlos,Gonzalez,carlos,gonzalez,gonzaca01
2017,COL,Greg Holland,13000000,Greg,Holland,greg,holland,hollagr01
2017,COL,Nolan Arenado,11750000,Nolan,Arenado,nolan,arenado,arenano01
2017,COL,Gerardo Parra,8000000,Gerardo,Parra,gerardo,parra,parrage01
2017,COL,Ian Desmond,8000000,Ian,Desmond,ian,desmond,desmoia01
2017,COL,Charlie Blackmon,7300000,Charlie,Blackmon,charlie,blackmon,blackch02
2017,COL,Jake McGee,5900000,Jake,McGee,jake,mcgee,mcgeeja01
2017,COL,D.J. LeMahieu,4800000,D.J.,LeMahieu,dj,lemahieu,lemahdj01
2017,COL,Tyler Chatwood,4400000,Tyler,Chatwood,tyler,chatwood,chatwty01
2017,COL,Mike Dunn,4000000,Mike,Dunn,mike,dunn,dunnmi01
2017,COL,Jordan Lyles,3175000,Jordan,Lyles,jordan,lyles,lylesjo01
2017,COL,Pat Neshek,2379773,Pat,Neshek,pat,neshek,neshepa01
2017,COL,Adam Ottavino,2100000,Adam,Ottavino,adam,ottavino,ottavad01
2017,COL,Jonathan Lucroy,1836096,Jonathan,Lucroy,jonathan,lucroy,lucrojo01
2017,COL,Mark Reynolds,1500000,Mark,Reynolds,mark,reynolds,reynoma01
2017,COL,Ryan Hanigan,1250000,Ryan,Hanigan,ryan,hanigan,hanigry01
2017,COL,Alexi Amarista,1100000,Alexi,Amarista,alexi,amarista,amarial01
2017,COL,Chris Rusin,545000,Chris,Rusin,chris,rusin,rusinch01
2017,COL,Jon Gray,540000,Jon,Gray,jon,gray,grayjo01
2017,COL,Tyler Anderson,540000,Tyler,Anderson,tyler,anderson,anderty01
2017,COL,Trevor Story,540000,Trevor,Story,trevor,story,storytr01
2017,COL,Kyle Freeland,535000,Kyle,Freeland,kyle,freeland,freelky01
2017,COL,Pat Valaika,535000,Pat,Valaika,pat,valaika,valaipa01
2017,COL,Chad Bettis,515194,Chad,Bettis,chad,bettis,bettich01
2017,COL,Antonio Senzatela,502756,Antonio,Senzatela,antonio,senzatela,senzaan01
2017,COL,Scott Oberg,498719,Scott,Oberg,scott,oberg,obergsc01
2017,COL,German Marquez,489978,German,Marquez,german,marquez,marquge01
2017,COL,Tony Wolters,475111,Tony,Wolters,tony,wolters,wolteto01
2017,COL,Tom Murphy,352080,Tom,Murphy,tom,murphy,murphto04
2017,COL,Jeff Hoffman,318607,Jeff,Hoffman,jeff,hoffman,hoffmje01
2017,COL,Raimel Tapia,292300,Raimel,Tapia,raimel,tapia,tapiara01
2017,COL,Carlos Estevez,266994,Carlos,Estevez,carlos,estevez,estevca01
2017,COL,Roger Contreras,175000,Roger,Contreras,roger,contreras,contrro01
2017,COL,Zac Rosscup,163688,Zac,Rosscup,zac,rosscup,rosscza01
2017,COL,Mike Tauchman,131535,Mike,Tauchman,mike,tauchman,tauchmi01
2017,COL,Ryan McMahon,111074,Ryan,McMahon,ryan,mcmahon,mcmahry01
2017,COL,Shane Carle,87690,Shane,Carle,shane,carle,carlesh01
2017,COL,Jose Reyes,22000000,Jose,Reyes,jose,reyes,reyesjo01
2017,COL,Jason Motte,5000000,Jason,Motte,jason,motte,motteja01
2017,COL,Chad Qualls,3250000,Chad,Qualls,chad,qualls,quallch01
2017,COL,Dustin Garneau,126162,Dustin,Garneau,dustin,garneau,garnedu01
2017,COL,Stephen Cardullo,67229,Stephen,Cardullo,stephen,cardullo,cardust01
2024,NYY,Aaron Judge,40000000,Aaron,Judge,aaron,judge,judgeaa01
2024,NYY,Gerrit Cole,36000000,Gerrit,Cole,gerrit,cole,colege01
2024,NYY,Giancarlo Stanton,32000000,Giancarlo,Stanton,giancarlo,stanton,stantgi01
2024,NYY,Juan Soto,31000000,Juan,Soto,juan,soto,sotoju01
2024,NYY,Carlos Rodon,27000000,Carlos,Rodon,carlos,rodon,rodonca01
2024,NYY,Marcus Stroman,19000000,Marcus,Stroman,marcus,stroman,stromma01
2024,NYY,Anthony Rizzo,17000000,Anthony,Rizzo,anthony,rizzo,rizzoan01
2024,NYY,Gleyber Torres,14200000,Gleyber,Torres,gleyber,torres,torregl01
2024,NYY,Alex Verdugo,9200000,Alex,Verdugo,alex,verdugo,verdual01
2024,NYY,Clay Holmes,6050000,Clay,Holmes,clay,holmes,holmecl01
2024,NYY,Tommy Kahnle,5750000,Tommy,Kahnle,tommy,kahnle,kahnlto01
2024,NYY,Trent Grisham,5500000,Trent,Grisham,trent,grisham,grishtr01
2024,NYY,Jon Berti,3625000,Jon,Berti,jon,berti,bertijo01
2024,NYY,Jose Trevino,2730000,Jose,Trevino,jose,trevino,trevijo01
2024,NYY,Luke Weaver,2250000,Luke,Weaver,luke,weaver,weavelu01
2024,NYY,Clarke Schmidt,2025000,Clarke,Schmidt,clarke,schmidt,schmicl01
2024,NYY,Luis Gil,1848628,Luis,Gil,luis,gil,gillu01
2024,NYY,Austin Wells,1551564,Austin,Wells,austin,wells,wellsau01
2024,NYY,Anthony Volpe,1228964,Anthony,Volpe,anthony,volpe,volpean01
2024,NYY,Ian Hamilton,923050,Ian,Hamilton,ian,hamilton,hamilia01
2024,NYY,Jazz Chisholm,903232,Jazz,Chisholm,jazz,chisholm,chishja01
2024,NYY,Oswaldo Cabrera,783000,Oswaldo,Cabrera,oswaldo,cabrera,cabreos01
2024,NYY,Mark Leiter Jr.,500000,Mark,Leiter,mark,leiter,leitema01
2024,NYY,Tim Hill,401778,Tim,Hill,tim,hill,hillti01
2024,NYY,Jasson Dominguez,392980,Jasson,Dominguez,jasson,dominguez,dominja01
2024,NYY,Ben Rice,302328,Ben,Rice,ben,rice,ricebe01
2024,NYY,Tim Mayza,175032,Tim,Mayza,tim,mayza,mayzati01
2024,NYY,Clayton Beeter,43758,Clayton,Beeter,clayton,beeter,beetecl01
2024,NYY,D.J. LeMahieu,15000000,D.J.,LeMahieu,dj,lemahieu,lemahdj01
2024,NYY,Nestor Cortes,3950000,Nestor,Cortes,nestor,cortes,cortene01
2024,NYY,Jonathan Loaisiga,2500000,Jonathan,Loaisiga,jonathan,loaisiga,loaisjo01
2024,NYY,JT Brubaker,2275000,JT,Brubaker,jt,brubaker,brubajt01
2024,NYY,Lou Trivino,1500000,Lou,Trivino,lou,trivino,trivilo01
2024,NYY,Jake Cousins,405756,Jake,Cousins,jake,cousins,cousija01
2024,BAL,Corbin Burnes,15637000,Corbin,Burnes,corbin,burnes,burneco01
2024,BAL,Anthony Santander,11700000,Anthony,Santander,anthony,santander,santaan02
2024,BAL,Cedric Mullins,6325000,Cedric,Mullins,cedric,mullins,mullice01
2024,BAL,Ryan Mountcastle,4137500,Ryan,Mountcastle,ryan,mountcastle,mountry01
2024,BAL,James McCann,4000000,James,McCann,james,mccann,mccanja02
2024,BAL,Zach Eflin,3844100,Zach,Eflin,zach,eflin,eflinza01
2024,BAL,Ryan O'Hearn,3500000,Ryan,O'Hearn,ryan,ohearn,ohearry01
2024,BAL,Gunnar Henderson,2763378,Gunnar,Henderson,gunnar,henderson,hendegu01
2024,BAL,Danny Coulombe,2300000,Danny,Coulombe,danny,coulombe,couloda01
2024,BAL,Ramon Urias,2100000,Ramon,Urias,ramon,urias,uriasra01
2024,BAL,Colton Cowser,1721471,Colton,Cowser,colton,cowser,cowseco01
2024,BAL,Gregory Soto,1666667,Gregory,Soto,gregory,soto,sotogr01
2024,BAL,Seranthony Dominguez,1508065,Seranthony,Dominguez,seranthony,dominguez,dominse01
2024,BAL,Cionel Perez,1200000,Cionel,Perez,cionel,perez,perezci01
2024,BAL,Jordan Westburg,1066813,Jordan,Westburg,jordan,westburg,westbjo01
2024,BAL,Adley Rutschman,1048610,Adley,Rutschman,adley,rutschman,rutscad01
2024,BAL,Jacob Webb,1000000,Jacob,Webb,jacob,webb,webbja01
2024,BAL,Dean Kremer,756600,Dean,Kremer,dean,kremer,kremede01
2024,BAL,Yennier Cano,752300,Yennier,Cano,yennier,cano,canoye01
2024,BAL,Albert Suarez,656370,Albert,Suarez,albert,suarez,suareal01
2024,BAL,Heston Kjerstad,473382,Heston,Kjerstad,heston,kjerstad,kjershe01
2024,BAL,Cade Povich,314262,Cade,Povich,cade,povich,povicca01
2024,BAL,Jackson Holliday,310284,Jackson,Holliday,jackson,holliday,hollija01
2024,BAL,Austin Slater,246667,Austin,Slater,austin,slater,slateau01
2024,BAL,Keegan Akin,235055,Keegan,Akin,keegan,akin,akinke01
2024,BAL,Emmanuel Rivera,155142,Emmanuel,Rivera,emmanuel,rivera,riverem01
2024,BAL,Matt Bowman,151164,Matt,Bowman,matt,bowman,bowmama01
2024,BAL,Colin Selby,19890,Colin,Selby,colin,selby,selbyco01
2024,BAL,John Means,3325000,John,Means,john,means,meansjo01
2024,BAL,Jorge Mateo,2700000,Jorge,Mateo,jorge,mateo,mateojo01
2024,BAL,Tyler Wells,1962500,Tyler,Wells,tyler,wells,wellsty01
2024,BAL,Felix Bautista,1000000,Felix,Bautista,felix,bautista,bautife01
2024,BAL,Grayson Rodriguez,991398,Grayson,Rodriguez,grayson,rodriguez,rodrigr01
2024,BAL,Kyle Bradish,754500,Kyle,Bradish,kyle,bradish,bradiky01
2024,BAL,Burch Smith,318240,Burch,Smith,burch,smith,smithbu01
2024,BOS,Trevor Story,22500000,Trevor,Story,trevor,story,storytr01
2024,BOS,Masataka Yoshida,18000000,Masataka,Yoshida,masataka,yoshida,yoshima02
2024,BOS,Chris Martin,7500000,Chris,Martin,chris,martin,martich01
2024,BOS,Nick Pivetta,7500000,Nick,Pivetta,nick,pivetta,pivetni01
2024,BOS,Tyler O'Neill,5850000,Tyler,O'Neill,tyler,oneill,oneilty01
2024,BOS,Ceddanne Rafaela,3000000,Ceddanne,Rafaela,ceddanne,rafaela,rafaece01
2024,BOS,Jarren Duran,2081661,Jarren,Duran,jarren,duran,duranja01
2024,BOS,Brayan Bello,2000000,Brayan,Bello,brayan,bello,bellobr01
2024,BOS,Danny Jansen,1817204,Danny,Jansen,danny,jansen,janseda01
2024,BOS,Luis Garcia,1370940,Luis,Garcia,luis,garcia,garcilu04
2024,BOS,Tanner Houck,1304267,Tanner,Houck,tanner,houck,houckta01
2024,BOS,Wilyer Abreu,1118245,Wilyer,Abreu,wilyer,abreu,abreuwi02
2024,BOS,Kutter Crawford,997986,Kutter,Crawford,kutter,crawford,crawfku01
2024,BOS,Lucas Sims,919380,Lucas,Sims,lucas,sims,simslu01
2024,BOS,Connor Wong,760000,Connor,Wong,connor,wong,wongco01
2024,BOS,Triston Casas,760000,Triston,Casas,triston,casas,casastr01
2024,BOS,Justin Slaten,740000,Justin,Slaten,justin,slaten,slateju01
2024,BOS,Romy Gonzalez,688194,Romy,Gonzalez,romy,gonzalez,gonzaro01
2024,BOS,Greg Weissert,643517,Greg,Weissert,greg,weissert,weissgr01
2024,BOS,Josh Winckowski,623009,Josh,Winckowski,josh,winckowski,winckjo01
2024,BOS,Vaughn Grissom,570427,Vaughn,Grissom,vaughn,grissom,grissva01
2024,BOS,Enmanuel Valdez,447664,Enmanuel,Valdez,enmanuel,valdez,valdeen01
2024,BOS,Nick Sogard,194922,Nick,Sogard,nick,sogard,sogarni01
2024,BOS,Mickey Gasper,135252,Mickey,Gasper,mickey,gasper,gaspemi01
2024,BOS,Luis Guerrero,91494,Luis,Guerrero,luis,guerrero,guerrlu01
2024,BOS,Richard Fitts,83538,Richard,Fitts,richard,fitts,fittsri01
2024,BOS,Chase Shugart,71604,Chase,Shugart,chase,shugart,shugach01
2024,BOS,Quinn Priester,3978,Quinn,Priester,quinn,priester,priesqu01
2024,BOS,Rafael Devers,25000000,Rafael,Devers,rafael,devers,deverra01
2024,BOS,Lucas Giolito,18000000,Lucas,Giolito,lucas,giolito,giolilu01
2024,BOS,Kenley Jansen,16000000,Kenley,Jansen,kenley,jansen,janseke01
2024,BOS,Garrett Whitlock,3250000,Garrett,Whitlock,garrett,whitlock,whitlga01
2024,BOS,James Paxton,2483871,James,Paxton,james,paxton,patoja01
2024,BOS,Liam Hendriks,2000000,Liam,Hendriks,liam,hendriks,hendrli01
2024,BOS,Rob Refsnyder,1850000,Rob,Refsnyder,rob,refsnyder,refsnro01
2024,BOS,Chris Murphy,743500,Chris,Murphy,chris,murphy,murphch01
2024,BOS,Bryan Mata,740000,Bryan,Mata,bryan,mata,matabr01
2024,BOS,David Hamilton,700128,David,Hamilton,david,hamilton,hamilda03
2024,BOS,Brennan Bernardino,680238,Brennan,Bernardino,brennan,bernardino,bernabr01
2024,BOS,Isaiah Campbell,385056,Isaiah,Campbell,isaiah,campbell,campbis01
2024,TB,Brandon Lowe,8750000,Brandon,Lowe,brandon,lowe,lowebr01
2024,TB,Yandy Diaz,8000000,Yandy,Diaz,yandy,diaz,diazya02
2024,TB,Colin Poche,2375000,Colin,Poche,colin,poche,pocheco01
2024,TB,Tyler Alexander,1950000,Tyler,Alexander,tyler,alexander,aleaty01
2024,TB,Drew Rasmussen,1862500,Drew,Rasmussen,drew,rasmussen,rasmudr01
2024,TB,Zack Littell,1850000,Zack,Littell,zack,littell,litteza01
2024,TB,Ryan Pepiot,980929,Ryan,Pepiot,ryan,pepiot,pepiory01
2024,TB,Jason Adam,914508,Jason,Adam,jason,adam,adamja01
2024,TB,Jose Siri,757800,Jose,Siri,jose,siri,sirijo01
2024,TB,Taylor Walls,757300,Taylor,Walls,taylor,walls,wallsta01
2024,TB,Josh Lowe,755700,Josh,Lowe,josh,lowe,lowejo01
2024,TB,Ben Rortvedt,755400,Ben,Rortvedt,ben,rortvedt,rortvbe01
2024,TB,Jose Caballero,751700,Jose,Caballero,jose,caballero,cabaljo01
2024,TB,Garrett Cleavinger,746900,Garrett,Cleavinger,garrett,cleavinger,cleavga01
2024,TB,Richard Palacios,745200,Richard,Palacios,richard,palacios,palacri01
2024,TB,Taj Bradley,743300,Taj,Bradley,taj,bradley,bradlta01
2024,TB,Jonny DeLuca,742400,Jonny,DeLuca,jonny,deluca,delucjo01
2024,TB,Dylan Carlson,684946,Dylan,Carlson,dylan,carlson,carlsdy01
2024,TB,Kevin Kelly,672282,Kevin,Kelly,kevin,kelly,kellyke01
2024,TB,Shane Baz,571714,Shane,Baz,shane,baz,bazsh01
2024,TB,Richard Lovelady,525096,Richard,Lovelady,richard,lovelady,lovelri01
2024,TB,Manuel Rodriguez,421668,Manuel,Rodriguez,manuel,rodriguez,rodrima01
2024,TB,Edwin Uceta,405756,Edwin,Uceta,edwin,uceta,ucetaed01
2024,TB,Jonathan Aranda,391412,Jonathan,Aranda,jonathan,aranda,arandjo01
2024,TB,Christopher Morel,259812,Christopher,Morel,christopher,morel,morelch01
2024,TB,Junior Caminero,186966,Junior,Caminero,junior,caminero,caminju01
2024,TB,Hunter Bigge,159120,Hunter,Bigge,hunter,bigge,biggehu01
2024,TB,Logan Driscoll,115024,Logan,Driscoll,logan,driscoll,drisclo01
2024,TB,Mason Montgomery,95472,Mason,Montgomery,mason,montgomery,montgma01
2024,TB,Jeffrey Springs,5250000,Jeffrey,Springs,jeffrey,springs,sprinje01
2024,TB,Pete Fairbanks,3666667,Pete,Fairbanks,pete,fairbanks,fairbpe01
2024,TB,Shane McClanahan,3600000,Shane,McClanahan,shane,mcclanahan,mcclash01
2024,TB,Jacob Waguespack,662595,Jacob,Waguespack,jacob,waguespack,wagueja01
2024,TOR,Kevin Gausman,24000000,Kevin,Gausman,kevin,gausman,gausmke01
2024,TOR,George Springer,22500000,George,Springer,george,springer,springe01
2024,TOR,Chris Bassitt,21000000,Chris,Bassitt,chris,bassitt,bassich01
2024,TOR,Vladimir Guerrero Jr.,19900000,Vladimir,Guerrero,vladimir,guerrero,guerrvl02
2024,TOR,Jose Berrios,17000000,Jose,Berrios,jose,berrios,berrijo01
2024,TOR,Chad Green,10500000,Chad,Green,chad,green,greench01
2024,TOR,Alejandro Kirk,2800000,Alejandro,Kirk,alejandro,kirk,kirkal01
2024,TOR,Erik Swanson,2750000,Erik,Swanson,erik,swanson,swanser01
2024,TOR,Genesis Cabrera,1512500,Genesis,Cabrera,genesis,cabrera,cabrege01
2024,TOR,Ryan Yarbrough,1300000,Ryan,Yarbrough,ryan,yarbrough,yarbrry01
2024,TOR,Ernie Clement,1003505,Ernie,Clement,ernie,clement,clemeer01
2024,TOR,Davis Schneider,744900,Davis,Schneider,davis,schneider,schneda04
2024,TOR,Spencer Horwitz,695281,Spencer,Horwitz,spencer,horwitz,horwisp01
2024,TOR,Bowden Francis,691784,Bowden,Francis,bowden,francis,francbo01
2024,TOR,Brendon Little,517140,Brendon,Little,brendon,little,littlbr01
2024,TOR,Addison Barger,405756,Addison,Barger,addison,barger,bargead01
2024,TOR,Ryan Burr,369954,Ryan,Burr,ryan,burr,burrry01
2024,TOR,Leonardo Jimenez,350064,Leonardo,Jimenez,leonardo,jimenez,jimenle01
2024,TOR,Steward Berroa,286416,Steward,Berroa,steward,berroa,berrost01
2024,TOR,Joey Loperfido,238680,Joey,Loperfido,joey,loperfido,loperjo01
2024,TOR,Dillon Tate,225820,Dillon,Tate,dillon,tate,tatedi01
2024,TOR,Luis De Los Santos,167076,Luis De Los,Santos,luisdelos,santos,santolu01
2024,TOR,Nathan Lukes,123318,Nathan,Lukes,nathan,lukes,lukesna01
2024,TOR,Tyler Heineman,47736,Tyler,Heineman,tyler,heineman,heinety01
2024,TOR,Brandon Eisert,43758,Brandon,Eisert,brandon,eisert,eiserbr01
2024,TOR,Jonatan Clase,39780,Jonatan,Clase,jonatan,clase,clasejo01
2024,TOR,Brett de Geus,15912,Brett de,Geus,brettde,geus,geusbr01
2024,TOR,Nick Robertson,7956,Nick,Robertson,nick,robertson,roberni01
2024,TOR,Bo Bichette,11000000,Bo,Bichette,bo,bichette,bichebo01
2024,TOR,Jordan Romano,7750000,Jordan,Romano,jordan,romano,romanjo01
2024,TOR,Daulton Varsho,5650000,Daulton,Varsho,daulton,varsho,varshda01
2024,TOR,Alek Manoah,782500,Alek,Manoah,alek,manoah,manoaal01
2024,TOR,Will Wagner,190944,Will,Wagner,will,wagner,wagnewi01
2024,CLE,Jose Ramirez,17000000,Jose,Ramirez,jose,ramirez,ramirjo01
2024,CLE,Josh Naylor,6500000,Josh,Naylor,josh,naylor,naylojo01
2024,CLE,Andres Gimenez,5050000,Andres,Gimenez,andres,gimenez,gimenan01
2024,CLE,Austin Hedges,4000000,Austin,Hedges,austin,hedges,hedgeau01
2024,CLE,Emmanuel Clase,2850000,Emmanuel,Clase,emmanuel,clase,claseem01
2024,CLE,Lane Thomas,1816662,Lane,Thomas,lane,thomas,thomala02
2024,CLE,Steven Kwan,1313153,Steven,Kwan,steven,kwan,kwanst01
2024,CLE,Cade Smith,1297688,Cade,Smith,cade,smith,smithca07
2024,CLE,Tanner Bibee,1157584,Tanner,Bibee,tanner,bibee,bibeeta01
2024,CLE,Nick Sandlin,1075000,Nick,Sandlin,nick,sandlin,sandlni01
2024,CLE,Hunter Gaddis,1032035,Hunter,Gaddis,hunter,gaddis,gaddihu01
2024,CLE,David Fry,981856,David,Fry,david,fry,fryda01
2024,CLE,Will Brennan,776970,Will,Brennan,will,brennan,brennwi02
2024,CLE,Ben Lively,750000,Ben,Lively,ben,lively,livelbe01
2024,CLE,Bo Naylor,742100,Bo,Naylor,bo,naylor,naylobo01
2024,CLE,Gavin Williams,742100,Gavin,Williams,gavin,williams,williga01
2024,CLE,Tim Herrin,740800,Tim,Herrin,tim,herrin,herriti01
2024,CLE,Brayan Rocchio,740200,Brayan,Rocchio,brayan,rocchio,rocchbr01
2024,CLE,Daniel Schneemann,740000,Daniel,Schneemann,daniel,schneemann,schneda04
2024,CLE,Pedro Avila,658296,Pedro,Avila,pedro,avila,avilape01
2024,CLE,Eli Morgan,626045,Eli,Morgan,eli,morgan,morgael01
2024,CLE,Angel Martinez,381888,Angel,Martinez,angel,martinez,martian02
2024,CLE,Jhonkensy Noel,377910,Jhonkensy,Noel,jhonkensy,noel,noeljh01
2024,CLE,Matt Boyd,373932,Matt,Boyd,matt,boyd,boydma01
2024,CLE,Kyle Manzardo,282438,Kyle,Manzardo,kyle,manzardo,manzaky01
2024,CLE,Erik Sabrowski,127296,Erik,Sabrowski,erik,sabrowski,sabroer01
2024,CLE,Joey Cantillo,119340,Joey,Cantillo,joey,cantillo,cantijo01
2024,CLE,Andrew Walters,67626,Andrew,Walters,andrew,walters,waltean01
2024,CLE,Shane Bieber,13125000,Shane,Bieber,shane,bieber,biebesh01
2024,CLE,Alex Cobb,3333333,Alex,Cobb,alex,cobb,cobbal01
2024,CLE,James Karinchak,1900000,James,Karinchak,james,karinchak,karinja01
2024,CLE,Trevor Stephan,1600000,Trevor,Stephan,trevor,stephan,stephtr01
2024,CLE,Sam Hentges,1162500,Sam,Hentges,sam,hentges,hentgsa01
2024,DET,Kenta Maeda,14000000,Kenta,Maeda,kenta,maeda,maedake01
2024,DET,Colt Keith,4742569,Colt,Keith,colt,keith,keithco01
2024,DET,Tarik Skubal,2650000,Tarik,Skubal,tarik,skubal,skubata01
2024,DET,Jake Rogers,1700000,Jake,Rogers,jake,rogers,rogerja03
2024,DET,Riley Greene,1284146,Riley,Greene,riley,greene,greenri02
2024,DET,Matt Vierling,1093719,Matt,Vierling,matt,vierling,vierlma01
2024,DET,Tyler Holton,1080995,Tyler,Holton,tyler,holton,holtoty01
2024,DET,Kerry Carpenter,1071609,Kerry,Carpenter,kerry,carpenter,carpeke01
2024,DET,Reese Olson,1013438,Reese,Olson,reese,olson,olsonre01
2024,DET,Casey Mize,830000,Casey,Mize,casey,mize,mizeca01
2024,DET,Parker Meadows,782818,Parker,Meadows,parker,meadows,meadopa01
2024,DET,Jason Foley,766300,Jason,Foley,jason,foley,foleyja01
2024,DET,Andy Ibanez,766100,Andy,Ibanez,andy,ibanez,ibanean01
2024,DET,Zach McKinstry,764400,Zach,McKinstry,zach,mckinstry,mckinza01
2024,DET,Will Vest,760700,Will,Vest,will,vest,vestwi01
2024,DET,Wenceel Perez,692172,Wenceel,Perez,wenceel,perez,perezwe01
2024,DET,Beau Brieske,552942,Beau,Brieske,beau,brieske,briesbe01
2024,DET,Spencer Torkelson,456987,Spencer,Torkelson,spencer,torkelson,torkesp01
2024,DET,Justyn-Henry Malloy,417690,Justyn-Henry,Malloy,justynhenry,malloy,malloju01
2024,DET,Keider Montero,358020,Keider,Montero,keider,montero,monteke01
2024,DET,Dillon Dingler,242658,Dillon,Dingler,dillon,dingler,dingldi01
2024,DET,Brenan Hanifee,234702,Brenan,Hanifee,brenan,hanifee,hanifbr01
2024,DET,Brant Hurter,222768,Brant,Hurter,brant,hurter,hurtebr01
2024,DET,Trey Sweeney,175032,Trey,Sweeney,trey,sweeney,sweentr01
2024,DET,Jace Jung,175032,Jace,Jung,jace,jung,jungja01
2024,DET,Sean Guenther,163098,Sean,Guenther,sean,guenther,guentse01
2024,DET,Ty Madden,135252,Ty,Madden,ty,madden,maddety01
2024,DET,Jackson Jobe,19890,Jackson,Jobe,jackson,jobe,jobeja01
2024,DET,Javier Baez,25000000,Javier,Baez,javier,baez,baezja01
2024,DET,Alex Faedo,746600,Alex,Faedo,alex,faedo,faedoal01
2024,DET,Sawyer Gipson-Long,743600,Sawyer,Gipson-Long,sawyer,gipsonlong,gipsosa01
2024,DET,Brendan White,186966,Brendan,White,brendan,white,whitebr01
2024,KC,Salvador Perez,20000000,Salvador,Perez,salvador,perez,perezsa02
2024,KC,Michael Wacha,16450000,Michael,Wacha,michael,wacha,wachami01
2024,KC,Seth Lugo,15000000,Seth,Lugo,seth,lugo,lugose01
2024,KC,Bobby Witt Jr.,12855372,Bobby,Witt,bobby,witt,wittbo02
2024,KC,Hunter Renfroe,5570000,Hunter,Renfroe,hunter,renfroe,renfrhu01
2024,KC,Brady Singer,4850000,Brady,Singer,brady,singer,singebr01
2024,KC,Michael Lorenzen,2800028,Michael,Lorenzen,michael,lorenzen,lorenmi01
2024,KC,Cole Ragans,2391763,Cole,Ragans,cole,ragans,raganco01
2024,KC,Kris Bubic,2350000,Kris,Bubic,kris,bubic,bubickr01
2024,KC,Garrett Hampson,2000000,Garrett,Hampson,garrett,hampson,hampsga01
2024,KC,Adam Frazier,2000000,Adam,Frazier,adam,frazier,fraziad01
2024,KC,Tommy Pham,1367741,Tommy,Pham,tommy,pham,phamto01
2024,KC,John Schreiber,1175000,John,Schreiber,john,schreiber,schrejo01
2024,KC,Carlos Hernandez,1012500,Carlos,Hernandez,carlos,hernandez,hernaca01
2024,KC,Freddy Fermin,977319,Freddy,Fermin,freddy,fermin,fermifr01
2024,KC,Kyle Isbel,758250,Kyle,Isbel,kyle,isbel,isbelky01
2024,KC,Michael Massey,757000,Michael,Massey,michael,massey,massemi02
2024,KC,MJ Melendez,754750,MJ,Melendez,mj,melendez,melenmj01
2024,KC,Maikel Garcia,751250,Maikel,Garcia,maikel,garcia,garcima01
2024,KC,Lucas Erceg,750000,Lucas,Erceg,lucas,erceg,erceglu01
2024,KC,Dairon Blanco,743750,Dairon,Blanco,dairon,blanco,blancda02
2024,KC,Paul DeJong,714540,Paul,DeJong,paul,dejong,dejonpa01
2024,KC,Angel Zerpa,671841,Angel,Zerpa,angel,zerpa,zerpaan01
2024,KC,Alec Marsh,620620,Alec,Marsh,alec,marsh,marshal01
2024,KC,Sam Long,525096,Sam,Long,sam,long,longsa01
2024,KC,Robbie Grossman,233885,Robbie,Grossman,robbie,grossman,grossro01
2024,KC,Daniel Lynch,202878,Daniel,Lynch,daniel,lynch,lynchda01
2024,KC,Yulieski Gurriel,150537,Yulieski,Gurriel,yulieski,gurriel,gurriyu01
2024,KC,Will Smith,5625000,Will,Smith,will,smith,smithwi05
2024,KC,Chris Stratton,3500000,Chris,Stratton,chris,stratton,stratch01
2024,KC,Kyle Wright,1800000,Kyle,Wright,kyle,wright,wrighky01
2024,KC,Josh Taylor,1100000,Josh,Taylor,josh,taylor,taylojo01
2024,KC,Hunter Harvey,962500,Hunter,Harvey,hunter,harvey,harvehu01
2024,KC,Vinnie Pasquantino,752750,Vinnie,Pasquantino,vinnie,pasquantino,pasquvi01
2024,KC,James McArthur,745750,James,McArthur,james,mcarthur,mcartja01
2024,MIN,Carlos Correa,36100000,Carlos,Correa,carlos,correa,correca01
2024,MIN,Byron Buxton,15000000,Byron,Buxton,byron,buxton,butoby01
2024,MIN,Christian Vazquez,10000000,Christian,Vazquez,christian,vazquez,vazquch01
2024,MIN,Pablo Lopez,9000000,Pablo,Lopez,pablo,lopez,lopezpa01
2024,MIN,Kyle Farmer,6250000,Kyle,Farmer,kyle,farmer,farmeky01
2024,MIN,Carlos Santana,5500000,Carlos,Santana,carlos,santana,santaca01
2024,MIN,Manuel Margot,4000000,Manuel,Margot,manuel,margot,margoma01
2024,MIN,Willi Castro,3300000,Willi,Castro,willi,castro,castrwi01
2024,MIN,Caleb Thielbar,3225000,Caleb,Thielbar,caleb,thielbar,thielca01
2024,MIN,Ryan Jeffers,2425000,Ryan,Jeffers,ryan,jeffers,jeffery01
2024,MIN,Randy Dobnak,2250000,Randy,Dobnak,randy,dobnak,dobnara01
2024,MIN,Justin Topa,1250000,Justin,Topa,justin,topa,topaju01
2024,MIN,Bailey Ober,1142935,Bailey,Ober,bailey,ober,oberba01
2024,MIN,Griffin Jax,1114602,Griffin,Jax,griffin,jax,jagr01
2024,MIN,Jorge Alcala,790000,Jorge,Alcala,jorge,alcala,alcaljo01
2024,MIN,Cole Sands,749450,Cole,Sands,cole,sands,sandsco01
2024,MIN,Jhoan Duran,747200,Jhoan,Duran,jhoan,duran,duranjh01
2024,MIN,Royce Lewis,745700,Royce,Lewis,royce,lewis,lewisro02
2024,MIN,Austin Martin,560898,Austin,Martin,austin,martin,martiau01
2024,MIN,Edouard Julien,481800,Edouard,Julien,edouard,julien,julieed01
2024,MIN,Brooks Lee,350064,Brooks,Lee,brooks,lee,leebr01
2024,MIN,David Festa,306306,David,Festa,david,festa,festada01
2024,MIN,Louie Varland,220440,Louie,Varland,louie,varland,varlalo01
2024,MIN,Zebby Matthews,186966,Zebby,Matthews,zebby,matthews,matthze01
2024,MIN,Michael Tonkin,177408,Michael,Tonkin,michael,tonkin,tonkimi01
2024,MIN,Scott Blewett,159120,Scott,Blewett,scott,blewett,blewesc01
2024,MIN,Michael Helman,51714,Michael,Helman,michael,helman,helmami01
2024,MIN,DaShawn Keirsey,43758,DaShawn,Keirsey,dashawn,keirsey,keirsda01
2024,MIN,Max Kepler,10000000,Max,Kepler,max,kepler,keplema01
2024,MIN,Anthony DeSclafani,4000000,Anthony,DeSclafani,anthony,desclafani,desclan01
2024,MIN,Chris Paddack,2525000,Chris,Paddack,chris,paddack,paddach01
2024,MIN,Alex Kirilloff,1350000,Alex,Kirilloff,alex,kirilloff,kirilal01
2024,MIN,Joe Ryan,1089904,Joe,Ryan,joe,ryan,ryanjo01
2024,MIN,Brock Stewart,900000,Brock,Stewart,brock,stewart,stewabr01
2024,MIN,Daniel Duarte,750000,Daniel,Duarte,daniel,duarte,duartda01
2024,MIN,Jose Miranda,692172,Jose,Miranda,jose,miranda,miranjo01
2024,MIN,Matt Wallner,673128,Matt,Wallner,matt,wallner,wallnma01
2024,MIN,Trevor Larnach,660348,Trevor,Larnach,trevor,larnach,larnatr01
2024,CHW,Yoan Moncada,24000000,Yoan,Moncada,yoan,moncada,moncayo01
2024,CHW,Andrew Benintendi,16500000,Andrew,Benintendi,andrew,benintendi,beninan01
2024,CHW,Luis Robert Jr.,12500000,Luis,Robert,luis,robert,roberlu01
2024,CHW,Nicky Lopez,4300000,Nicky,Lopez,nicky,lopez,lopezni01
2024,CHW,Andrew Vaughn,3250000,Andrew,Vaughn,andrew,vaughn,vaughan01
2024,CHW,Michael Soroka,3000000,Michael,Soroka,michael,soroka,sorokmi01
2024,CHW,Chris Flexen,1750000,Chris,Flexen,chris,flexen,fleech01
2024,CHW,Garrett Crochet,800000,Garrett,Crochet,garrett,crochet,crochga01
2024,CHW,Gavin Sheets,756950,Gavin,Sheets,gavin,sheets,sheetga01
2024,CHW,Korey Lee,745000,Korey,Lee,korey,lee,leeko01
2024,CHW,Jared Shuster,636480,Jared,Shuster,jared,shuster,shustja01
2024,CHW,Dominic Fletcher,595106,Dominic,Fletcher,dominic,fletcher,fletcdo01
2024,CHW,Justin Anderson,525096,Justin,Anderson,justin,anderson,anderju01
2024,CHW,Jonathan Cannon,501228,Jonathan,Cannon,jonathan,cannon,cannojo01
2024,CHW,Lenyn Sosa,497250,Lenyn,Sosa,lenyn,sosa,sosale01
2024,CHW,Chuckie Robinson,411730,Chuckie,Robinson,chuckie,robinson,robinch01
2024,CHW,Enyel De Los Santos,268191,Enyel De Los,Santos,enyeldelos,santos,santoen01
2024,CHW,Davis Martin,254592,Davis,Martin,davis,martin,martida01
2024,CHW,Miguel Vargas,246636,Miguel,Vargas,miguel,vargas,vargami01
2024,CHW,Fraser Ellard,242658,Fraser,Ellard,fraser,ellard,ellarfr01
2024,CHW,Bryan Ramos,206856,Bryan,Ramos,bryan,ramos,ramosbr01
2024,CHW,Jacob Amaya,171054,Jacob,Amaya,jacob,amaya,amayaja01
2024,CHW,Gus Varland,171054,Gus,Varland,gus,varland,varlagu01
2024,CHW,Zach DeLoach,163098,Zach,DeLoach,zach,deloach,deloaza01
2024,CHW,Prelander Berroa,159120,Prelander,Berroa,prelander,berroa,berropr01
2024,CHW,Jairo Iriarte,111384,Jairo,Iriarte,jairo,iriarte,iriarja01
2024,CHW,Sean Burke,75582,Sean,Burke,sean,burke,burkese01
2024,CHW,Jake Eder,67626,Jake,Eder,jake,eder,ederja01
2024,CHW,Mike Clevinger,3000000,Mike,Clevinger,mike,clevinger,clevimi01
2024,CHW,Dominic Leone,1500000,Dominic,Leone,dominic,leone,leonedo01
2024,CHW,Jimmy Lambert,759250,Jimmy,Lambert,jimmy,lambert,lambeji01
2024,CHW,Jesse Scholtens,745000,Jesse,Scholtens,jesse,scholtens,scholje01
2024,CHW,Max Stassi,740000,Max,Stassi,max,stassi,stassma01
2024,CHW,Steven Wilson,707350,Steven,Wilson,steven,wilson,wilsost01
2024,CHW,Drew Thorpe,437580,Drew,Thorpe,drew,thorpe,thorpdr01
2024,CHW,Brooks Baldwin,286416,Brooks,Baldwin,brooks,baldwin,baldwbr01
2024,CHW,Matt Foster,108864,Matt,Foster,matt,foster,fostema01
2024,HOU,Jose Altuve,41000000,Jose,Altuve,jose,altuve,altuvjo01
2024,HOU,Alex Bregman,28500000,Alex,Bregman,alex,bregman,bregmal01
2024,HOU,Justin Verlander,22544808,Justin,Verlander,justin,verlander,verlaju01
2024,HOU,Josh Hader,19000000,Josh,Hader,josh,hader,haderjo01
2024,HOU,Ryan Pressly,14000000,Ryan,Pressly,ryan,pressly,pressry01
2024,HOU,Framber Valdez,12100000,Framber,Valdez,framber,valdez,valdefr01
2024,HOU,Kyle Tucker,12000000,Kyle,Tucker,kyle,tucker,tuckeky01
2024,HOU,Yordan Alvarez,10000000,Yordan,Alvarez,yordan,alvarez,alvaryo01
2024,HOU,Victor Caratini,6000000,Victor,Caratini,victor,caratini,caratvi01
2024,HOU,Mauricio Dubon,3500000,Mauricio,Dubon,mauricio,dubon,dubonma01
2024,HOU,Yusei Kikuchi,3387097,Yusei,Kikuchi,yusei,kikuchi,kikucyu01
2024,HOU,Bryan Abreu,1750000,Bryan,Abreu,bryan,abreu,abreubr01
2024,HOU,Ronel Blanco,1222826,Ronel,Blanco,ronel,blanco,blancro01
2024,HOU,Hunter Brown,1191342,Hunter,Brown,hunter,brown,brownhu01
2024,HOU,Jeremy Pena,1107020,Jeremy,Pena,jeremy,pena,penaje02
2024,HOU,Jon Singleton,850000,Jon,Singleton,jon,singleton,singljo02
2024,HOU,Caleb Ferguson,800000,Caleb,Ferguson,caleb,ferguson,ferguca01
2024,HOU,Yainer Diaz,768900,Yainer,Diaz,yainer,diaz,diazya02
2024,HOU,Jake Meyers,767300,Jake,Meyers,jake,meyers,meyerja02
2024,HOU,Spencer Arrighetti,664326,Spencer,Arrighetti,spencer,arrighetti,arrigsp01
2024,HOU,Grae Kessinger,343140,Grae,Kessinger,grae,kessinger,kessigr01
2024,HOU,Yainer Diaz,341542,Yainer,Diaz,yainer,diaz,diazya02
2024,HOU,Bryan King,338130,Bryan,King,bryan,king,kingbr01
2024,HOU,Kaleb Ort,266526,Kaleb,Ort,kaleb,ort,ortka01
2024,HOU,Cesar Salazar,230724,Cesar,Salazar,cesar,salazar,salazce01
2024,HOU,Hector Neris,143208,Hector,Neris,hector,neris,nerishe01
2024,HOU,Zach Dezenzo,131274,Zach,Dezenzo,zach,dezenzo,dezenza01
2024,HOU,Jason Heyward,123318,Jason,Heyward,jason,heyward,heywaja01
2024,HOU,Ryan Gusto,3978,Ryan,Gusto,ryan,gusto,gustory01
2024,HOU,Lance McCullers,17000000,Lance,McCullers,lance,mccullers,mcculla01
2024,HOU,Kendall Graveman,8000000,Kendall,Graveman,kendall,graveman,graveke01
2024,HOU,Cristian Javier,7000000,Cristian,Javier,cristian,javier,javiecr01
2024,HOU,Jose Urquidy,3750000,Jose,Urquidy,jose,urquidy,urquijo01
2024,HOU,Chas McCormick,2850000,Chas,McCormick,chas,mccormick,mccorch01
2024,HOU,Luis Garcia,1875000,Luis,Garcia,luis,garcia,garcilu04
2024,HOU,Penn Murfee,760000,Penn,Murfee,penn,murfee,murfepe01
2024,HOU,Tayler Scott,750000,Tayler,Scott,tayler,scott,scottta01
2024,HOU,Oliver Ortega,748500,Oliver,Ortega,oliver,ortega,ortegol01
2024,HOU,Bennett Sousa,742300,Bennett,Sousa,bennett,sousa,sousabe01
2024,HOU,J.P. France,288890,J.P.,France,jp,france,francjp01
2024,HOU,Ben Gamel,245176,Ben,Gamel,ben,gamel,gamelbe01
2024,SEA,Mitch Haniger,12000000,Mitch,Haniger,mitch,haniger,hanigmi01
2024,SEA,Mitch Garver,11500000,Mitch,Garver,mitch,garver,garvemi01
2024,SEA,Julio Rodriguez,10509957,Julio,Rodriguez,julio,rodriguez,rodriju01
2024,SEA,Jorge Polanco,10500000,Jorge,Polanco,jorge,polanco,polanjo01
2024,SEA,J.P. Crawford,10000000,J.P.,Crawford,jp,crawford,crawfjp01
2024,SEA,Luis Urias,5000000,Luis,Urias,luis,urias,uriaslu01
2024,SEA,Logan Gilbert,4050000,Logan,Gilbert,logan,gilbert,gilbelo01
2024,SEA,Josh Rojas,3100000,Josh,Rojas,josh,rojas,rojasjo03
2024,SEA,Dylan Moore,3050000,Dylan,Moore,dylan,moore,mooredy01
2024,SEA,Justin Turner,2903226,Justin,Turner,justin,turner,turneju01
2024,SEA,Randy Arozarena,2830620,Randy,Arozarena,randy,arozarena,arozara01
2024,SEA,Andres Munoz,2000000,Andres,Munoz,andres,munoz,munozan01
2024,SEA,Cal Raleigh,1508720,Cal,Raleigh,cal,raleigh,raleica01
2024,SEA,Austin Voth,1400000,Austin,Voth,austin,voth,vothau01
2024,SEA,George Kirby,1244887,George,Kirby,george,kirby,kirbyge01
2024,SEA,Trent Thornton,1200000,Trent,Thornton,trent,thornton,thorntr01
2024,SEA,Bryan Woo,1111483,Bryan,Woo,bryan,woo,woobr01
2024,SEA,Luke Raley,1067189,Luke,Raley,luke,raley,raleylu01
2024,SEA,Tayler Saucedo,753100,Tayler,Saucedo,tayler,saucedo,sauceta01
2024,SEA,Gregory Santos,750000,Gregory,Santos,gregory,santos,santogr01
2024,SEA,Gabe Speier,571050,Gabe,Speier,gabe,speier,speiega01
2024,SEA,Eduard Bazardo,566401,Eduard,Bazardo,eduard,bazardo,bazared01
2024,SEA,Collin Snider,530376,Collin,Snider,collin,snider,snideco01
2024,SEA,Victor Robles,465426,Victor,Robles,victor,robles,roblevi01
2024,SEA,J.T. Chargois,414540,J.T.,Chargois,jt,chargois,chargjt01
2024,SEA,Leonardo Rivas,381888,Leonardo,Rivas,leonardo,rivas,rivasle01
2024,SEA,Emerson Hancock,223160,Emerson,Hancock,emerson,hancock,hancoem01
2024,SEA,Troy Taylor,198900,Troy,Taylor,troy,taylor,taylotr01
2024,SEA,Luis Castillo,22750000,Luis,Castillo,luis,castillo,castilu01
2024,SEA,Yimi Garcia,2096770,Yimi,Garcia,yimi,garcia,garciyi01
2024,SEA,Bryce Miller,1249906,Bryce,Miller,bryce,miller,millebr01
2024,SEA,Sam Haggerty,788757,Sam,Haggerty,sam,haggerty,haggesa01
2024,SEA,Matt Brash,757600,Matt,Brash,matt,brash,brashma01
2024,SEA,Jackson Kowar,743000,Jackson,Kowar,jackson,kowar,kowarja01
2024,TEX,Jacob deGrom,40000000,Jacob,deGrom,jacob,degrom,degroja01
2024,TEX,Marcus Semien,26000000,Marcus,Semien,marcus,semien,semiema01
2024,TEX,Nathan Eovaldi,19000000,Nathan,Eovaldi,nathan,eovaldi,eovalna01
2024,TEX,Andrew Heaney,13000000,Andrew,Heaney,andrew,heaney,heanean01
2024,TEX,Nate Lowe,7500000,Nate,Lowe,nate,lowe,lowena01
2024,TEX,Jose Leclerc,6250000,Jose,Leclerc,jose,leclerc,leclejo01
2024,TEX,David Robertson,5000000,David,Robertson,david,robertson,roberda01
2024,TEX,Adolis Garcia,4750000,Adolis,Garcia,adolis,garcia,garciad02
2024,TEX,Kirby Yates,4500000,Kirby,Yates,kirby,yates,yateski01
2024,TEX,Dane Dunning,3325000,Dane,Dunning,dane,dunning,dunnida01
2024,TEX,Jonah Heim,3050000,Jonah,Heim,jonah,heim,heimjo01
2024,TEX,Leody Taveras,2550000,Leody,Taveras,leody,taveras,taverle01
2024,TEX,Andrew Chafin,1995940,Andrew,Chafin,andrew,chafin,chafian01
2024,TEX,Travis Jankowski,1700000,Travis,Jankowski,travis,jankowski,jankotr01
2024,TEX,Carson Kelly,1166654,Carson,Kelly,carson,kelly,kellyca02
2024,TEX,Wyatt Langford,1108844,Wyatt,Langford,wyatt,langford,langfwy01
2024,TEX,Josh H. Smith,1082675,Josh H.,Smith,joshh,smith,smithjo09
2024,TEX,Josh Sborz,1025000,Josh,Sborz,josh,sborz,sborzjo01
2024,TEX,Cody Bradford,748500,Cody,Bradford,cody,bradford,bradfco01
2024,TEX,Ezequiel Duran,620568,Ezequiel,Duran,ezequiel,duran,duranez01
2024,TEX,Justin Foscue,489294,Justin,Foscue,justin,foscue,foscuju01
2024,TEX,Gerson Garabito,250614,Gerson,Garabito,gerson,garabito,garabge01
2024,TEX,Jonathan Ornelas,238680,Jonathan,Ornelas,jonathan,ornelas,orneljo01
2024,TEX,Matt Festa,194922,Matt,Festa,matt,festa,festama01
2024,TEX,Daniel Robert,59670,Daniel,Robert,daniel,robert,roberda01
2024,TEX,Matt Duffy,26881,Matt,Duffy,matt,duffy,duffyma01
2024,TEX,Dustin Harris,19890,Dustin,Harris,dustin,harris,harridu01
2024,TEX,Marc Church,7956,Marc,Church,marc,church,churcma01
2024,TEX,Corey Seager,34500000,Corey,Seager,corey,seager,seageco01
2024,TEX,Jon Gray,13000000,Jon,Gray,jon,gray,grayjo01
2024,TEX,Max Scherzer,12500000,Max,Scherzer,max,scherzer,scherma01
2024,TEX,Tyler Mahle,5500000,Tyler,Mahle,tyler,mahle,mahlety01
2024,TEX,Jose Urena,1500000,Jose,Urena,jose,urena,urenajo01
2024,TEX,Josh Jung,756000,Josh,Jung,josh,jung,jungjo01
2024,TEX,Evan Carter,745000,Evan,Carter,evan,carter,carteev01
2024,TEX,Carson Coleman,740000,Carson,Coleman,carson,coleman,colemca01
2024,TEX,Grant Anderson,365001,Grant,Anderson,grant,anderson,andergr01
2024,TEX,Cole Winn,159120,Cole,Winn,cole,winn,winnco01
2024,OAK,Ross Stripling,9250000,Ross,Stripling,ross,stripling,stripro01
2024,OAK,Seth Brown,2600000,Seth,Brown,seth,brown,brownse01
2024,OAK,Scott Alexander,2400000,Scott,Alexander,scott,alexander,aleasc01
2024,OAK,Mason Miller,1565276,Mason,Miller,mason,miller,millema01
2024,OAK,T.J. McFarland,1500000,T.J.,McFarland,tj,mcfarland,mcfartj01
2024,OAK,Brent Rooker,1437804,Brent,Rooker,brent,rooker,rookebr01
2024,OAK,J.J. Bleday,1122494,J.J.,Bleday,jj,bleday,bledajj01
2024,OAK,Lawrence Butler,1018673,Lawrence,Butler,lawrence,butler,butlela01
2024,OAK,Shea Langeliers,1000500,Shea,Langeliers,shea,langeliers,langesh01
2024,OAK,JP Sears,745000,JP,Sears,jp,sears,searsjp01
2024,OAK,Kyle McCann,740000,Kyle,McCann,kyle,mccann,mccanky01
2024,OAK,Mitch Spence,740000,Mitch,Spence,mitch,spence,spencmi01
2024,OAK,Zack Gelof,740000,Zack,Gelof,zack,gelof,gelofza01
2024,OAK,Max Schuemann,680238,Max,Schuemann,max,schuemann,schuema01
2024,OAK,Tyler Nevin,640458,Tyler,Nevin,tyler,nevin,nevinty01
2024,OAK,Kyle Muller,624546,Kyle,Muller,kyle,muller,mulleky01
2024,OAK,Darell Hernaiz,624546,Darell,Hernaiz,darell,hernaiz,hernada01
2024,OAK,Tyler Soderstrom,572832,Tyler,Soderstrom,tyler,soderstrom,soderty01
2024,OAK,Joey Estes,560898,Joey,Estes,joey,estes,estesjo01
2024,OAK,Daz Cameron,521118,Daz,Cameron,daz,cameron,camerda01
2024,OAK,Tyler Ferguson,425646,Tyler,Ferguson,tyler,ferguson,ferguty01
2024,OAK,Joe Boyle,393822,Joe,Boyle,joe,boyle,boylejo01
2024,OAK,Hogan Harris,389844,Hogan,Harris,hogan,harris,harriho01
2024,OAK,Michel Otanez,334152,Michel,Otanez,michel,otanez,otanemi01
2024,OAK,Jacob Wilson,286416,Jacob,Wilson,jacob,wilson,wilsoja04
2024,OAK,Nick Allen,276345,Nick,Allen,nick,allen,allenni02
2024,OAK,Grant Holman,171054,Grant,Holman,grant,holman,holmagr01
2024,OAK,J.T. Ginn,159120,J.T.,Ginn,jt,ginn,ginnjt01
2024,OAK,Alex Wood,8500000,Alex,Wood,alex,wood,woodal01
2024,OAK,Miguel Andujar,1700000,Miguel,Andujar,miguel,andujar,andujmi01
2024,OAK,Trevor Gott,1500000,Trevor,Gott,trevor,gott,gotttr01
2024,OAK,Austin Adams,1300000,Austin,Adams,austin,adams,adamsau01
2024,OAK,Ken Waldichuk,745000,Ken,Waldichuk,ken,waldichuk,waldike01
2024,OAK,Luis Medina,740000,Luis,Medina,luis,medina,medinlu01
2024,OAK,Esteury Ruiz,688860,Esteury,Ruiz,esteury,ruiz,ruizes01
2024,OAK,Osvaldo Bido,407232,Osvaldo,Bido,osvaldo,bido,bidoos01
2024,LAA,Tyler Anderson,13000000,Tyler,Anderson,tyler,anderson,anderty01
2024,LAA,Brandon Drury,8500000,Brandon,Drury,brandon,drury,drurybr01
2024,LAA,Taylor Ward,4800000,Taylor,Ward,taylor,ward,wardta01
2024,LAA,Griffin Canning,2600000,Griffin,Canning,griffin,canning,cannigr01
2024,LAA,Zach Neto,1192551,Zach,Neto,zach,neto,netoza01
2024,LAA,Logan O'Hoppe,1023114,Logan,O'Hoppe,logan,ohoppe,ohopplo01
2024,LAA,Jose Suarez,925000,Jose,Suarez,jose,suarez,suarejo01
2024,LAA,Jose Quijada,840000,Jose,Quijada,jose,quijada,quijajo01
2024,LAA,Kevin Pillar,811776,Kevin,Pillar,kevin,pillar,pillake01
2024,LAA,Hunter Strickland,795180,Hunter,Strickland,hunter,strickland,strichu01
2024,LAA,Matt Thaiss,770000,Matt,Thaiss,matt,thaiss,thaisma01
2024,LAA,Mickey Moniak,770000,Mickey,Moniak,mickey,moniak,moniami01
2024,LAA,Nolan Schanuel,750000,Nolan,Schanuel,nolan,schanuel,schanno01
2024,LAA,Carson Fulmer,692172,Carson,Fulmer,carson,fulmer,fulmeca01
2024,LAA,Michael Stefanic,564480,Michael,Stefanic,michael,stefanic,stefami01
2024,LAA,Roansy Contreras,552024,Roansy,Contreras,roansy,contreras,contrro01
2024,LAA,Reid Detmers,393300,Reid,Detmers,reid,detmers,detmere01
2024,LAA,Guillo Zuniga,334656,Guillo,Zuniga,guillo,zuniga,zuniggu01
2024,LAA,Brock Burke,261555,Brock,Burke,brock,burke,burkebr01
2024,LAA,Jack Kochanowicz,246636,Jack,Kochanowicz,jack,kochanowicz,kochaja01
2024,LAA,Niko Kavadas,175032,Niko,Kavadas,niko,kavadas,kavadni01
2024,LAA,Jack Lopez,175032,Jack,Lopez,jack,lopez,lopezja01
2024,LAA,Ryan Zeferjahn,147186,Ryan,Zeferjahn,ryan,zeferjahn,zeferry01
2024,LAA,Ryan Miller,131274,Ryan,Miller,ryan,miller,millery01
2024,LAA,Kenny Rosenberg,119340,Kenny,Rosenberg,kenny,rosenberg,rosenke01
2024,LAA,Jordyn Adams,87516,Jordyn,Adams,jordyn,adams,adamsjo01
2024,LAA,Eric Wagaman,75582,Eric,Wagaman,eric,wagaman,wagamer01
2024,LAA,Gustavo Campero,55692,Gustavo,Campero,gustavo,campero,campegu01
2024,LAA,Anthony Rendon,38000000,Anthony,Rendon,anthony,rendon,rendoan01
2024,LAA,Mike Trout,35450000,Mike,Trout,mike,trout,troutmi01
2024,LAA,Robert Stephenson,11000000,Robert,Stephenson,robert,stephenson,stephro01
2024,LAA,Matt Moore,9000000,Matt,Moore,matt,moore,moorema01
2024,LAA,Patrick Sandoval,5025000,Patrick,Sandoval,patrick,sandoval,sandopa01
2024,LAA,Luis Rengifo,4400000,Luis,Rengifo,luis,rengifo,rengilu01
2024,LAA,Jo Adell,770000,Jo,Adell,jo,adell,adelljo01
2024,LAA,Jose Soriano,760000,Jose,Soriano,jose,soriano,soriajo01
2024,LAA,Kelvin Caceres,568854,Kelvin,Caceres,kelvin,caceres,cacerke01
2024,LAA,Ben Joyce,477360,Ben,Joyce,ben,joyce,joycebe01
2024,LAA,Andrew Wantz,365976,Andrew,Wantz,andrew,wantz,wantzan01
2024,LAA,Jose Marte,358020,Jose,Marte,jose,marte,martejo01
2024,LAA,Samuel Aldegheri,119340,Samuel,Aldegheri,samuel,aldegheri,aldegsa01
2024,LAA,Bryce Teodosio,87516,Bryce,Teodosio,bryce,teodosio,teodobr01
2024,PHI,Trea Turner,27322727,Trea,Turner,trea,turner,turnetr01
2024,PHI,Bryce Harper,26100000,Bryce,Harper,bryce,harper,harpebr03
2024,PHI,Aaron Nola,24571428,Aaron,Nola,aaron,nola,nolaaa01
2024,PHI,J.T. Realmuto,23875000,J.T.,Realmuto,jt,realmuto,realmjt01
2024,PHI,Zack Wheeler,23500000,Zack,Wheeler,zack,wheeler,wheelza01
2024,PHI,Nick Castellanos,20000000,Nick,Castellanos,nick,castellanos,casteni01
2024,PHI,Kyle Schwarber,20000000,Kyle,Schwarber,kyle,schwarber,schwaky01
2024,PHI,Taijuan Walker,18000000,Taijuan,Walker,taijuan,walker,walketa01
2024,PHI,Jose Alvarado,9000000,Jose,Alvarado,jose,alvarado,alvarjo01
2024,PHI,Matt Strahm,7550000,Matt,Strahm,matt,strahm,strahma01
2024,PHI,Ranger Suarez,5050000,Ranger,Suarez,ranger,suarez,suarera01
2024,PHI,Alec Bohm,4000000,Alec,Bohm,alec,bohm,bohmal01
2024,PHI,Carlos Estevez,2322560,Carlos,Estevez,carlos,estevez,estevca01
2024,PHI,Austin Hays,2201615,Austin,Hays,austin,hays,haysau01
2024,PHI,Jeff Hoffman,2200000,Jeff,Hoffman,jeff,hoffman,hoffmje01
2024,PHI,Edmundo Sosa,1700000,Edmundo,Sosa,edmundo,sosa,sosaed01
2024,PHI,Cristopher Sanchez,1329782,Cristopher,Sanchez,cristopher,sanchez,sanchcr01
2024,PHI,Brandon Marsh,1080551,Brandon,Marsh,brandon,marsh,marshbr02
2024,PHI,Kolby Allard,1025000,Kolby,Allard,kolby,allard,allarko01
2024,PHI,Bryson Stott,1019338,Bryson,Stott,bryson,stott,stottbr01
2024,PHI,Garrett Stubbs,850000,Garrett,Stubbs,garrett,stubbs,stubbga01
2024,PHI,Jose Ruiz,801075,Jose,Ruiz,jose,ruiz,ruizjo01
2024,PHI,Orion Kerkering,742500,Orion,Kerkering,orion,kerkering,kerkeor01
2024,PHI,Johan Rojas,700875,Johan,Rojas,johan,rojas,rojasjo03
2024,PHI,Kody Clemens,385866,Kody,Clemens,kody,clemens,clemeko01
2024,PHI,Weston Wilson,361998,Weston,Wilson,weston,wilson,wilsowe01
2024,PHI,Tanner Banks,243540,Tanner,Banks,tanner,banks,banksta01
2024,PHI,Buddy Kennedy,55692,Buddy,Kennedy,buddy,kennedy,kennebu01
2024,PHI,Spencer Turnbull,2200000,Spencer,Turnbull,spencer,turnbull,turnbsp01
2024,PHI,Luis Ortiz,744000,Luis,Ortiz,luis,ortiz,ortizlu01
2024,PHI,Rodolfo Castro,87516,Rodolfo,Castro,rodolfo,castro,castrro01
2024,ATL,Matt Olson,22000000,Matt,Olson,matt,olson,olsonma02
2024,ATL,Charlie Morton,20000000,Charlie,Morton,charlie,morton,mortoch01
2024,ATL,Marcell Ozuna,16000000,Marcell,Ozuna,marcell,ozuna,ozunama01
2024,ATL,Raisel Iglesias,16000000,Raisel,Iglesias,raisel,iglesias,iglesra01
2024,ATL,Max Fried,15000000,Max,Fried,max,fried,friedma01
2024,ATL,Sean Murphy,9000000,Sean,Murphy,sean,murphy,murphse01
2024,ATL,Travis d'Arnaud,8000000,Travis,d'Arnaud,travis,darnaud,darnatr01
2024,ATL,Joe Jimenez,8000000,Joe,Jimenez,joe,jimenez,jimenjo01
2024,ATL,Pierce Johnson,7000000,Pierce,Johnson,pierce,johnson,johnspi01
2024,ATL,Ozzie Albies,7000000,Ozzie,Albies,ozzie,albies,albieoz01
2024,ATL,Aaron Bummer,5500000,Aaron,Bummer,aaron,bummer,bummeaa01
2024,ATL,Michael Harris II,5267069,Michael,Harris,michael,harris,harrimi04
2024,ATL,Reynaldo Lopez,4000000,Reynaldo,Lopez,reynaldo,lopez,lopezre01
2024,ATL,Adam Duvall,3000000,Adam,Duvall,adam,duvall,duvalad01
2024,ATL,Jorge Soler,2295674,Jorge,Soler,jorge,soler,solerjo01
2024,ATL,Luke Jackson,2131706,Luke,Jackson,luke,jackson,jackslu01
2024,ATL,Orlando Arcia,2000000,Orlando,Arcia,orlando,arcia,arciaor01
2024,ATL,Spencer Schwellenbach,859085,Spencer,Schwellenbach,spencer,schwellenbach,schwesp01
2024,ATL,Jarred Kelenic,760000,Jarred,Kelenic,jarred,kelenic,kelenja01
2024,ATL,Jesse Chavez,740000,Jesse,Chavez,jesse,chavez,chaveje01
2024,ATL,Dylan Lee,719136,Dylan,Lee,dylan,lee,leedy01
2024,ATL,Ramon Laureano,421668,Ramon,Laureano,ramon,laureano,laurera01
2024,ATL,Grant Holmes,417690,Grant,Holmes,grant,holmes,holmegr01
2024,ATL,Whit Merrifield,274482,Whit,Merrifield,whit,merrifield,merriwh01
2024,ATL,Eli White,202878,Eli,White,eli,white,whiteel04
2024,ATL,Giovanny Urshela,163098,Giovanny,Urshela,giovanny,urshela,urshegi01
2024,ATL,Daysbel Hernandez,143208,Daysbel,Hernandez,daysbel,hernandez,hernada01
2024,ATL,Austin Riley,21000000,Austin,Riley,austin,riley,rileyau01
2024,ATL,Ronald Acuna Jr.,17000000,Ronald,Acuna,ronald,acuna,acunaro01
2024,ATL,A.J. Minter,6220000,A.J.,Minter,aj,minter,minteaj01
2024,ATL,Spencer Strider,1000000,Spencer,Strider,spencer,strider,stridsp01
2024,ATL,Huascar Ynoa,825000,Huascar,Ynoa,huascar,ynoa,ynoahu01
2024,ATL,Angel Perdomo,740000,Angel,Perdomo,angel,perdomo,perdoan01
2024,ATL,Ray Kerr,243814,Ray,Kerr,ray,kerr,kerrra01
2024,NYM,Francisco Lindor,27050000,Francisco,Lindor,francisco,lindor,lindofr01
2024,NYM,Pete Alonso,20500000,Pete,Alonso,pete,alonso,alonspe01
2024,NYM,Brandon Nimmo,20250000,Brandon,Nimmo,brandon,nimmo,nimmobr01
2024,NYM,Starling Marte,19500000,Starling,Marte,starling,marte,martest01
2024,NYM,Sean Manaea,14500000,Sean,Manaea,sean,manaea,manaese01
2024,NYM,Luis Severino,14250000,Luis,Severino,luis,severino,severlu01
2024,NYM,Jose Quintana,13000000,Jose,Quintana,jose,quintana,quintjo01
2024,NYM,Edwin Diaz,11750000,Edwin,Diaz,edwin,diaz,diazed01
2024,NYM,Harrison Bader,10500000,Harrison,Bader,harrison,bader,baderha01
2024,NYM,J.D. Martinez,4500000,J.D.,Martinez,jd,martinez,martijd02
2024,NYM,Adam Ottavino,4500000,Adam,Ottavino,adam,ottavino,ottavad01
2024,NYM,Phil Maton,2755364,Phil,Maton,phil,maton,matonph01
2024,NYM,David Peterson,2150000,David,Peterson,david,peterson,peterda01
2024,NYM,Tyrone Taylor,2025000,Tyrone,Taylor,tyrone,taylor,tayloty01
2024,NYM,Jesse Winker,2000000,Jesse,Winker,jesse,winker,winkeje01
2024,NYM,Ryne Stanek,1919355,Ryne,Stanek,ryne,stanek,stanery01
2024,NYM,Francisco Alvarez,1007677,Francisco,Alvarez,francisco,alvarez,alvarfr01
2024,NYM,Mark Vientos,927690,Mark,Vientos,mark,vientos,vientma01
2024,NYM,Luis Torrens,787097,Luis,Torrens,luis,torrens,torrelu01
2024,NYM,Reed Garrett,720018,Reed,Garrett,reed,garrett,garrere01
2024,NYM,Danny Young,564876,Danny,Young,danny,young,youngda01
2024,NYM,Tylor Megill,543840,Tylor,Megill,tylor,megill,megilty01
2024,NYM,Jose Butto,477360,Jose,Butto,jose,butto,buttojo01
2024,NYM,Alex Young,461538,Alex,Young,alex,young,youngal01
2024,NYM,Huascar Brazoban,242880,Huascar,Brazoban,huascar,brazoban,brazohu01
2024,NYM,Eddy Alvarez,79560,Eddy,Alvarez,eddy,alvarez,alvared01
2024,NYM,Luisangel Acuna,59670,Luisangel,Acuna,luisangel,acuna,acunalu01
2024,NYM,Kodai Senga,14000000,Kodai,Senga,kodai,senga,sengako01
2024,NYM,Jeff McNeil,10250000,Jeff,McNeil,jeff,mcneil,mcneije01
2024,NYM,Brooks Raley,6500000,Brooks,Raley,brooks,raley,raleybr01
2024,NYM,Drew Smith,2225000,Drew,Smith,drew,smith,smithdr01
2024,NYM,Paul Blackburn,1112880,Paul,Blackburn,paul,blackburn,blackpa01
2024,NYM,Sean Reid-Foley,772750,Sean,Reid-Foley,sean,reidfoley,reidfse01
2024,NYM,Ronny Mauricio,743500,Ronny,Mauricio,ronny,mauricio,mauriro01
2024,NYM,Dedniel Nunez,517140,Dedniel,Nunez,dedniel,nunez,nunezde01
2024,NYM,Christian Scott,457470,Christian,Scott,christian,scott,scottch01
2024,WSH,Patrick Corbin,25000000,Patrick,Corbin,patrick,corbin,corbipa01
2024,WSH,Trevor Williams,7000000,Trevor,Williams,trevor,williams,willitr01
2024,WSH,Keibert Ruiz,6000000,Keibert,Ruiz,keibert,ruiz,ruizke01
2024,WSH,Kyle Finnegan,5100000,Kyle,Finnegan,kyle,finnegan,finneky01
2024,WSH,Joey Gallo,2700000,Joey,Gallo,joey,gallo,gallojo01
2024,WSH,Luis Garcia,1950000,Luis,Garcia,luis,garcia,garcilu04
2024,WSH,Derek Law,1500000,Derek,Law,derek,law,lawde01
2024,WSH,Tanner Rainey,1500000,Tanner,Rainey,tanner,rainey,raineta01
2024,WSH,Ildemaro Vargas,1100000,Ildemaro,Vargas,ildemaro,vargas,vargail01
2024,WSH,MacKenzie Gore,1049617,MacKenzie,Gore,mackenzie,gore,gorema01
2024,WSH,Jacob Young,1041323,Jacob,Young,jacob,young,youngja03
2024,WSH,Jake Irvin,985263,Jake,Irvin,jake,irvin,irvinja01
2024,WSH,Jose Ferrer,743000,Jose,Ferrer,jose,ferrer,ferrejo01
2024,WSH,Robert Garcia,742800,Robert,Garcia,robert,garcia,garciro01
2024,WSH,Nasim Nunez,740000,Nasim,Nunez,nasim,nunez,nunezna01
2024,WSH,Mitchell Parker,664326,Mitchell,Parker,mitchell,parker,parkemi01
2024,WSH,Jacob Barnes,655080,Jacob,Barnes,jacob,barnes,barneja01
2024,WSH,James Wood,358020,James,Wood,james,wood,woodja03
2024,WSH,Juan Yepez,342108,Juan,Yepez,juan,yepez,yepezju01
2024,WSH,Drew Millas,314262,Drew,Millas,drew,millas,milladr01
2024,WSH,Eduardo Salazar,298350,Eduardo,Salazar,eduardo,salazar,salazed01
2024,WSH,Trey Lipscomb,286416,Trey,Lipscomb,trey,lipscomb,lipsctr01
2024,WSH,Jose Tena,198900,Jose,Tena,jose,tena,tenajo01
2024,WSH,Joe La Sorsa,171054,Joe La,Sorsa,joela,sorsa,sorsajo01
2024,WSH,Stone Garrett,145996,Stone,Garrett,stone,garrett,garrest01
2024,WSH,Dylan Crews,135252,Dylan,Crews,dylan,crews,crewsdy01
2024,WSH,Darren Baker,111384,Darren,Baker,darren,baker,bakerda02
2024,WSH,Jackson Rutledge,15912,Jackson,Rutledge,jackson,rutledge,rutleja01
2024,WSH,Stephen Strasburg,23571428,Stephen,Strasburg,stephen,strasburg,strasst01
2024,WSH,Josiah Gray,757400,Josiah,Gray,josiah,gray,grayjo01
2024,WSH,Mason Thompson,749200,Mason,Thompson,mason,thompson,thompma01
2024,WSH,Cade Cavalli,740200,Cade,Cavalli,cade,cavalli,cavalca01
2024,WSH,Alex Call,290394,Alex,Call,alex,call,callal01
2024,WSH,Joan Adon,238680,Joan,Adon,joan,adon,adonjo01
2024,MIA,Jesus Sanchez,2100000,Jesus,Sanchez,jesus,sanchez,sanchje02
2024,MIA,Otto Lopez,1004290,Otto,Lopez,otto,lopez,lopezot01
2024,MIA,Xavier Edwards,918145,Xavier,Edwards,xavier,edwards,edwara01
2024,MIA,Anthony Bender,770000,Anthony,Bender,anthony,bender,bendean01
2024,MIA,Edward Cabrera,761000,Edward,Cabrera,edward,cabrera,cabreed01
2024,MIA,Jake Burger,760000,Jake,Burger,jake,burger,burgeja01
2024,MIA,Nick Fortes,759000,Nick,Fortes,nick,fortes,forteni01
2024,MIA,Ryan Weathers,752600,Ryan,Weathers,ryan,weathers,weathry01
2024,MIA,Vidal Brujan,745800,Vidal,Brujan,vidal,brujan,brujavi01
2024,MIA,Dane Myers,612612,Dane,Myers,dane,myers,myersda01
2024,MIA,Jonah Bride,391104,Jonah,Bride,jonah,bride,bridejo01
2024,MIA,Valente Bellozo,258570,Valente,Bellozo,valente,bellozo,bellova01
2024,MIA,Kyle Stowers,242658,Kyle,Stowers,kyle,stowers,stoweky01
2024,MIA,Jesus Tinoco,238680,Jesus,Tinoco,jesus,tinoco,tinocje01
2024,MIA,Derek Hill,218790,Derek,Hill,derek,hill,hillde01
2024,MIA,Jhonny Pereda,198900,Jhonny,Pereda,jhonny,pereda,peredjh01
2024,MIA,Connor Norby,163098,Connor,Norby,connor,norby,norbyco01
2024,MIA,Adam Oller,163098,Adam,Oller,adam,oller,ollerad01
2024,MIA,Mike Baumann,136884,Mike,Baumann,mike,baumann,baumami01
2024,MIA,Griffin Conine,135252,Griffin,Conine,griffin,conine,coningr01
2024,MIA,Xzavion Curry,128064,Xzavion,Curry,xzavion,curry,curryz01
2024,MIA,Anthony Maldonado,127296,Anthony,Maldonado,anthony,maldonado,maldoan01
2024,MIA,Darren McCaughan,123318,Darren,McCaughan,darren,mccaughan,mccauda01
2024,MIA,Anthony Veneziano,99450,Anthony,Veneziano,anthony,veneziano,venezan01
2024,MIA,Lake Bachar,87516,Lake,Bachar,lake,bachar,bachala01
2024,MIA,Javier Sanoja,87516,Javier,Sanoja,javier,sanoja,sanojja01
2024,MIA,Shaun Anderson,75582,Shaun,Anderson,shaun,anderson,andersh01
2024,MIA,Michael Petersen,67626,Michael,Petersen,michael,petersen,petermi01
2024,MIA,Sandy Alcantara,9000000,Sandy,Alcantara,sandy,alcantara,alcansa01
2024,MIA,Jesus Luzardo,5500000,Jesus,Luzardo,jesus,luzardo,luzarje01
2024,MIA,Braxton Garrett,764000,Braxton,Garrett,braxton,garrett,garrebr01
2024,MIA,Andrew Nardi,754000,Andrew,Nardi,andrew,nardi,nardian01
2024,MIA,Eury Perez,748000,Eury,Perez,eury,perez,perezeu01
2024,MIA,Sixto Sanchez,742000,Sixto,Sanchez,sixto,sanchez,sanchsi01
2024,MIA,Calvin Faucher,681408,Calvin,Faucher,calvin,faucher,fauchca01
2024,MIA,Declan Cronin,674141,Declan,Cronin,declan,cronin,cronide01
2024,MIA,Max Meyer,334656,Max,Meyer,max,meyer,meyerma01
2024,MIA,John McMillon,202878,John,McMillon,john,mcmillon,mcmiljo01
2024,MIL,Willy Adames,12250000,Willy,Adames,willy,adames,adamewi01
2024,MIL,Rhys Hoskins,12000000,Rhys,Hoskins,rhys,hoskins,hoskirh01
2024,MIL,Devin Williams,7000000,Devin,Williams,devin,williams,willide01
2024,MIL,Frankie Montas,5831935,Frankie,Montas,frankie,montas,montafr01
2024,MIL,Freddy Peralta,5500000,Freddy,Peralta,freddy,peralta,peralfr01
2024,MIL,Jackson Chourio,4901335,Jackson,Chourio,jackson,chourio,chourja01
2024,MIL,Colin Rea,4000000,Colin,Rea,colin,rea,reaco01
2024,MIL,Gary Sanchez,3000000,Gary,Sanchez,gary,sanchez,sanchga02
2024,MIL,William Contreras,2489074,William,Contreras,william,contreras,contrwi02
2024,MIL,Aaron Civale,2318272,Aaron,Civale,aaron,civale,civalaa01
2024,MIL,Hoby Milner,2050000,Hoby,Milner,hoby,milner,milneho01
2024,MIL,Joe Ross,1750000,Joe,Ross,joe,ross,rossjo01
2024,MIL,Joel Payamps,1650000,Joel,Payamps,joel,payamps,payamjo01
2024,MIL,Jake Bauers,1350000,Jake,Bauers,jake,bauers,bauerja01
2024,MIL,Aaron Ashby,1250000,Aaron,Ashby,aaron,ashby,ashbyaa01
2024,MIL,Joey Ortiz,1169163,Joey,Ortiz,joey,ortiz,ortizjo06
2024,MIL,Brice Turang,1116214,Brice,Turang,brice,turang,turanbr02
2024,MIL,Garrett Mitchell,999800,Garrett,Mitchell,garrett,mitchell,mitchga01
2024,MIL,Sal Frelick,979049,Sal,Frelick,sal,frelick,frelisa01
2024,MIL,Tobias Myers,893199,Tobias,Myers,tobias,myers,myersto01
2024,MIL,Blake Perkins,800000,Blake,Perkins,blake,perkins,perkibl01
2024,MIL,Trevor Megill,756600,Trevor,Megill,trevor,megill,megiltr01
2024,MIL,Andruw Monasterio,683774,Andruw,Monasterio,andruw,monasterio,monasan01
2024,MIL,D.L. Hall,668167,D.L.,Hall,dl,hall,halldl01
2024,MIL,Jared Koenig,624546,Jared,Koenig,jared,koenig,koenija01
2024,MIL,Eric Haase,560720,Eric,Haase,eric,haase,haaseer01
2024,MIL,Nick Mears,258048,Nick,Mears,nick,mears,mearsni01
2024,MIL,Isaac Collins,83538,Isaac,Collins,isaac,collins,colliis01
2024,MIL,Christian Yelich,22050000,Christian,Yelich,christian,yelich,yelicch01
2024,MIL,Wade Miley,7000000,Wade,Miley,wade,miley,mileywa01
2024,MIL,Brandon Woodruff,2500000,Brandon,Woodruff,brandon,woodruff,woodrbr01
2024,MIL,Bryse Wilson,1000000,Bryse,Wilson,bryse,wilson,wilsobr01
2024,MIL,J.B. Bukauskas,712062,J.B.,Bukauskas,jb,bukauskas,bukaujb01
2024,MIL,Robert Gasser,564876,Robert,Gasser,robert,gasser,gassero01
2024,MIL,Rob Zastryzny,365976,Rob,Zastryzny,rob,zastryzny,zastrro01
2024,MIL,Oliver Dunn,290394,Oliver,Dunn,oliver,dunn,dunnol01
2024,CHC,Cody Bellinger,27500000,Cody,Bellinger,cody,bellinger,bellico01
2024,CHC,Dansby Swanson,25000000,Dansby,Swanson,dansby,swanson,swansda01
2024,CHC,Ian Happ,20000000,Ian,Happ,ian,happ,happia01
2024,CHC,Seiya Suzuki,20000000,Seiya,Suzuki,seiya,suzuki,suzukse01
2024,CHC,Jameson Taillon,18000000,Jameson,Taillon,jameson,taillon,taillja01
2024,CHC,Kyle Hendricks,16500000,Kyle,Hendricks,kyle,hendricks,hendrky01
2024,CHC,Nico Hoerner,11500000,Nico,Hoerner,nico,hoerner,hoernni01
2024,CHC,Drew Smyly,10500000,Drew,Smyly,drew,smyly,smylydr01
2024,CHC,Shota Imanaga,10000000,Shota,Imanaga,shota,imanaga,imanash01
2024,CHC,Justin Steele,4000000,Justin,Steele,justin,steele,steelju01
2024,CHC,Patrick Wisdom,2725000,Patrick,Wisdom,patrick,wisdom,wisdopa01
2024,CHC,Mike Tauchman,1950000,Mike,Tauchman,mike,tauchman,tauchmi01
2024,CHC,Isaac Paredes,1169892,Isaac,Paredes,isaac,paredes,paredis01
2024,CHC,Michael Busch,1067223,Michael,Busch,michael,busch,buschmi02
2024,CHC,Pete Crow-Armstrong,930872,Pete,Crow-Armstrong,pete,crowarmstrong,crowape01
2024,CHC,Javier Assad,755000,Javier,Assad,javier,assad,assadja01
2024,CHC,Miguel Amaya,746500,Miguel,Amaya,miguel,amaya,amayami01
2024,CHC,Hayden Wesneski,636480,Hayden,Wesneski,hayden,wesneski,wesneha01
2024,CHC,Tyson Miller,548964,Tyson,Miller,tyson,miller,millety01
2024,CHC,Keegan Thompson,533052,Keegan,Thompson,keegan,thompson,thompke01
2024,CHC,Caleb Kilian,525492,Caleb,Kilian,caleb,kilian,kiliaca01
2024,CHC,Porter Hodge,489294,Porter,Hodge,porter,hodge,hodgepo01
2024,CHC,Ethan Roberts,343862,Ethan,Roberts,ethan,roberts,roberet01
2024,CHC,Nate Pearson,275264,Nate,Pearson,nate,pearson,pearsna01
2024,CHC,Christian Bethancourt,258570,Christian,Bethancourt,christian,bethancourt,bethach01
2024,CHC,Luis Vazquez,232052,Luis,Vazquez,luis,vazquez,vazqulu01
2024,CHC,Enoli Paredes,19890,Enoli,Paredes,enoli,paredes,pareden01
2024,CHC,Kevin Alcantara,15912,Kevin,Alcantara,kevin,alcantara,alcanke01
2024,CHC,Adbert Alzolay,2110000,Adbert,Alzolay,adbert,alzolay,alzolad01
2024,CHC,Yency Almonte,1900000,Yency,Almonte,yency,almonte,almonye01
2024,CHC,Nick Madrigal,1810000,Nick,Madrigal,nick,madrigal,madrini01
2024,CHC,Julian Merryweather,1175000,Julian,Merryweather,julian,merryweather,merryju01
2024,CHC,Jordan Wicks,741500,Jordan,Wicks,jordan,wicks,wicksjo01
2024,CHC,Ben Brown,732043,Ben,Brown,ben,brown,brownbe01
2024,CHC,Colten Brewer,656370,Colten,Brewer,colten,brewer,breweco01
2024,CHC,Luke Little,648903,Luke,Little,luke,little,littllu01
2024,CHC,Jorge Lopez,369954,Jorge,Lopez,jorge,lopez,lopezjo01
2024,CHC,Brennen Davis,63648,Brennen,Davis,brennen,davis,davisbr01
2024,STL,Paul Goldschmidt,26000000,Paul,Goldschmidt,paul,goldschmidt,goldspa01
2024,STL,Nolan Arenado,24000000,Nolan,Arenado,nolan,arenado,arenano01
2024,STL,Miles Mikolas,16000000,Miles,Mikolas,miles,mikolas,mikolmi01
2024,STL,Kyle Gibson,12000000,Kyle,Gibson,kyle,gibson,gibsoky01
2024,STL,Steven Matz,12000000,Steven,Matz,steven,matz,matzst01
2024,STL,Ryan Helsley,3800000,Ryan,Helsley,ryan,helsley,helslry01
2024,STL,Andrew Kittredge,2630000,Andrew,Kittredge,andrew,kittredge,kittran01
2024,STL,Erick Fedde,2500026,Erick,Fedde,erick,fedde,feddeer01
2024,STL,Masyn Winn,1202146,Masyn,Winn,masyn,winn,winnma01
2024,STL,Brendan Donovan,1181922,Brendan,Donovan,brendan,donovan,donovbr01
2024,STL,Andre Pallante,874908,Andre,Pallante,andre,pallante,pallaan01
2024,STL,Ivan Herrera,855704,Ivan,Herrera,ivan,herrera,herreiv01
2024,STL,Lars Nootbaar,761000,Lars,Nootbaar,lars,nootbaar,nootbla01
2024,STL,Alec Burleson,750050,Alec,Burleson,alec,burleson,burleal01
2024,STL,Matthew Liberatore,747200,Matthew,Liberatore,matthew,liberatore,liberma01
2024,STL,Mike Siani,741650,Mike,Siani,mike,siani,sianimi01
2024,STL,Matt Carpenter,740000,Matt,Carpenter,matt,carpenter,carpema01
2024,STL,Ryan Fernandez,740000,Ryan,Fernandez,ryan,fernandez,fernary01
2024,STL,Riley O'Brien,676770,Riley,O'Brien,riley,obrien,obrieri01
2024,STL,Pedro Pages,656370,Pedro,Pages,pedro,pages,pagespe01
2024,STL,Kyle Leahy,429624,Kyle,Leahy,kyle,leahy,leahyky01
2024,STL,Jose Fermin,377910,Jose,Fermin,jose,fermin,fermijo01
2024,STL,Jordan Walker,265254,Jordan,Walker,jordan,walker,walkejo02
2024,STL,Chris Roycroft,262548,Chris,Roycroft,chris,roycroft,roycrch01
2024,STL,Luken Baker,159120,Luken,Baker,luken,baker,bakerlu01
2024,STL,Thomas Saggese,75582,Thomas,Saggese,thomas,saggese,saggeth01
2024,STL,Michael McGreevy,47736,Michael,McGreevy,michael,mcgreevy,mcgremi01
2024,STL,Willson Contreras,18000000,Willson,Contreras,willson,contreras,contrwi02
2024,STL,Lance Lynn,10000000,Lance,Lynn,lance,lynn,lynnla01
2024,STL,Sonny Gray,10000000,Sonny,Gray,sonny,gray,grayso01
2024,STL,Keynan Middleton,5000000,Keynan,Middleton,keynan,middleton,middlke01
2024,STL,JoJo Romero,860000,JoJo,Romero,jojo,romero,romerjo01
2024,STL,Drew Rom,742200,Drew,Rom,drew,rom,romdr01
2024,CIN,Nick Martinez,14000000,Nick,Martinez,nick,martinez,martini02
2024,CIN,Emilio Pagan,8000000,Emilio,Pagan,emilio,pagan,paganem01
2024,CIN,Jonathan India,3800000,Jonathan,India,jonathan,india,indiajo01
2024,CIN,Hunter Greene,3529910,Hunter,Greene,hunter,greene,greenhu01
2024,CIN,Luke Maile,3000000,Luke,Maile,luke,maile,mailelu01
2024,CIN,Santiago Espinal,2725000,Santiago,Espinal,santiago,espinal,espinsa01
2024,CIN,Buck Farmer,2550000,Buck,Farmer,buck,farmer,farmebu01
2024,CIN,Tyler Stephenson,2525000,Tyler,Stephenson,tyler,stephenson,stephty01
2024,CIN,Brent Suter,2500000,Brent,Suter,brent,suter,suterbr01
2024,CIN,Jake Fraley,2150000,Jake,Fraley,jake,fraley,fraleja01
2024,CIN,Elly De La Cruz,1603210,Elly De La,Cruz,ellydela,cruz,cruzel01
2024,CIN,Justin Wilson,1500000,Justin,Wilson,justin,wilson,wilsoju01
2024,CIN,Jake Junis,1311805,Jake,Junis,jake,junis,junisja01
2024,CIN,Ty France,1000000,Ty,France,ty,france,francty01
2024,CIN,Ian Gibaut,760000,Ian,Gibaut,ian,gibaut,gibauia01
2024,CIN,Alexis Diaz,760000,Alexis,Diaz,alexis,diaz,diazal01
2024,CIN,Fernando Cruz,750000,Fernando,Cruz,fernando,cruz,cruzfe01
2024,CIN,Will Benson,750000,Will,Benson,will,benson,bensowi01
2024,CIN,Spencer Steer,750000,Spencer,Steer,spencer,steer,steersp01
2024,CIN,T.J. Friedl,750000,T.J.,Friedl,tj,friedl,friedtj01
2024,CIN,Carson Spiers,552942,Carson,Spiers,carson,spiers,spierca01
2024,CIN,Amed Rosario,500030,Amed,Rosario,amed,rosario,rosaram01
2024,CIN,Noelvi Marte,373932,Noelvi,Marte,noelvi,marte,marteno01
2024,CIN,Tony Santillan,310284,Tony,Santillan,tony,santillan,santito01
2024,CIN,Rece Hinds,202878,Rece,Hinds,rece,hinds,hindsre01
2024,CIN,Blake Dunn,179010,Blake,Dunn,blake,dunn,dunnbl01
2024,CIN,Rhett Lowder,119340,Rhett,Lowder,rhett,lowder,lowderh01
2024,CIN,Yosver Zulueta,115362,Yosver,Zulueta,yosver,zulueta,zulueyo01
2024,CIN,Jeimer Candelario,15000000,Jeimer,Candelario,jeimer,candelario,candeje01
2024,CIN,Austin Wynns,914332,Austin,Wynns,austin,wynns,wynnsau01
2024,CIN,Tejay Antone,830000,Tejay,Antone,tejay,antone,antonte01
2024,CIN,Nick Lodolo,760000,Nick,Lodolo,nick,lodolo,lodolni01
2024,CIN,Stuart Fairchild,750000,Stuart,Fairchild,stuart,fairchild,faircst01
2024,CIN,Brandon Williamson,742500,Brandon,Williamson,brandon,williamson,willibr01
2024,CIN,Matt McLain,742500,Matt,McLain,matt,mclain,mclaima01
2024,CIN,Andrew Abbott,742500,Andrew,Abbott,andrew,abbott,abbotan01
2024,CIN,Christian Encarnacion-Strand,740000,Christian,Encarnacion-Strand,christian,encarnacionstrand,encarch01
2024,CIN,Sam Moll,723222,Sam,Moll,sam,moll,mollsa01
2024,CIN,Christian Roa,163098,Christian,Roa,christian,roa,roach01
2024,CIN,Julian Aguiar,163098,Julian,Aguiar,julian,aguiar,aguiaju01
2024,PIT,Aroldis Chapman,10500000,Aroldis,Chapman,aroldis,chapman,chapmar01
2024,PIT,Bryan Reynolds,10050000,Bryan,Reynolds,bryan,reynolds,reynobr01
2024,PIT,Mitch Keller,7500000,Mitch,Keller,mitch,keller,kellemi01
2024,PIT,Andrew McCutchen,5000000,Andrew,McCutchen,andrew,mccutchen,mccutan01
2024,PIT,David Bednar,4510000,David,Bednar,david,bednar,bednada01
2024,PIT,Paul Skenes,2712955,Paul,Skenes,paul,skenes,skenepa01
2024,PIT,Yasmani Grandal,2500000,Yasmani,Grandal,yasmani,grandal,grandya01
2024,PIT,Connor Joe,2125000,Connor,Joe,connor,joe,joeco01
2024,PIT,Ryan Borucki,1600000,Ryan,Borucki,ryan,borucki,borucry01
2024,PIT,Oneil Cruz,1238928,Oneil,Cruz,oneil,cruz,cruzon01
2024,PIT,Luis Ortiz,993813,Luis,Ortiz,luis,ortiz,ortizlu01
2024,PIT,Bailey Falter,755000,Bailey,Falter,bailey,falter,falteba01
2024,PIT,Colin Holderman,755000,Colin,Holderman,colin,holderman,holdeco01
2024,PIT,Jared Triolo,745000,Jared,Triolo,jared,triolo,triolja01
2024,PIT,Nick Yorke,740000,Nick,Yorke,nick,yorke,yorkeni01
2024,PIT,Joey Bart,712062,Joey,Bart,joey,bart,bartjo01
2024,PIT,Carmen Mlodzinski,606869,Carmen,Mlodzinski,carmen,mlodzinski,mlodzca01
2024,PIT,Nick Gonzales,564876,Nick,Gonzales,nick,gonzales,gonzani01
2024,PIT,Jalen Beeks,549305,Jalen,Beeks,jalen,beeks,beeksja01
2024,PIT,Dennis Santana,429624,Dennis,Santana,dennis,santana,santade01
2024,PIT,Isiah Kiner-Falefa,250000,Isiah,Kiner-Falefa,isiah,kinerfalefa,kineris01
2024,PIT,Bryan De La Cruz,247740,Bryan De La,Cruz,bryandela,cruz,cruzbr01
2024,PIT,Joshua Palacios,202878,Joshua,Palacios,joshua,palacios,palacjo01
2024,PIT,Joey Wentz,96360,Joey,Wentz,joey,wentz,wentzjo01
2024,PIT,Billy Cook,83538,Billy,Cook,billy,cook,cookbi01
2024,PIT,Isaac Mattson,39780,Isaac,Mattson,isaac,mattson,mattsis01
2024,PIT,Liover Peguero,31824,Liover,Peguero,liover,peguero,pegueli01
2024,PIT,Michael Burrows,7956,Michael,Burrows,michael,burrows,burromi01
2024,PIT,Ke'Bryan Hayes,7000000,Ke'Bryan,Hayes,kebryan,hayes,hayeske01
2024,PIT,Marco Gonzales,3000000,Marco,Gonzales,marco,gonzales,gonzama01
2024,PIT,Johan Oviedo,765000,Johan,Oviedo,johan,oviedo,oviedjo01
2024,PIT,Dauri Moreta,755000,Dauri,Moreta,dauri,moreta,moretda01
2024,PIT,Endy Rodriguez,745000,Endy,Rodriguez,endy,rodriguez,rodrien01
2024,PIT,Hunter Stratton,704880,Hunter,Stratton,hunter,stratton,strathu01
2024,PIT,Kyle Nicolas,620568,Kyle,Nicolas,kyle,nicolas,nicolky01
2024,PIT,Daulton Jefferies,417690,Daulton,Jefferies,daulton,jefferies,jeffeda01
2024,PIT,Henry Davis,285349,Henry,Davis,henry,davis,davishe01
2024,PIT,Ben Heller,230724,Ben,Heller,ben,heller,hellebe01
2024,LAD,Yoshinobu Yamamoto,55000000,Yoshinobu,Yamamoto,yoshinobu,yamamoto,yamamyo01
2024,LAD,Will Smith,38550000,Will,Smith,will,smith,smithwi05
2024,LAD,Teoscar Hernandez,24500000,Teoscar,Hernandez,teoscar,hernandez,hernate01
2024,LAD,Mookie Betts,22000000,Mookie,Betts,mookie,betts,bettsmo01
2024,LAD,Freddie Freeman,20000000,Freddie,Freeman,freddie,freeman,freemfr01
2024,LAD,Chris Taylor,13000000,Chris,Taylor,chris,taylor,tayloch03
2024,LAD,Max Muncy,12000000,Max,Muncy,max,muncy,muncyma01
2024,LAD,Walker Buehler,8025000,Walker,Buehler,walker,buehler,buehlwa01
2024,LAD,Joe Kelly,8000000,Joe,Kelly,joe,kelly,kellyjo01
2024,LAD,Jack Flaherty,5166666,Jack,Flaherty,jack,flaherty,flaheja01
2024,LAD,Miguel Rojas,5000000,Miguel,Rojas,miguel,rojas,rojasmi02
2024,LAD,Ryan Brasier,4500000,Ryan,Brasier,ryan,brasier,brasiry01
2024,LAD,Enrique Hernandez,4000000,Enrique,Hernandez,enrique,hernandez,hernaen02
2024,LAD,Evan Phillips,4000000,Evan,Phillips,evan,phillips,phillev01
2024,LAD,Austin Barnes,3500000,Austin,Barnes,austin,barnes,barneau01
2024,LAD,Tommy Edman,2470968,Tommy,Edman,tommy,edman,edmanto01
2024,LAD,Daniel Hudson,2000000,Daniel,Hudson,daniel,hudson,hudsoda01
2024,LAD,Shohei Ohtani,2000000,Shohei,Ohtani,shohei,ohtani,ohtansh01
2024,LAD,Kevin Kiermaier,1840000,Kevin,Kiermaier,kevin,kiermaier,kiermke01
2024,LAD,Gavin Lux,1225000,Gavin,Lux,gavin,lux,luga01
2024,LAD,Michael Kopech,1016129,Michael,Kopech,michael,kopech,kopecmi01
2024,LAD,Blake Treinen,1000000,Blake,Treinen,blake,treinen,treinbl01
2024,LAD,Alex Vesia,1000000,Alex,Vesia,alex,vesia,vesiaal01
2024,LAD,Andy Pages,608634,Andy,Pages,andy,pages,pagesan01
2024,LAD,Anthony Banda,529074,Anthony,Banda,anthony,banda,bandaan01
2024,LAD,James Outman,335340,James,Outman,james,outman,outmaja01
2024,LAD,Landon Knack,294372,Landon,Knack,landon,knack,knackla01
2024,LAD,Edgardo Henriquez,19890,Edgardo,Henriquez,edgardo,henriquez,henried01
2024,LAD,Tyler Glasnow,25000000,Tyler,Glasnow,tyler,glasnow,glasnty01
2024,LAD,Clayton Kershaw,7500000,Clayton,Kershaw,clayton,kershaw,kershcl01
2024,LAD,Tony Gonsolin,5400000,Tony,Gonsolin,tony,gonsolin,gonsoto01
2024,LAD,Brusdar Graterol,2700000,Brusdar,Graterol,brusdar,graterol,gratebr01
2024,LAD,Dustin May,2135000,Dustin,May,dustin,may,maydu01
2024,LAD,Gavin Stone,1092522,Gavin,Stone,gavin,stone,stonega01
2024,LAD,Emmet Sheehan,750000,Emmet,Sheehan,emmet,sheehan,sheehem01
2024,LAD,Connor Brogdon,711834,Connor,Brogdon,connor,brogdon,brogdco01
2024,LAD,River Ryan,274482,River,Ryan,river,ryan,ryanri01
2024,LAD,Brent Honeywell,235200,Brent,Honeywell,brent,honeywell,honeybr01
2024,SD,Xander Bogaerts,25000000,Xander,Bogaerts,xander,bogaerts,bogaea01
2024,SD,Joe Musgrove,20000000,Joe,Musgrove,joe,musgrove,musgrjo01
2024,SD,Yu Darvish,15000000,Yu,Darvish,yu,darvish,darviyu01
2024,SD,Manny Machado,13000000,Manny,Machado,manny,machado,machama01
2024,SD,Robert Suarez,13000000,Robert,Suarez,robert,suarez,suarero01
2024,SD,Fernando Tatis Jr.,11000000,Fernando,Tatis,fernando,tatis,tatisfe02
2024,SD,Jake Cronenworth,9000000,Jake,Cronenworth,jake,cronenworth,croneja01
2024,SD,Dylan Cease,8000000,Dylan,Cease,dylan,cease,ceasedy01
2024,SD,Wandy Peralta,3350000,Wandy,Peralta,wandy,peralta,peralwa01
2024,SD,Yuki Matsui,3250000,Yuki,Matsui,yuki,matsui,matsuyu01
2024,SD,Michael King,3150000,Michael,King,michael,king,kingmi01
2024,SD,Jurickson Profar,2500000,Jurickson,Profar,jurickson,profar,profaju01
2024,SD,Kyle Higashioka,2180000,Kyle,Higashioka,kyle,higashioka,higasky01
2024,SD,Jackson Merrill,1931534,Jackson,Merrill,jackson,merrill,merrija01
2024,SD,Tanner Scott,1838700,Tanner,Scott,tanner,scott,scottta01
2024,SD,Martin Perez,1333333,Martin,Perez,martin,perez,perezma01
2024,SD,Adrian Morejon,850000,Adrian,Morejon,adrian,morejon,morejad01
2024,SD,Tyler Wade,850000,Tyler,Wade,tyler,wade,wadety01
2024,SD,Donovan Solano,790322,Donovan,Solano,donovan,solano,solando01
2024,SD,David Peralta,698924,David,Peralta,david,peralta,peralda01
2024,SD,Jeremiah Estrada,620568,Jeremiah,Estrada,jeremiah,estrada,estraje01
2024,SD,Matt Waldron,594212,Matt,Waldron,matt,waldron,waldrma01
2024,SD,Luis Arraez,592796,Luis,Arraez,luis,arraez,arraelu01
2024,SD,Bryan Hoeing,250170,Bryan,Hoeing,bryan,hoeing,hoeinbr01
2024,SD,Elias Diaz,150537,Elias,Diaz,elias,diaz,diazel01
2024,SD,Brandon Lockridge,71604,Brandon,Lockridge,brandon,lockridge,lockrbr01
2024,SD,Nick Ahmed,37632,Nick,Ahmed,nick,ahmed,ahmedni01
2024,SD,Ha-seong Kim,7000000,Ha-seong,Kim,haseong,kim,kimha01
2024,SD,Luis Patino,749400,Luis,Patino,luis,patino,patinlu01
2024,SD,Stephen Kolek,740000,Stephen,Kolek,stephen,kolek,kolekst01
2024,SD,Jhony Brito,389844,Jhony,Brito,jhony,brito,britojh01
2024,SD,Mason McCoy,155142,Mason,McCoy,mason,mccoy,mccoyma01
2024,ARI,Jordan Montgomery,25000000,Jordan,Montgomery,jordan,montgomery,montgjo01
2024,ARI,Eduardo Rodriguez,14000000,Eduardo,Rodriguez,eduardo,rodriguez,rodried01
2024,ARI,Ketel Marte,13000000,Ketel,Marte,ketel,marte,marteke01
2024,ARI,Eugenio Suarez,11000000,Eugenio,Suarez,eugenio,suarez,suareeu01
2024,ARI,Christian Walker,10900000,Christian,Walker,christian,walker,walkech02
2024,ARI,Zac Gallen,10011000,Zac,Gallen,zac,gallen,galleza01
2024,ARI,Lourdes Gurriel Jr.,10000000,Lourdes,Gurriel,lourdes,gurriel,gurrilo01
2024,ARI,Joc Pederson,9500000,Joc,Pederson,joc,pederson,pederjo01
2024,ARI,Merrill Kelly,8000000,Merrill,Kelly,merrill,kelly,kellyme01
2024,ARI,Corbin Carroll,3535533,Corbin,Carroll,corbin,carroll,carroco02
2024,ARI,Scott McGough,3000000,Scott,McGough,scott,mcgough,mcgousc01
2024,ARI,Josh Bell,2250000,Josh,Bell,josh,bell,belljo02
2024,ARI,Randal Grichuk,1500000,Randal,Grichuk,randal,grichuk,grichra01
2024,ARI,Ryan Thompson,1350000,Ryan,Thompson,ryan,thompson,thompry01
2024,ARI,Kevin Ginkel,1225000,Kevin,Ginkel,kevin,ginkel,ginkeke01
2024,ARI,Jake McCarthy,1180638,Jake,McCarthy,jake,mccarthy,mccarja02
2024,ARI,Gabriel Moreno,1113259,Gabriel,Moreno,gabriel,moreno,morenga01
2024,ARI,Geraldo Perdomo,1063498,Geraldo,Perdomo,geraldo,perdomo,perdoge01
2024,ARI,Ryne Nelson,1038861,Ryne,Nelson,ryne,nelson,nelsory01
2024,ARI,Brandon Pfaadt,1026183,Brandon,Pfaadt,brandon,pfaadt,pfaadbr01
2024,ARI,Kevin Newman,946237,Kevin,Newman,kevin,newman,newmake01
2024,ARI,Joe Mantiply,925000,Joe,Mantiply,joe,mantiply,mantijo01
2024,ARI,Justin Martinez,754050,Justin,Martinez,justin,martinez,martiju01
2024,ARI,A.J. Puk,638710,A.J.,Puk,aj,puk,pukaj01
2024,ARI,Alek Thomas,591591,Alek,Thomas,alek,thomas,thomaal01
2024,ARI,Pavin Smith,516096,Pavin,Smith,pavin,smith,smithpa04
2024,ARI,Jose Herrera,397800,Jose,Herrera,jose,herrera,herrejo01
2024,ARI,Brandon Hughes,167076,Brandon,Hughes,brandon,hughes,hughebr01
2024,ARI,Paul Sewald,7350000,Paul,Sewald,paul,sewald,sewalpa01
2024,ARI,Kyle Nelson,757300,Kyle,Nelson,kyle,nelson,nelsoky01
2024,ARI,Drey Jameson,749700,Drey,Jameson,drey,jameson,jamesdr01
2024,ARI,Bryce Jarvis,743600,Bryce,Jarvis,bryce,jarvis,jarvibr01
2024,SF,Blake Snell,32000000,Blake,Snell,blake,snell,snellbl01
2024,SF,Michael Conforto,18000000,Michael,Conforto,michael,conforto,confomi01
2024,SF,Matt Chapman,18000000,Matt,Chapman,matt,chapman,chapmma01
2024,SF,Taylor Rogers,12000000,Taylor,Rogers,taylor,rogers,rogerta01
2024,SF,Logan Webb,8000000,Logan,Webb,logan,webb,webblo01
2024,SF,Mike Yastrzemski,7900000,Mike,Yastrzemski,mike,yastrzemski,yastrmi01
2024,SF,LaMonte Wade Jr.,3500000,LaMonte,Wade,lamonte,wade,wadela01
2024,SF,Tyler Rogers,3200000,Tyler,Rogers,tyler,rogers,rogerty01
2024,SF,Patrick Bailey,1218542,Patrick,Bailey,patrick,bailey,bailepa01
2024,SF,Ryan Walker,1129815,Ryan,Walker,ryan,walker,walkery01
2024,SF,Tyler Fitzgerald,1047813,Tyler,Fitzgerald,tyler,fitzgerald,fitzgty01
2024,SF,Curt Casali,1000000,Curt,Casali,curt,casali,casalcu01
2024,SF,Heliot Ramos,887540,Heliot,Ramos,heliot,ramos,ramoshe02
2024,SF,Tristan Beck,747500,Tristan,Beck,tristan,beck,becktr01
2024,SF,Sean Hjelle,743750,Sean,Hjelle,sean,hjelle,hjellse01
2024,SF,Erik Miller,740000,Erik,Miller,erik,miller,milleer01
2024,SF,Camilo Doval,707940,Camilo,Doval,camilo,doval,dovalca01
2024,SF,Randy Rodriguez,580788,Randy,Rodriguez,randy,rodriguez,rodrira01
2024,SF,Austin Warren,523611,Austin,Warren,austin,warren,warreau01
2024,SF,Brett Wisely,517140,Brett,Wisely,brett,wisely,wiselbr01
2024,SF,Hayden Birdsong,326196,Hayden,Birdsong,hayden,birdsong,birdsha01
2024,SF,Spencer Bivens,298350,Spencer,Bivens,spencer,bivens,bivensp01
2024,SF,Casey Schmitt,286416,Casey,Schmitt,casey,schmitt,schmica01
2024,SF,Luis Matos,278460,Luis,Matos,luis,matos,matoslu01
2024,SF,Jerar Encarnacion,230724,Jerar,Encarnacion,jerar,encarnacion,encarje01
2024,SF,Grant McCray,182988,Grant,McCray,grant,mccray,mccragr01
2024,SF,Donnie Walton,63648,Donnie,Walton,donnie,walton,waltodo01
2024,SF,Trevor McDonald,3978,Trevor,McDonald,trevor,mcdonald,mcdontr01
2024,SF,Robbie Ray,23000000,Robbie,Ray,robbie,ray,rayro01
2024,SF,Jung-hoo Lee,12000000,Jung-hoo,Lee,junghoo,lee,leeju01
2024,SF,Jordan Hicks,8083333,Jordan,Hicks,jordan,hicks,hicksjo01
2024,SF,Wilmer Flores,6500000,Wilmer,Flores,wilmer,flores,florewi01
2024,SF,Tom Murphy,4000000,Tom,Murphy,tom,murphy,murphto04
2024,SF,Mark Canha,3709680,Mark,Canha,mark,canha,canhama01
2024,SF,Keaton Winn,743750,Keaton,Winn,keaton,winn,winnke01
2024,SF,Kyle Harrison,743750,Kyle,Harrison,kyle,harrison,harriky01
2024,COL,Kyle Freeland,15000000,Kyle,Freeland,kyle,freeland,freelky01
2024,COL,Charlie Blackmon,14500000,Charlie,Blackmon,charlie,blackmon,blackch02
2024,COL,Antonio Senzatela,12000000,Antonio,Senzatela,antonio,senzatela,senzaan01
2024,COL,Ryan McMahon,12000000,Ryan,McMahon,ryan,mcmahon,mcmahry01
2024,COL,Cal Quantrill,6550000,Cal,Quantrill,cal,quantrill,quantca01
2024,COL,Ezequiel Tovar,3485706,Ezequiel,Tovar,ezequiel,tovar,tovarez01
2024,COL,Brendan Rodgers,3200000,Brendan,Rodgers,brendan,rodgers,rodgebr02
2024,COL,Austin Gomber,3150000,Austin,Gomber,austin,gomber,gombeau01
2024,COL,Jacob Stallings,1500000,Jacob,Stallings,jacob,stallings,stallja01
2024,COL,Brenton Doyle,1226750,Brenton,Doyle,brenton,doyle,doylebr02
2024,COL,Jake Cave,1000000,Jake,Cave,jake,cave,caveja01
2024,COL,Ryan Feltner,986935,Ryan,Feltner,ryan,feltner,feltnry01
2024,COL,Sam Hilliard,800000,Sam,Hilliard,sam,hilliard,hillisa01
2024,COL,Nolan Jones,745000,Nolan,Jones,nolan,jones,jonesno01
2024,COL,Justin Lawrence,745000,Justin,Lawrence,justin,lawrence,lawreju01
2024,COL,Victor Vodnik,742000,Victor,Vodnik,victor,vodnik,vodnivi01
2024,COL,Anthony Molina,740000,Anthony,Molina,anthony,molina,molinan01
2024,COL,Michael Toglia,574416,Michael,Toglia,michael,toglia,toglimi01
2024,COL,Jordan Beck,572832,Jordan,Beck,jordan,beck,beckjo01
2024,COL,Hunter Goodman,572832,Hunter,Goodman,hunter,goodman,goodmhu01
2024,COL,Jake Bird,568710,Jake,Bird,jake,bird,birdja01
2024,COL,Aaron Schunk,369954,Aaron,Schunk,aaron,schunk,schunaa01
2024,COL,Angel Chivilli,310284,Angel,Chivilli,angel,chivilli,chivian01
2024,COL,Drew Romo,175032,Drew,Romo,drew,romo,romodr01
2024,COL,Jeff Criswell,155142,Jeff,Criswell,jeff,criswell,criswje01
2024,COL,Luis Peralta,147186,Luis,Peralta,luis,peralta,perallu01
2024,COL,Seth Halvorsen,119340,Seth,Halvorsen,seth,halvorsen,halvose01
2024,COL,Jaden Hill,95472,Jaden,Hill,jaden,hill,hillja01
2024,COL,Kris Bryant,27000000,Kris,Bryant,kris,bryant,bryankr01
2024,COL,German Marquez,10000000,German,Marquez,german,marquez,marquge01
2024,COL,Daniel Bard,9500000,Daniel,Bard,daniel,bard,bardda01
2024,COL,Dakota Hudson,1500000,Dakota,Hudson,dakota,hudson,hudsoda01
2024,COL,Tyler Kinley,1300000,Tyler,Kinley,tyler,kinley,kinlety01
2024,COL,Lucas Gilbreath,760000,Lucas,Gilbreath,lucas,gilbreath,gilbrlu01
